manufacturer,part_number,description,total_order_value_cny,total_order_value_eur,family_members_sharing_this_image,search_google_images
SIEMENS,6AV7474-5DB01-0BK0,6AV7474-5DB01-0BK0 Bedienfeld,3935044.32,525305.52,0,https://www.google.com/search?tbm=isch&q=SIEMENS+6AV7474-5DB01-0BK0
FEE,1297490,Rohbau-Stationsschrank +H111_8ROB+RES,0,340066.51,0,https://www.google.com/search?tbm=isch&q=FEE+1297490
FEE,1309685,Ausbaustufe +H111_8ROB+6RES,2154916.0,0,0,https://www.google.com/search?tbm=isch&q=FEE+1309685
SIEMENS,6AV7474-5DB12-0BK0,6AV7474-5DB12-0BK0 Bedienfeld,1930698.84,302738.81,0,https://www.google.com/search?tbm=isch&q=SIEMENS+6AV7474-5DB12-0BK0
CYTEC,300-0501,STP-090-4-SCOPE cylinder,0,198322.96,0,https://www.google.com/search?tbm=isch&q=CYTEC+300-0501
DESTACO,82M-3E030063K8AMS25,82M-3E030063K8AMS25 power clamp 120°,1527176.56,0,0,https://www.google.com/search?tbm=isch&q=DESTACO+82M-3E030063K8AMS25
SIEMENS,6AV7265-3AB02-0BK0,6AV7265-3AB02-0BK0 Steuerschrank,1369201.24,103390.91,0,https://www.google.com/search?tbm=isch&q=SIEMENS+6AV7265-3AB02-0BK0
SCHMALZ,10.02.02.06406,SCP 25 NO FS RP VD compact ejector,1180590.31,0,0,https://www.google.com/search?tbm=isch&q=SCHMALZ+10.02.02.06406
DESTACO,82M-3E030063L8,82M-3E030063L8 POWER CLAMP,1150148.24,0,0,https://www.google.com/search?tbm=isch&q=DESTACO+82M-3E030063L8
SMC,RIP-MB-IW5-DDFM-1.0,RIP-MB-IW5-DDFM-1.0,1141356.0,0,0,https://www.google.com/search?tbm=isch&q=SMC+RIP-MB-IW5-DDFM-1.0
FEE,1309686,Ausbaustufe +H111_12ROB+2RES,1091388.48,0,0,https://www.google.com/search?tbm=isch&q=FEE+1309686
WEBER,SCHRAUBSYSTEM RSF30 L,Schraubsystem RSF30 L,0,128045.74,0,https://www.google.com/search?tbm=isch&q=WEBER+SCHRAUBSYSTEM+RSF30+L
DESTACO,82M-3E030040K8AMS25,82M-3E030040K8AMS25 clamp 135°,1039360.68,0,1,https://www.google.com/search?tbm=isch&q=DESTACO+82M-3E030040K8AMS25
CYTEC,300-0500,STP-090-4 CyTrac-Spannverriegelungseinh.,0,114708.0,0,https://www.google.com/search?tbm=isch&q=CYTEC+300-0500
IFM,ZZ0432,ZZ0432 SUCTION SYSTEM FOR COOLING WATER,944132.03,0,0,https://www.google.com/search?tbm=isch&q=IFM+ZZ0432
VITRONIC,VITRONIC SYSTEM,Vitronic system,0,106066.4,0,https://www.google.com/search?tbm=isch&q=VITRONIC+VITRONIC+SYSTEM
BECKHOFF,215577,C9900-M800 Industrial PC components key,883406.31,0,0,https://www.google.com/search?tbm=isch&q=BECKHOFF+215577
FESTO,51EF33GCQPNMKBNMKBSGS2GZ/45PN,valve terminal VTSA-F art.no.547965,869522.62,0,2,https://www.google.com/search?tbm=isch&q=FESTO+51EF33GCQPNMKBNMKBSGS2GZ/45PN
DESTACO,82M-3E030063L8-B,82M-3E030063L8-B Cylinder,815849.26,0,0,https://www.google.com/search?tbm=isch&q=DESTACO+82M-3E030063L8-B
SIEMENS,6AV7100-0AE11-0CC1,6AV7100-0AE11-0CC1,813066.04,0,0,https://www.google.com/search?tbm=isch&q=SIEMENS+6AV7100-0AE11-0CC1
MURRELEKTRONIK,55562,Safety Eingangsm. MVK Metall ProfiNet,798504.16,0,0,https://www.google.com/search?tbm=isch&q=MURRELEKTRONIK+55562
WEIDMUELLER,1012170000,IE-PS-V14M-RJ45-FH-P Conectores RJ45,791460.8,11250.3,0,https://www.google.com/search?tbm=isch&q=WEIDMUELLER+1012170000
DESTACO,82M-3E030040L8,82M-3E030040L8 POWER CLAMP,769590.32,0,0,https://www.google.com/search?tbm=isch&q=DESTACO+82M-3E030040L8
VARIOUS,3*300*7000,3*300*7000 White curtain,763200.02,0,0,https://www.google.com/search?tbm=isch&q=VARIOUS+3*300*7000
VARIOUS,LL120XLED70L1500NWPSU5WB,LL120XLED70 L1500 NW PSU 5 WB PHILIPP,759288.0,0,0,https://www.google.com/search?tbm=isch&q=VARIOUS+LL120XLED70L1500NWPSU5WB
FEE,1309681,Ausbaustufe +H011_41_5_2_400A,737814.69,0,0,https://www.google.com/search?tbm=isch&q=FEE+1309681
FEE,1297491,Rohbau H111_12 ROB+2RES BH 600x2200,0,85716.74,0,https://www.google.com/search?tbm=isch&q=FEE+1297491
RITTAL,9665.009,Light power cabinet，ISV cabinet-850,722869.75,0,0,https://www.google.com/search?tbm=isch&q=RITTAL+9665.009
WEIDMUELLER,1547490000,"Potentialsammelblock, 16-50mm²",0,84550.5,0,https://www.google.com/search?tbm=isch&q=WEIDMUELLER+1547490000
CYTEC,STP-090-1,STP-090-1 Kegelflansch,0,83804.16,5,https://www.google.com/search?tbm=isch&q=CYTEC+STP-090-1
DESTACO,82P50-732B8B0310,82P50-732B8B0310 cylinder,703404.11,0,10,https://www.google.com/search?tbm=isch&q=DESTACO+82P50-732B8B0310
FESTO,51EF33GCQPNMKBNMKBNMKBSGS2GZ,valve terminal VTSA-F art.no.547965,688097.43,0,1,https://www.google.com/search?tbm=isch&q=FESTO+51EF33GCQPNMKBNMKBNMKBSGS2GZ
VARIOUS,EGT245,EGT245 Flat connector SW80 short,684278.47,0,0,https://www.google.com/search?tbm=isch&q=VARIOUS+EGT245
SICK,1113222,C4C-EC12030A10000 1200mm receiving end,677520.8,0,0,https://www.google.com/search?tbm=isch&q=SICK+1113222
NORGREN,SCVA081BB0E02400,SCVA081BB0E02400（B833201426164） valve,0,76478.24,0,https://www.google.com/search?tbm=isch&q=NORGREN+SCVA081BB0E02400
WALTHER,157205,1-91496-0-LT803-AAAA-Y20-AJ-FL flange,0,75021.5,0,https://www.google.com/search?tbm=isch&q=WALTHER+157205
SCHMALZ,10.02.02.03334,SMPi 25 IMP RD M12-8-PT SO ejector comp.,622200.0,0,0,https://www.google.com/search?tbm=isch&q=SCHMALZ+10.02.02.03334
PARKER,837PU-8-BLU-RL,837PU-8-BLU-RL Hybrid Push-Lok tube,621452.5,0,0,https://www.google.com/search?tbm=isch&q=PARKER+837PU-8-BLU-RL
STÄUBLI,100 057 670,100 057 670  Electric quick plug,618207.0,0,3,https://www.google.com/search?tbm=isch&q=STÄUBLI+100+057+670
RITTAL,SV1000-8006V5-FFT,SV1000-8006V5-FFT,612165.68,0,0,https://www.google.com/search?tbm=isch&q=RITTAL+SV1000-8006V5-FFT
FEE,1291266,H011_41+5_2_400A 1291266 cabinet,0,70862.42,0,https://www.google.com/search?tbm=isch&q=FEE+1291266
FEE,1291272,H001_16 NH+4RES US 1291272 cabinet,0,70091.29,0,https://www.google.com/search?tbm=isch&q=FEE+1291272
TUCKER,M108972,SMB147.00.01 current collector M108972,594866.45,0,0,https://www.google.com/search?tbm=isch&q=TUCKER+M108972
VARIOUS,Q03020001 QC42-P01,Q03020001 QC42-P01 Connector Qiaotian,592307.87,0,0,https://www.google.com/search?tbm=isch&q=VARIOUS+Q03020001+QC42-P01
SMC,CVQM400000004WP0EBL,C-VQM4-00000004WP0-EBL valve island,576596.0,0,0,https://www.google.com/search?tbm=isch&q=SMC+CVQM400000004WP0EBL
SEW EURODRIVE,MTF11A040-503-E20A-18/S11B,MTF11A040-503-E20A-18/S11B 4KW Movifit,570914.19,0,0,https://www.google.com/search?tbm=isch&q=SEW+EURODRIVE+MTF11A040-503-E20A-18/S11B
WEIDMUELLER,1253240000,IE-CDR-V14MSCPOF/VAPM-C repeater modul,567079.2,1961.4,0,https://www.google.com/search?tbm=isch&q=WEIDMUELLER+1253240000
SIEMENS,6AV2124-0QC24-0BX0,6AV2124-0QC24-0BX0 SIMATIC HMI TP1500,564121.13,0,0,https://www.google.com/search?tbm=isch&q=SIEMENS+6AV2124-0QC24-0BX0
VARIOUS,YJVR-120MM2,YJVR-120MM2 Black single core Qifan,559910.0,0,0,https://www.google.com/search?tbm=isch&q=VARIOUS+YJVR-120MM2
MENNEKES,AMAXX 930013,AMAXX 930013 maintance socket,556525.27,0,0,https://www.google.com/search?tbm=isch&q=MENNEKES+AMAXX+930013
PHOENIX,1388722,FL FOC PN-B-C-980/1000 fiber,550000.0,0,0,https://www.google.com/search?tbm=isch&q=PHOENIX+1388722
FESTO,561704,PUN-V0-10x2-BL-C Kunststoffschlauch,528567.58,0,0,https://www.google.com/search?tbm=isch&q=FESTO+561704
RITTAL,8806.998,"TS8806.998 CABINET VW, W=800mm D=600mm",516095.03,0,0,https://www.google.com/search?tbm=isch&q=RITTAL+8806.998
FESTO,561700,PUN-V0-10X2-SW-C Plastic tubing,512698.13,0,0,https://www.google.com/search?tbm=isch&q=FESTO+561700
HIRSCHMANN,OS20-002000T5T5T5,OS20-002000T5T5T5,508930.89,0,0,https://www.google.com/search?tbm=isch&q=HIRSCHMANN+OS20-002000T5T5T5
VARIOUS,Q03020002 QC42-P01,Q03020002 QC42-P01 Connector Qiaotian,508532.64,0,0,https://www.google.com/search?tbm=isch&q=VARIOUS+Q03020002+QC42-P01
WEIDMUELLER,2566421600,Verbindungsleitung 6-pol. 16m,507815.45,3472.78,0,https://www.google.com/search?tbm=isch&q=WEIDMUELLER+2566421600
SIEMENS,6AV7424-7GA03-0AS0,operator station OEM TP1900 PRO,499789.5,0,0,https://www.google.com/search?tbm=isch&q=SIEMENS+6AV7424-7GA03-0AS0
SCHMALZ,10.02.02.04442,SMPi 20 IMP RD M12-8-PT SO,491369.45,0,0,https://www.google.com/search?tbm=isch&q=SCHMALZ+10.02.02.04442
STÄUBLI,100048094,100048094  Male Gas,482040.0,0,0,https://www.google.com/search?tbm=isch&q=STÄUBLI+100048094
TÜNKERS,14816000,K 63_UZB_1A18_45_T12 Cylinder,481900.0,0,1,https://www.google.com/search?tbm=isch&q=TÜNKERS+14816000
FEE,1309675,1309675 H001_16 NH+4RES US,475868.09,0,0,https://www.google.com/search?tbm=isch&q=FEE+1309675
SCHMALZ,FQE-XC-220X80-AH-24-A-4-E-3,FQE-XC-220x80-AH-24-A-4-E-3 Sponge sucke,469837.36,0,0,https://www.google.com/search?tbm=isch&q=SCHMALZ+FQE-XC-220X80-AH-24-A-4-E-3
SICK,1113245,C4C-SC12030A10000 1200mm transmitter,463361.8,0,0,https://www.google.com/search?tbm=isch&q=SICK+1113245
WEIDMUELLER,2566441600,Verbindungsleitung 19-pol. 16m,459415.29,3961.97,0,https://www.google.com/search?tbm=isch&q=WEIDMUELLER+2566441600
SIEMENS,6AV3688-5DA76-0BK0,6AV3688-5DA76-0BK0 Bedienfeld,455000.42,30852.0,0,https://www.google.com/search?tbm=isch&q=SIEMENS+6AV3688-5DA76-0BK0
SEW EURODRIVE,A0000 0008 E0B4 73,A0000 0008 E0B4 73  Product key,454745.39,0,0,https://www.google.com/search?tbm=isch&q=SEW+EURODRIVE+A0000+0008+E0B4+73
FESTO,23364231,CN_CS.3153230 connector,454300.0,0,0,https://www.google.com/search?tbm=isch&q=FESTO+23364231
TÜNKERS,13764000,13764000 SZ 50 UZ-LB 1B19-19x16 SPANNER,450604.0,0,1,https://www.google.com/search?tbm=isch&q=TÜNKERS+13764000
ROLLON,DSS43-1410,DSS43-1410 Teleskopschiene,443910.1,0,2,https://www.google.com/search?tbm=isch&q=ROLLON+DSS43-1410
MORGAN REKOFA,5019575,F 5812 BX Schleifringübertrager,0,52000.02,0,https://www.google.com/search?tbm=isch&q=MORGAN+REKOFA+5019575
FESTO,51EF34GCQWNMKBQNNMKBNGKAQFS**,Valve island,436889.04,0,0,https://www.google.com/search?tbm=isch&q=FESTO+51EF34GCQWNMKBQNNMKBNGKAQFS**
FESTO,51ENLKANMKBNMKBNMKBF34GCQWS/45P**,valve terminal VTSA-F art.no.547965,436676.24,0,0,https://www.google.com/search?tbm=isch&q=FESTO+51ENLKANMKBNMKBNMKBF34GCQWS/45P**
VARIOUS,NFC-FLEX110 4G35,NFC-FLEX110 4G35 Cable,431060.0,0,0,https://www.google.com/search?tbm=isch&q=VARIOUS+NFC-FLEX110+4G35
FESTO,23460046,I/O-Modul - LWL-Safety,426300.0,0,0,https://www.google.com/search?tbm=isch&q=FESTO+23460046
VARIOUS,K4N015379,K4N015379 MOBILE PLATE STAEUBLI,424059.84,0,0,https://www.google.com/search?tbm=isch&q=VARIOUS+K4N015379
LAPP,3904114,BS 502 XLPE/PVC 1X185BK cable,423027.0,0,0,https://www.google.com/search?tbm=isch&q=LAPP+3904114
VARIOUS,DC63VA90S12,DC63VA90S12,421680.35,0,0,https://www.google.com/search?tbm=isch&q=VARIOUS+DC63VA90S12
DESTACO,82M-3E030050L8,82M-3E030050L8 POWER CLAMP,420294.53,0,0,https://www.google.com/search?tbm=isch&q=DESTACO+82M-3E030050L8
PHOENIX,1130840,VS-IP20-96A-LI/500-CN Cable,418000.0,0,0,https://www.google.com/search?tbm=isch&q=PHOENIX+1130840
FEE,1291264,Rohbau-Anl.-einsp.schr.+H011_24_3_1_250A,0,48865.04,0,https://www.google.com/search?tbm=isch&q=FEE+1291264
SICK,1211510,Sicherheits-Lichtvorh.deTec4 Core Empf.,410230.73,0,0,https://www.google.com/search?tbm=isch&q=SICK+1211510
GSEE,GXPI-DI8DO8,GXPI-DI8DO8 Modular,407920.8,0,0,https://www.google.com/search?tbm=isch&q=GSEE+GXPI-DI8DO8
DESTACO,82M-3E030050K8AMS25,82M-3E030050K8AMS25 clamp 120°,405266.72,0,0,https://www.google.com/search?tbm=isch&q=DESTACO+82M-3E030050K8AMS25
PHOENIX,1098045,VS-IP-IP-96C,402675.0,0,0,https://www.google.com/search?tbm=isch&q=PHOENIX+1098045
SIEMENS,6AV2124-0MC01-0AX0,Simatic HMI TP1200 Comfort Panel,397712.62,0,0,https://www.google.com/search?tbm=isch&q=SIEMENS+6AV2124-0MC01-0AX0
LUETZE,381219F0000,Montagerahmen für Antriebsschrank 600mm,394676.2,0,0,https://www.google.com/search?tbm=isch&q=LUETZE+381219F0000
BALLUFF,BAV001U,"Bedienpult IO-Link,  4 Leuchtdrucktaster",391588.84,0,0,https://www.google.com/search?tbm=isch&q=BALLUFF+BAV001U
SIEMENS,6AV7264-3AF00-0BK0,Daimler IW5 Nachrüstkit Klimagerät,388222.38,55800.0,0,https://www.google.com/search?tbm=isch&q=SIEMENS+6AV7264-3AF00-0BK0
SEW EURODRIVE,8279837,"Umrichter 41,4A,   22,00kW",387452.82,0,0,https://www.google.com/search?tbm=isch&q=SEW+EURODRIVE+8279837
SIEMENS,6AV3688-5DA32-0BK0,Siemens Hand vor Ort Pult 67,378282.0,52069.5,0,https://www.google.com/search?tbm=isch&q=SIEMENS+6AV3688-5DA32-0BK0
WALTHER,157329,Einzelablage vertikal H=1740mm,0,44175.7,0,https://www.google.com/search?tbm=isch&q=WALTHER+157329
DESTACO,82M-4E030063L8-2A10-25,82M-4E030063L8-2A10-25 Clamp,371925.0,0,8,https://www.google.com/search?tbm=isch&q=DESTACO+82M-4E030063L8-2A10-25
SIEMENS,6AV2104-0FA07-0AA0,6AV2104-0FA07-0AA0,371432.55,0,0,https://www.google.com/search?tbm=isch&q=SIEMENS+6AV2104-0FA07-0AA0
PARKER,37C82-15-8B_,37C82-15-8B connector,369712.8,0,1,https://www.google.com/search?tbm=isch&q=PARKER+37C82-15-8B_
VARIOUS,NFC-FLEX 111 1X240,NFC-FLEX 111 1x240 Cable,365410.5,0,0,https://www.google.com/search?tbm=isch&q=VARIOUS+NFC-FLEX+111+1X240
LEUZE,RSL410-L/CU408-M12,RSL410-L/CU408-M12,364867.21,0,0,https://www.google.com/search?tbm=isch&q=LEUZE+RSL410-L/CU408-M12
TURCK,1635240,Bi5U-MT18-AP6X-H1141 sensor inductive,360670.75,0,0,https://www.google.com/search?tbm=isch&q=TURCK+1635240
DESTACO,82M-3E230080L8,82M-3E230080L8 clamp,360309.0,0,0,https://www.google.com/search?tbm=isch&q=DESTACO+82M-3E230080L8
GSEE,GRH-K95,GRH-K95 Head reader,357450.5,0,0,https://www.google.com/search?tbm=isch&q=GSEE+GRH-K95
BECKER,4.950.0064-9.0,"4.950.0064-9.0 Bodenkabelsatz L=9,0m",0,41701.05,3,https://www.google.com/search?tbm=isch&q=BECKER+4.950.0064-9.0
WENGLOR,P1NH804,P1NH804 Switch,352269.0,0,0,https://www.google.com/search?tbm=isch&q=WENGLOR+P1NH804
BECKHOFF,215588,C9900-M804 Industrial PC components,351545.4,0,0,https://www.google.com/search?tbm=isch&q=BECKHOFF+215588
SIEMENS,6AV72653AC020BK0,6AV7265-3AC02-0BK0 INTEGRA SPS SCHRANK,0,41323.5,0,https://www.google.com/search?tbm=isch&q=SIEMENS+6AV72653AC020BK0
WALTHER,153610,QGNSLP-1-91390-0-LT003-AAAA-Y01-AA Multi,0,41277.03,0,https://www.google.com/search?tbm=isch&q=WALTHER+153610
PRIMES,410-050-030,PowerMeasuringModule PMM für PROFINET CU,0,41157.43,1,https://www.google.com/search?tbm=isch&q=PRIMES+410-050-030
RITTAL,8106239--BP-FFT1000W,8106239--BP-FFT1000W  CABINET,349212.77,0,0,https://www.google.com/search?tbm=isch&q=RITTAL+8106239--BP-FFT1000W
TÜNKERS,SZK 40 T12 40,SZK 40 T12 stroke 40 Pin Packages,340929.71,0,0,https://www.google.com/search?tbm=isch&q=TÜNKERS+SZK+40+T12+40
SIEMENS,6AG4114-3MQ53-4BJ1,"SIMATIC IPC847E (Rack PC, 19"", 4HE)",339120.0,0,0,https://www.google.com/search?tbm=isch&q=SIEMENS+6AG4114-3MQ53-4BJ1
RITTAL,7994.789,Bus housing  W600*H300*D155,338201.23,0,0,https://www.google.com/search?tbm=isch&q=RITTAL+7994.789
WALTHER,TM500 ROBOT SIDE BEST FIT+GRIPPER,TM500 Robot side best fit+gripper,337515.04,0,0,https://www.google.com/search?tbm=isch&q=WALTHER+TM500+ROBOT+SIDE+BEST+FIT+GRIPPER
INA,KR 52 PPXA,KR 52 PPXA,335765.5,0,0,https://www.google.com/search?tbm=isch&q=INA+KR+52+PPXA
SCHNEEBERGER,575 205 803,575 205 803 Guide rail,0,39440.32,1,https://www.google.com/search?tbm=isch&q=SCHNEEBERGER+575+205+803
GSEE,GXPI-DI16,GXPI-DI16 Module,333928.8,0,0,https://www.google.com/search?tbm=isch&q=GSEE+GXPI-DI16
STÄUBLI,K4N015381,K4N015381 MOBILE_PLATE,332134.54,0,0,https://www.google.com/search?tbm=isch&q=STÄUBLI+K4N015381
LEGRIS,4891321,"0489 13 21 Kugelhahn mit Entlüftung 1/2""",331262.76,0,0,https://www.google.com/search?tbm=isch&q=LEGRIS+4891321
FESTO,23329880,CN_CS.3145367.01.A.01PL,328793.76,0,0,https://www.google.com/search?tbm=isch&q=FESTO+23329880
SICK,1211509,Sicherheits-Lichtvorh.deTec4 Core Sender,325586.71,0,0,https://www.google.com/search?tbm=isch&q=SICK+1211509
FESTO,23377393,CN_CS.3156390 Integra 6  HIP - AIR,325000.0,0,0,https://www.google.com/search?tbm=isch&q=FESTO+23377393
VARIOUS,EGT016.1,EGT_016.1 base plate 300x450 SW80 kpl.,321054.43,0,0,https://www.google.com/search?tbm=isch&q=VARIOUS+EGT016.1
GSEE,GXPI-DI8DO8/E,GXPI-DI8DO8/E Module,320509.2,0,0,https://www.google.com/search?tbm=isch&q=GSEE+GXPI-DI8DO8/E
SEW EURODRIVE,17962218,Bremswiderstand W9998,314141.23,0,0,https://www.google.com/search?tbm=isch&q=SEW+EURODRIVE+17962218
DESTACO,82M-3E030050K8AMR25,82M-3E030050K8AMR25 clamp 135°,313754.88,0,1,https://www.google.com/search?tbm=isch&q=DESTACO+82M-3E030050K8AMR25
WALTHER,TM500 TOOL SIDE BEST FIT,TM500 tool side best fit,310683.2,0,0,https://www.google.com/search?tbm=isch&q=WALTHER+TM500+TOOL+SIDE+BEST+FIT
TÜNKERS,14817000,K63_UZB_1C20_45_T12 Cylinder,308416.0,0,1,https://www.google.com/search?tbm=isch&q=TÜNKERS+14817000
VARIOUS,DC63HA90S12,DC63HA90S12,306903.45,0,0,https://www.google.com/search?tbm=isch&q=VARIOUS+DC63HA90S12
FESTO,51ENMKBQWF34GCQNNGKAQFS/45PAXP2SMEPP2B2J,valve terminal VTSA-F-FB Art.Nr. 547965,304124.46,0,0,https://www.google.com/search?tbm=isch&q=FESTO+51ENMKBQWF34GCQNNGKAQFS/45PAXP2SMEPP2B2J
FESTO,538826,OVEM-07-H-B-QO-OE-N-2P Vakuumsaugdüse,296704.16,0,0,https://www.google.com/search?tbm=isch&q=FESTO+538826
IFM,O5D100,O5D100 Reflexionslichtschranke,295816.0,0,0,https://www.google.com/search?tbm=isch&q=IFM+O5D100
FEE,1309674,H001_8 NH+2RES_NH3 -1309674,0,34379.83,0,https://www.google.com/search?tbm=isch&q=FEE+1309674
FESTO,561716,PUN-V0-10x2-WS-C Kunststoffschlauch,290323.9,0,0,https://www.google.com/search?tbm=isch&q=FESTO+561716
UNIVER,IBP40OEE,IBP40OEE,289600.0,0,0,https://www.google.com/search?tbm=isch&q=UNIVER+IBP40OEE
PIAB,PMAT-HT-2N-80,PMAT-HT-2N-80,287828.76,0,1,https://www.google.com/search?tbm=isch&q=PIAB+PMAT-HT-2N-80
SMC,C-VQM4-00000444-WP0-EBBBBLÜX,C-VQM4-00000444-WP0-EBBBBLÜX,286130.0,0,0,https://www.google.com/search?tbm=isch&q=SMC+C-VQM4-00000444-WP0-EBBBBLÜX
HELUKABEL,11156,"Steuerleitung 3G35mm²,farbcode",285501.0,0,0,https://www.google.com/search?tbm=isch&q=HELUKABEL+11156
SEW EURODRIVE,MDX61B01105A340T,MDX61B0110-5A3-4-0T 11KW INVERTER,285262.09,0,0,https://www.google.com/search?tbm=isch&q=SEW+EURODRIVE+MDX61B01105A340T
FEE,EGT011,EGT_011 H-baseframe 450x600mm SW80,283932.06,0,0,https://www.google.com/search?tbm=isch&q=FEE+EGT011
AVENTICS,R480651658,PRA-DA-063-0040-0-2-2-5-1-1-ACC Zylinder,0,33375.0,0,https://www.google.com/search?tbm=isch&q=AVENTICS+R480651658
SMC,EX600-SPN1A,EX600-SPN1A SI Unit,282581.0,0,0,https://www.google.com/search?tbm=isch&q=SMC+EX600-SPN1A
WEIDMUELLER,2566442600,Verbindungsleitung 19-pol. 26m,281262.52,1097.73,0,https://www.google.com/search?tbm=isch&q=WEIDMUELLER+2566442600
FESTO,51EF44GCQWNMKBQNNMKBNLKAS/45PAXSSME3****,Valve island,275092.98,0,0,https://www.google.com/search?tbm=isch&q=FESTO+51EF44GCQWNMKBQNNMKBNLKAS/45PAXSSME3****
FRONIUS,108357,Linie SA82-ST020-020RB_300 CuAI7,0,32156.35,0,https://www.google.com/search?tbm=isch&q=FRONIUS+108357
FRONIUS,108358,Linie SA82-ST020-020RB_400 CuAI7,0,32156.35,0,https://www.google.com/search?tbm=isch&q=FRONIUS+108358
FRONIUS,108352,Linie SA82-ST070-070RB_200 CuSi3Mn1,0,32156.35,0,https://www.google.com/search?tbm=isch&q=FRONIUS+108352
FRONIUS,108351,Linie SA81-ST070-070RB_200 CuSi3Mn1,0,32156.35,0,https://www.google.com/search?tbm=isch&q=FRONIUS+108351
FRONIUS,108356,Linie SA82-ST020-020RB_200 CuAI7,0,32156.35,0,https://www.google.com/search?tbm=isch&q=FRONIUS+108356
FRONIUS,108353,Linie SA81-ST090-090RB_100 CuAI7,0,32156.35,0,https://www.google.com/search?tbm=isch&q=FRONIUS+108353
FRONIUS,108354,Linie SA81-ST090-090RB_200 CuAI7,0,32156.35,0,https://www.google.com/search?tbm=isch&q=FRONIUS+108354
FRONIUS,108355,Linie SA82-ST020-020RB_100 CuAI7,0,32156.35,0,https://www.google.com/search?tbm=isch&q=FRONIUS+108355
LUETZE,716410,"LOCC-Box-Net, Overload current control",270145.28,0,0,https://www.google.com/search?tbm=isch&q=LUETZE+716410
RITTAL,7993.01,cabinet AE modified 600x380x210,269447.42,0,0,https://www.google.com/search?tbm=isch&q=RITTAL+7993.01
EISELE,AJSC10-G01-FY,AJSC10-G01-FY,265980.0,0,0,https://www.google.com/search?tbm=isch&q=EISELE+AJSC10-G01-FY
FESTO,51EF33GCQPNMKBNMKBNLKASGS2GZ/45PNVSM,valve terminal VTSA-F art.no.547965,265030.48,0,2,https://www.google.com/search?tbm=isch&q=FESTO+51EF33GCQPNMKBNMKBNLKASGS2GZ/45PNVSM
SEW EURODRIVE,A00000018CDC072,PHC22A-A220M1-E21A-00/S11B MOVIPRO ADC,263327.45,0,0,https://www.google.com/search?tbm=isch&q=SEW+EURODRIVE+A00000018CDC072
FARGER&JOOSTEN,U80-400-24-365-06BAR00-ZB-G14247,U80-400-24-365-06bar00-ZB-G14247,0,30937.45,0,https://www.google.com/search?tbm=isch&q=FARGER&JOOSTEN+U80-400-24-365-06BAR00-ZB-G14247
VARIOUS,EGT244,EGT_244 flat connection SW 50,259180.21,0,0,https://www.google.com/search?tbm=isch&q=VARIOUS+EGT244
SCHNEEBERGER,575 502 192,"ZST M5-50x49,7x1488,2-G-M-7-OP-SP",0,30456.08,2,https://www.google.com/search?tbm=isch&q=SCHNEEBERGER+575+502+192
WEIDMUELLER,2566422600,Verbindungsleitung 6-pol. 26m,257192.04,1211.55,0,https://www.google.com/search?tbm=isch&q=WEIDMUELLER+2566422600
LENZE,QEV111ADIPJ3,"Antriebsregler Komplettger.,BFIII, 5,5kW",257050.74,0,2,https://www.google.com/search?tbm=isch&q=LENZE+QEV111ADIPJ3
LUETZE,381037F0004,LSC-Air-Stream frame (AS) 800mm (750),255463.42,0,0,https://www.google.com/search?tbm=isch&q=LUETZE+381037F0004
DANFOSS,FC-302P2K2T5E20H2BGCXXXS067XALBRCXXXXDX,FC-302P2K2T5E20H2BGCXXXS067XALBRCXXXXDX,254680.97,0,0,https://www.google.com/search?tbm=isch&q=DANFOSS+FC-302P2K2T5E20H2BGCXXXS067XALBRCXXXXDX
WEIDMUELLER,1547500000,Potentialausgleichsblock 25-50mm²,0,29880.0,0,https://www.google.com/search?tbm=isch&q=WEIDMUELLER+1547500000
FESTO,51EF33GCQPNMKBNMKBSGS2GZ,valve terminal VTSA-F art.no.547965,253682.74,0,1,https://www.google.com/search?tbm=isch&q=FESTO+51EF33GCQPNMKBNMKBSGS2GZ
LAPP,3904115,3904115 BS 502 XLPE/PVC 1X240BK cable,250035.0,0,0,https://www.google.com/search?tbm=isch&q=LAPP+3904115
LAPP,51002170886,51002170886 Profinet Type B 2x2xAWG 22/7,248625.0,0,0,https://www.google.com/search?tbm=isch&q=LAPP+51002170886
RITTAL,KV800-8806V5-FFT,KV800-8806V5-FFT,244366.12,0,0,https://www.google.com/search?tbm=isch&q=RITTAL+KV800-8806V5-FFT
VARIOUS,EGT083,EGT_083 Connection 90° for oct.tube,243026.39,0,0,https://www.google.com/search?tbm=isch&q=VARIOUS+EGT083
BALLUFF,BNI00FZ,BNI00FZ module,241150.0,0,0,https://www.google.com/search?tbm=isch&q=BALLUFF+BNI00FZ
STÄUBLI,K4N 014 067,K4N 014 067  Electric quick plug,241071.0,0,1,https://www.google.com/search?tbm=isch&q=STÄUBLI+K4N+014+067
LEONI,Y100037,TCP Sensor,0,28350.0,0,https://www.google.com/search?tbm=isch&q=LEONI+Y100037
BALLUFF,BIC0071,BIC 2B0-ITA50-Q40KFU-SM4A5A,239430.9,0,0,https://www.google.com/search?tbm=isch&q=BALLUFF+BIC0071
STÄUBLI,K86501810,K86501810 stand,238844.27,0,0,https://www.google.com/search?tbm=isch&q=STÄUBLI+K86501810
STÄUBLI,K4N015378,K4N015378 FIXED_PLATE_ASSEMBLY,237935.64,0,0,https://www.google.com/search?tbm=isch&q=STÄUBLI+K4N015378
DESTACO,82M-3E030063K8ARS25,82M-3E030063K8ARS25 power clamp 120°,235263.34,0,1,https://www.google.com/search?tbm=isch&q=DESTACO+82M-3E030063K8ARS25
SMC,C-VQM4-00000044WP0-EBBBBBBBBBLL,C-VQM4-00000044WP0-EBBBBBBBBBLL,235180.0,0,0,https://www.google.com/search?tbm=isch&q=SMC+C-VQM4-00000044WP0-EBBBBBBBBBLL
STÄUBLI,K81564872,K81564872 AIR FEED DOCKING STATION SIDE,233707.88,0,0,https://www.google.com/search?tbm=isch&q=STÄUBLI+K81564872
PFANNENBERG,13886522055,13886522055 Cooling Unit 2500 W,232740.0,0,0,https://www.google.com/search?tbm=isch&q=PFANNENBERG+13886522055
TÜNKERS,14815000,K 63_UZB_1A20_45_T12 Cylinder,231312.0,0,1,https://www.google.com/search?tbm=isch&q=TÜNKERS+14815000
FEE,1309676,1309676 H001_24 NH+6RES US,229702.7,0,0,https://www.google.com/search?tbm=isch&q=FEE+1309676
SEW EURODRIVE,MDX61B0220-503-4-00,MDX61B0220-503-4-00/DEH11B/DFE32B,229168.2,0,0,https://www.google.com/search?tbm=isch&q=SEW+EURODRIVE+MDX61B0220-503-4-00
PARKER,GE15LR1/2EDOMDMS-3,GE15LR1/2EDOMDMS-3,227457.53,0,0,https://www.google.com/search?tbm=isch&q=PARKER+GE15LR1/2EDOMDMS-3
LUMBERG,2236,T-Verteiler mit 7/8 Zoll-T-Stecke,226100.0,0,0,https://www.google.com/search?tbm=isch&q=LUMBERG+2236
SMC,C-VQM2-00000004WP8-EBBBLL,C-VQM2-00000004WP8-EBBBLL,225536.0,0,0,https://www.google.com/search?tbm=isch&q=SMC+C-VQM2-00000004WP8-EBBBLL
STÄUBLI,K4N015380,K4N015380 FIXED_PLATE_ASSEMBLY,225412.62,0,0,https://www.google.com/search?tbm=isch&q=STÄUBLI+K4N015380
WERMA,639.020.02,KS40 Anschluss-Set IO-Link,224748.23,0,0,https://www.google.com/search?tbm=isch&q=WERMA+639.020.02
KÄRCHER,9.700-137.0,Daimler integra 6 EVAII vacuum unit,0,26414.7,0,https://www.google.com/search?tbm=isch&q=KÄRCHER+9.700-137.0
SIEMENS,CCFR1-BS1F1_2,CCFR1-BS1F1_2,223500.0,0,0,https://www.google.com/search?tbm=isch&q=SIEMENS+CCFR1-BS1F1_2
DESTACO,82M-3E030050L8-B,82M-3E030050L8-B Clamp,223211.38,0,0,https://www.google.com/search?tbm=isch&q=DESTACO+82M-3E030050L8-B
RITTAL,1194.42,1194.42,222528.78,0,0,https://www.google.com/search?tbm=isch&q=RITTAL+1194.42
VEP AUTOMATION,RFM125.2-129-V/LS-PX-P-G-X,RFM125.2-129-V/LS-PX-P-G-X Swivel Unit,222375.61,0,0,https://www.google.com/search?tbm=isch&q=VEP+AUTOMATION+RFM125.2-129-V/LS-PX-P-G-X
PHOENIX,1389938,CUC-V14-C1ZNI-PP,220956.0,0,0,https://www.google.com/search?tbm=isch&q=PHOENIX+1389938
WEIDMUELLER,2566451600,"Sensorleitg.M12 5p.,St ger.->Bu.ger. 16m",220806.36,1500.35,0,https://www.google.com/search?tbm=isch&q=WEIDMUELLER+2566451600
HILTI,2252558,HVU2 M16x125 CN Adhesive,219139.56,0,0,https://www.google.com/search?tbm=isch&q=HILTI+2252558
BALLUFF,BNI008A,BNI008A light,218973.0,0,0,https://www.google.com/search?tbm=isch&q=BALLUFF+BNI008A
EISELE,PU1065B-100,PU1065B-100,218550.0,0,0,https://www.google.com/search?tbm=isch&q=EISELE+PU1065B-100
FESTO,561364,VSVA-B-B52-D-D1-1R5L 5/2-magnet valve,217635.3,0,0,https://www.google.com/search?tbm=isch&q=FESTO+561364
RITTAL,7187800-BVFP,"DS(1800+200)*1600*500,VFP",216192.6,0,0,https://www.google.com/search?tbm=isch&q=RITTAL+7187800-BVFP
FISCHERWERKE,46503,RGM 16*190N Chemical Bolts,213310.0,0,0,https://www.google.com/search?tbm=isch&q=FISCHERWERKE+46503
FESTO,51EF34GCQWNMKBQNNMKBNGKAQFS/45P-A-V-U-2,valve terminal VTSA-F art.no.547965,213036.31,0,0,https://www.google.com/search?tbm=isch&q=FESTO+51EF34GCQWNMKBQNNMKBNGKAQFS/45P-A-V-U-2
VARIOUS,PD63A13S12H40,PD63A13S12H40,213007.9,0,0,https://www.google.com/search?tbm=isch&q=VARIOUS+PD63A13S12H40
SICK,1211487,C4C-EA18010A10000 LICHTVORHANG,212705.22,0,0,https://www.google.com/search?tbm=isch&q=SICK+1211487
FEE,1309691,1309691  +H101_7_EN,212565.19,142762.79,0,https://www.google.com/search?tbm=isch&q=FEE+1309691
LENZE,QEV111AHKPG2,QEV111AHKPG2  10M,211628.8,0,2,https://www.google.com/search?tbm=isch&q=LENZE+QEV111AHKPG2
DESTACO,82M-3E030040L8-B,82M-3E030040L8-B cylinder,211591.62,0,0,https://www.google.com/search?tbm=isch&q=DESTACO+82M-3E030040L8-B
SMC,TRB1075B-20,TRB1075B-20 tube,211386.0,0,1,https://www.google.com/search?tbm=isch&q=SMC+TRB1075B-20
RITTAL,7994103-BP-FFT,7994103-BP-FFT CABINET,211136.9,0,0,https://www.google.com/search?tbm=isch&q=RITTAL+7994103-BP-FFT
DONGGUAN YIHEDA AUTOMATION,QFA11-60,QFA11-60,209950.0,0,0,https://www.google.com/search?tbm=isch&q=DONGGUAN+YIHEDA+AUTOMATION+QFA11-60
SEW EURODRIVE,8279845,Umrichter Technologieausführung BG 3,208763.39,0,0,https://www.google.com/search?tbm=isch&q=SEW+EURODRIVE+8279845
VARIOUS,DC40VA10S12,DC40VA10S12,205950.75,0,0,https://www.google.com/search?tbm=isch&q=VARIOUS+DC40VA10S12
FESTO,51EF33GCQPNMKBT/45PAXSSME2BOZOWH2JL,valve terminal VTSA-F-FB Art.Nr.547965,204264.1,0,0,https://www.google.com/search?tbm=isch&q=FESTO+51EF33GCQPNMKBT/45PAXSSME2BOZOWH2JL
TÜNKERS,3010103122,KR 60 UZ T12 A19.7 L4=65+1.4  3010103122,204076.72,0,0,https://www.google.com/search?tbm=isch&q=TÜNKERS+3010103122
DAPUESE,DP-KB-3CB0-2AC1-AD01E,DP-KB-3CB0-2AC1-AD01E Screen,203539.88,0,0,https://www.google.com/search?tbm=isch&q=DAPUESE+DP-KB-3CB0-2AC1-AD01E
SICK,1211506,Sicherheits-Lichtvorh.deTec4 Core Empf.,202555.48,0,0,https://www.google.com/search?tbm=isch&q=SICK+1211506
VARIOUS,YJVR-3*35+1*25,YJVR-3*35+1*25 Cable Qifan,201036.0,0,0,https://www.google.com/search?tbm=isch&q=VARIOUS+YJVR-3*35+1*25
PARKER,837PU-8-GRN-RL,837PU-8-GRN-RL Hybrid Push-Lok tube,200127.81,3350.0,0,https://www.google.com/search?tbm=isch&q=PARKER+837PU-8-GRN-RL
BALLUFF,BAV001W,"BAV MA-AC-00013-02 Link control panel,",199730.52,0,0,https://www.google.com/search?tbm=isch&q=BALLUFF+BAV001W
VARIOUS,RVVY 4G35,RVVY 4G35 cable,198088.0,0,0,https://www.google.com/search?tbm=isch&q=VARIOUS+RVVY+4G35
FESTO,23456483,CPX-SafetyBox-S 23456483,196000.0,0,0,https://www.google.com/search?tbm=isch&q=FESTO+23456483
SMC,RIP-MI-ND-KW-F06-DNA1987,RIP-MI-ND-KW-F06-DNA1987 RIP,195510.0,0,0,https://www.google.com/search?tbm=isch&q=SMC+RIP-MI-ND-KW-F06-DNA1987
SCHMALZ,10.02.02.03571,SMPi 25 IMP RD M12-8-PT SO compacteject.,194872.26,0,0,https://www.google.com/search?tbm=isch&q=SCHMALZ+10.02.02.03571
FRONIUS,108315,108315 MIG-Schweisssystem,0,22925.6,0,https://www.google.com/search?tbm=isch&q=FRONIUS+108315
FRONIUS,108314,108314 MIG-Schweisssystem,0,22925.6,0,https://www.google.com/search?tbm=isch&q=FRONIUS+108314
FRONIUS,108323,108323 MIG-Schweisssystem,0,22925.6,0,https://www.google.com/search?tbm=isch&q=FRONIUS+108323
FRONIUS,108316,108316 MIG-Schweisssystem,0,22925.6,0,https://www.google.com/search?tbm=isch&q=FRONIUS+108316
FRONIUS,108303,108303 MIG-Schweisssystem,0,22925.6,0,https://www.google.com/search?tbm=isch&q=FRONIUS+108303
FRONIUS,108321,108321 MIG-Schweisssystem,0,22925.6,0,https://www.google.com/search?tbm=isch&q=FRONIUS+108321
FRONIUS,108320,108320 MIG-Schweisssystem,0,22925.6,0,https://www.google.com/search?tbm=isch&q=FRONIUS+108320
FRONIUS,108312,108312 MIG-Schweisssystem,0,22925.6,0,https://www.google.com/search?tbm=isch&q=FRONIUS+108312
FRONIUS,108302,108302 MIG-Schweisssystem,0,22925.6,0,https://www.google.com/search?tbm=isch&q=FRONIUS+108302
FRONIUS,108313,108313 MIG-Schweisssystem,0,22925.6,0,https://www.google.com/search?tbm=isch&q=FRONIUS+108313
FRONIUS,108318,108318 MIG-Schweisssystem,0,22925.6,0,https://www.google.com/search?tbm=isch&q=FRONIUS+108318
FRONIUS,108317,108317 MIG-Schweisssystem,0,22925.6,0,https://www.google.com/search?tbm=isch&q=FRONIUS+108317
FRONIUS,108324,108324 MIG-Schweisssystem,0,22925.6,0,https://www.google.com/search?tbm=isch&q=FRONIUS+108324
FRONIUS,108319,108319 MIG-Schweisssystem,0,22925.6,0,https://www.google.com/search?tbm=isch&q=FRONIUS+108319
FESTO,51EF34GCQWNMKBQNNMKBS/45PAVU2A2J2L_,valve island,194547.69,0,0,https://www.google.com/search?tbm=isch&q=FESTO+51EF34GCQWNMKBQNNMKBS/45PAVU2A2J2L_
BOSCH REXROTH,R920069902_,R920069902 hydraulic pump,0,22827.38,0,https://www.google.com/search?tbm=isch&q=BOSCH+REXROTH+R920069902_
FEE,1309679,Ausbaustufe +H011_24_3_1_250A,193924.4,0,0,https://www.google.com/search?tbm=isch&q=FEE+1309679
UNIVER,UBP63OEE,UBP63OEE clamp,191580.0,0,0,https://www.google.com/search?tbm=isch&q=UNIVER+UBP63OEE
VARIOUS,EGT142,EGT_142 / RD30-30-X90KE cross connection,190958.72,0,0,https://www.google.com/search?tbm=isch&q=VARIOUS+EGT142
PARKER,837PU-8-RED-RL,837PU-8-RED-RL Hybrid Push-Lok tube,190807.81,3350.0,0,https://www.google.com/search?tbm=isch&q=PARKER+837PU-8-RED-RL
LENZE,QEV111ACSJC8,ERBR047R400WNQN000 BRAKE-RESISTOR 47R,190666.18,0,0,https://www.google.com/search?tbm=isch&q=LENZE+QEV111ACSJC8
FESTO,DFAP-63-V-15-C-S-S1-CS,DFAP-63-V-15-C-S-S1-CS cylinder,189461.52,0,0,https://www.google.com/search?tbm=isch&q=FESTO+DFAP-63-V-15-C-S-S1-CS
WALTHER,131476,1-91389-2-FT001-AAAB-AB multi-coupling,0,22268.4,0,https://www.google.com/search?tbm=isch&q=WALTHER+131476
OBO BETTERMANN,6049273,6049273 KFL 25 G support,188276.13,0,0,https://www.google.com/search?tbm=isch&q=OBO+BETTERMANN+6049273
FEE,1291271,H001_8 NH+2RES US 1291271 cabinet,0,22119.14,0,https://www.google.com/search?tbm=isch&q=FEE+1291271
DESTACO,82P50732B8B0313,82P50-732B8B0313 Hook clyinder,186429.6,0,0,https://www.google.com/search?tbm=isch&q=DESTACO+82P50732B8B0313
LENZE,QEV111AHKN9J,"E84DHMFC7524R6SLCE 8400 protec+7,5kW",186425.35,0,0,https://www.google.com/search?tbm=isch&q=LENZE+QEV111AHKN9J
RÖMHELD,1550940,E1550-940 D125 HUB20 Cylinder,0,21836.28,1,https://www.google.com/search?tbm=isch&q=RÖMHELD+1550940
FESTO,51ENMKBNMKBNMKBQWF44GCQNNGKAQFS,Valve Terminal,185553.32,0,1,https://www.google.com/search?tbm=isch&q=FESTO+51ENMKBNMKBNMKBQWF44GCQNNGKAQFS
SCHMALZ,10.02.02.05000,SCP 30 NO AS VD PNP Generator,185056.33,0,0,https://www.google.com/search?tbm=isch&q=SCHMALZ+10.02.02.05000
SEW EURODRIVE,MDX61B0040-5A3-4-0T,FU movidrive 4KW(105x314x234),184294.99,0,1,https://www.google.com/search?tbm=isch&q=SEW+EURODRIVE+MDX61B0040-5A3-4-0T
FESTO,51ENMKBNMKBQWF34GCQNNGKAQFS/45PAXP2SME__,valve terminal VTSA-F art.no.547965,183708.36,31265.3,0,https://www.google.com/search?tbm=isch&q=FESTO+51ENMKBNMKBQWF34GCQNNGKAQFS/45PAXP2SME__
APS,APS84080W,APS-8-4080W profile,183640.07,0,0,https://www.google.com/search?tbm=isch&q=APS+APS84080W
RITTAL,7994099-BP-FFT,7994099-BP-FFT Cabinet,183028.65,0,0,https://www.google.com/search?tbm=isch&q=RITTAL+7994099-BP-FFT
PARKER,837PU-6-BLK-RL,837PU-6-BLK-RL Hybrid Push-Lok tube,182606.85,0,0,https://www.google.com/search?tbm=isch&q=PARKER+837PU-6-BLK-RL
FESTO,51EF34GCQWNMKBQNNMKBNGKAQFS/45PAVU3B4J2*,Valve island,181542.58,0,0,https://www.google.com/search?tbm=isch&q=FESTO+51EF34GCQWNMKBQNNMKBNGKAQFS/45PAVU3B4J2*
SIEMENS,6GF9001-1BG01,"Mini-Objektiv, reading distance",181191.82,0,0,https://www.google.com/search?tbm=isch&q=SIEMENS+6GF9001-1BG01
RITTAL,7994104-BP-FFT,7994104-BP-FFT CABINET,181100.12,0,0,https://www.google.com/search?tbm=isch&q=RITTAL+7994104-BP-FFT
ZIMMER,MKS2505AK,MKS2505AK Pneumatic clamping element,180138.8,0,0,https://www.google.com/search?tbm=isch&q=ZIMMER+MKS2505AK
SEW EURODRIVE,KF47CM71MBR/HR/TF/AK1H/SB60 I=25.91,KF47CM71MBR/HR/TF/AK1H/SB60 i=25.91 MOTO,178979.65,0,0,https://www.google.com/search?tbm=isch&q=SEW+EURODRIVE+KF47CM71MBR/HR/TF/AK1H/SB60+I=25.91
SMC,CVQM400000004WP0EBBLL,C-VQM4-00000004WP0-EBBLL valve island,178164.0,0,0,https://www.google.com/search?tbm=isch&q=SMC+CVQM400000004WP0EBBLL
DAYTON,F322601029165,F3 2260 1029165 Schneidbuchse n. Zeichn.,0,20940.24,0,https://www.google.com/search?tbm=isch&q=DAYTON+F322601029165
FESTO,51EF34GCQWNMKBQNNMKBS/45PAVU2A3JL,valve terminal VTSA-FB Art.Nr.547965,177389.56,0,0,https://www.google.com/search?tbm=isch&q=FESTO+51EF34GCQWNMKBQNNMKBS/45PAVU2A3JL
STÄUBLI,K4N 032 642,K4N 032 642 Gas Quickly,177158.02,0,1,https://www.google.com/search?tbm=isch&q=STÄUBLI+K4N+032+642
BELDEN,STL TPE CAT5E,STL TPE CAT5E CABLE,175990.0,0,0,https://www.google.com/search?tbm=isch&q=BELDEN+STL+TPE+CAT5E
VARIOUS,Q03020003 QC42-P01,Q03020003 QC42-P01 Connector Qiaotian,175738.64,0,0,https://www.google.com/search?tbm=isch&q=VARIOUS+Q03020003+QC42-P01
SCHMALZ,SMP-30-NO-AS-RD-SO,SMP-30-NO-AS-RD-SO Vacuum Generator,175221.2,0,0,https://www.google.com/search?tbm=isch&q=SCHMALZ+SMP-30-NO-AS-RD-SO
FESTO,51EF44GCQWNMKBNMKBNMKBS/45P-A-V-SME-2A*,Ventilinsel VTSA-F Art.Nr.547965,174817.5,0,0,https://www.google.com/search?tbm=isch&q=FESTO+51EF44GCQWNMKBNMKBNMKBS/45P-A-V-SME-2A*
OBO BETTERMANN,6049277,6049277 AKL 25 Z block,173628.63,0,0,https://www.google.com/search?tbm=isch&q=OBO+BETTERMANN+6049277
VARIOUS,NFC-FLEX110 5G2.5,NFC-FLEX110 5G2.5 Cable,173448.0,0,0,https://www.google.com/search?tbm=isch&q=VARIOUS+NFC-FLEX110+5G2.5
SIEMENS,6GF3540-8AC11,"D65-Objektiv-Schutz Modular Metall-Glas,",173042.45,0,1,https://www.google.com/search?tbm=isch&q=SIEMENS+6GF3540-8AC11
WEIDMUELLER,2599700000,UR67-PN-V14-POF-16DI-12 repeater module,172819.7,3900.4,0,https://www.google.com/search?tbm=isch&q=WEIDMUELLER+2599700000
FESTO,51EF44GCQWNMKBS/45PAVSME1A2J,Ventilinsel VTSA-F Art.Nr.547965,172349.63,0,0,https://www.google.com/search?tbm=isch&q=FESTO+51EF44GCQWNMKBS/45PAVSME1A2J
HIRSCHMANN,MSM20-M2M2M2M2TZ9HH9E99.9,MSM20-M2M2M2M2TZ9HH9E99.9 M-Modul_MSM20-,172035.36,0,0,https://www.google.com/search?tbm=isch&q=HIRSCHMANN+MSM20-M2M2M2M2TZ9HH9E99.9
GSEE,GXPI-4RF,GXPI-4RF gateway,171953.9,0,0,https://www.google.com/search?tbm=isch&q=GSEE+GXPI-4RF
CAMOZZI,SCU 606-1/4-CN02,SCU-606-1/4-CN02 Speed Valve,171949.4,0,1,https://www.google.com/search?tbm=isch&q=CAMOZZI+SCU+606-1/4-CN02
TÜNKERS,3010102983,3010102983 K 60 UZ T12 A19.7 L4=70+5.5 C,170949.24,0,0,https://www.google.com/search?tbm=isch&q=TÜNKERS+3010102983
ZIMMER,01SYS002286-03,01SYS002286-03 Linear module,170624.0,0,0,https://www.google.com/search?tbm=isch&q=ZIMMER+01SYS002286-03
UNIVER,UBP63VEE,UBP63VEE clamp,170500.0,0,0,https://www.google.com/search?tbm=isch&q=UNIVER+UBP63VEE
VARIOUS,EGT017.1,EGT_017.1 Base plate kpl. VW-Audi,170122.31,0,0,https://www.google.com/search?tbm=isch&q=VARIOUS+EGT017.1
KOSMEK,VSJ250-G,VSJ250-G Block,169868.92,0,0,https://www.google.com/search?tbm=isch&q=KOSMEK+VSJ250-G
FESTO,6703,FR-4-3/8-B distributor,169130.0,0,0,https://www.google.com/search?tbm=isch&q=FESTO+6703
TUCKER,M016424_M183360,M016424 Potential-Schiene SMB151.00.00,166480.79,0,0,https://www.google.com/search?tbm=isch&q=TUCKER+M016424_M183360
PFANNENBERG,13256371055,εCOOL roof-mounted air conditioner,166083.62,0,0,https://www.google.com/search?tbm=isch&q=PFANNENBERG+13256371055
ESCHA,8010471,"Y Connector (2x female, 1x male)",165700.0,0,0,https://www.google.com/search?tbm=isch&q=ESCHA+8010471
FESTO,51EF44GCQWNMKBQNNMKBNMKBNMKBNMKBNMKBNMK/,valve terminal VTSA-F art.no.547965,164984.37,0,1,https://www.google.com/search?tbm=isch&q=FESTO+51EF44GCQWNMKBQNNMKBNMKBNMKBNMKBNMKBNMK/
VARIOUS,CHTGH04010,CHTGH04010,164779.16,0,0,https://www.google.com/search?tbm=isch&q=VARIOUS+CHTGH04010
FESTO,51ENMKBNMKBNMKBNMKBNMKBNMKBQWF44GCQNNGK_,VALVE TERMINAL CPX Art.Nr. 197330,164524.19,0,0,https://www.google.com/search?tbm=isch&q=FESTO+51ENMKBNMKBNMKBNMKBNMKBNMKBQWF44GCQNNGK_
SCHUNK,1503186,VERO-S AFR 176 PMI ABFRAG ESEGMENT,163745.52,0,0,https://www.google.com/search?tbm=isch&q=SCHUNK+1503186
PHOENIX,1389946,CUC-PPC-C2ZNI-SX/C,162912.0,0,0,https://www.google.com/search?tbm=isch&q=PHOENIX+1389946
FESTO,51EF33GCQPNMKBNMKBNMKBSGS2GZ/45P-N,valve terminal VTSA-F art.no.547965,162066.4,0,0,https://www.google.com/search?tbm=isch&q=FESTO+51EF33GCQPNMKBNMKBNMKBSGS2GZ/45P-N
FESTO,51EF44GCQWNMKBNDGSNGKAQFS/45PAXP2*,Ventilinsel VTSA-F Art.Nr.547965,161955.15,0,0,https://www.google.com/search?tbm=isch&q=FESTO+51EF44GCQWNMKBNDGSNGKAQFS/45PAXP2*
SICK,1211486,C4C-SA18010A10000 LICHTVORHANG,161832.45,0,0,https://www.google.com/search?tbm=isch&q=SICK+1211486
WOEHNER,31525,31525,161804.14,0,0,https://www.google.com/search?tbm=isch&q=WOEHNER+31525
FISCHERWERKE,539802,RM II 20,161100.0,0,0,https://www.google.com/search?tbm=isch&q=FISCHERWERKE+539802
SICK,1042561,DT500 A111 S02 Photoelectric sensors,160769.28,0,0,https://www.google.com/search?tbm=isch&q=SICK+1042561
WALTHER,157325,Einzelablage horizontal H=1240mm,0,18880.85,0,https://www.google.com/search?tbm=isch&q=WALTHER+157325
SMC,CLKQP50-290RBA-DCT4370T-P79WSE,CLKQP50-290RBA-DCT4370T-P79WSE Cylinder,160200.0,0,0,https://www.google.com/search?tbm=isch&q=SMC+CLKQP50-290RBA-DCT4370T-P79WSE
SMC,CLKQP50-290RCA-DCT4370T-P79WSE,CLKQP50-290RCA-DCT4370T-P79WSE Cylinder,160200.0,0,0,https://www.google.com/search?tbm=isch&q=SMC+CLKQP50-290RCA-DCT4370T-P79WSE
LAPP,103143,00103143 Ölflex Class. 100 450/750V 5G70,159836.0,0,0,https://www.google.com/search?tbm=isch&q=LAPP+103143
SIEMENS,CCFR1-BS1C1_2,CCFR1-BS1C1_2,159000.0,0,0,https://www.google.com/search?tbm=isch&q=SIEMENS+CCFR1-BS1C1_2
VARIOUS,NFC-FLEX110 3G35,NFC-FLEX110 3G35 Cable,158253.0,0,0,https://www.google.com/search?tbm=isch&q=VARIOUS+NFC-FLEX110+3G35
SEW EURODRIVE,MTA11A-503-S623-D01-00/BW2,MOVIFIT Anschlussbox,157832.73,0,0,https://www.google.com/search?tbm=isch&q=SEW+EURODRIVE+MTA11A-503-S623-D01-00/BW2
SCHMALZ,10.02.02.03335,ASV SMPi/SCPi 2xM12-4 distributor,156765.69,0,0,https://www.google.com/search?tbm=isch&q=SCHMALZ+10.02.02.03335
UNIVER,LSP60JE210052(_A19.9_L4=60+1.65),LSP60JE210052(_A19.9_L4=60+1.65)Cylinder,156000.0,0,0,https://www.google.com/search?tbm=isch&q=UNIVER+LSP60JE210052(_A19.9_L4=60+1.65)
FESTO,51ENMKBQWF44GCQNS/45PAXP2SMEPM2BOZOWHJ2L,valve terminal,155729.86,0,0,https://www.google.com/search?tbm=isch&q=FESTO+51ENMKBQWF44GCQNS/45PAXP2SMEPM2BOZOWHJ2L
OBO BETTERMANN,6061985,6061985 BKRS 1130 FS,153801.65,0,0,https://www.google.com/search?tbm=isch&q=OBO+BETTERMANN+6061985
FESTO,51EF44GCQWNMKBQNNMKBNMKBNMKBNLKANGKAQFS,ValveTerminal Art.Nr.547965,153520.59,0,1,https://www.google.com/search?tbm=isch&q=FESTO+51EF44GCQWNMKBQNNMKBNMKBNMKBNLKANGKAQFS
VARIOUS,YJVR-2*35+1*25,YJVR-2*35+1*25 Cable Qifan,153336.0,0,0,https://www.google.com/search?tbm=isch&q=VARIOUS+YJVR-2*35+1*25
SMC,TRBU1065BU-100_,TRBU1065BU-100 Tubo poliuretano Ø10 Blue,152576.0,0,0,https://www.google.com/search?tbm=isch&q=SMC+TRBU1065BU-100_
WALTHER,157328,Einzelablage vertikal H=1240mm,0,17740.65,0,https://www.google.com/search?tbm=isch&q=WALTHER+157328
SIEMENS,6AV7265-3AA02-0BK0,SPS Steuerschrank 60.1,150023.48,62307.0,0,https://www.google.com/search?tbm=isch&q=SIEMENS+6AV7265-3AA02-0BK0
VARIOUS,BCZM-20160811,BCZM-20160811(300*400*210mm) JianHe,150000.0,0,0,https://www.google.com/search?tbm=isch&q=VARIOUS+BCZM-20160811
RITTAL,6320.609-BP-FFT-HMI,6320609-BP-FFT-HMI  HMI cabinet,149112.0,0,0,https://www.google.com/search?tbm=isch&q=RITTAL+6320.609-BP-FFT-HMI
RITTAL,8606.998,Electric cabinet 600x2000+200x600mm VW,148642.05,0,0,https://www.google.com/search?tbm=isch&q=RITTAL+8606.998
SMC,HIP-MI-ND-KW-20-DNA1975,HIP-MI-ND-KW-20-DNA1975 HIP,148500.0,0,0,https://www.google.com/search?tbm=isch&q=SMC+HIP-MI-ND-KW-20-DNA1975
THIELMANN,100202,Brenner-Reinigungsgerät BRG-10 Daimler,0,17464.88,0,https://www.google.com/search?tbm=isch&q=THIELMANN+100202
FESTO,1254054,DHPS-35-A-NC parallel gripper,147358.47,0,0,https://www.google.com/search?tbm=isch&q=FESTO+1254054
KOSMEK,FVC0630,FVC0630 Clamp,147345.12,0,0,https://www.google.com/search?tbm=isch&q=KOSMEK+FVC0630
MENZEL,9500020041,9500020041 MS DURCHFLUSSSENSOR SP4 F,0,17311.44,0,https://www.google.com/search?tbm=isch&q=MENZEL+9500020041
SEW EURODRIVE,S0000 0000 0B6946,S0000 0000 0B6946 Movipro,146723.88,0,0,https://www.google.com/search?tbm=isch&q=SEW+EURODRIVE+S0000+0000+0B6946
VARIOUS,EGT218,EGT_218 connection ø30x85mm,145337.02,0,0,https://www.google.com/search?tbm=isch&q=VARIOUS+EGT218
FESTO,558800,NPQM-Y-Q8-E-P10 Push-in Y-connector,145169.64,0,0,https://www.google.com/search?tbm=isch&q=FESTO+558800
FESTO,51EF33GCQPNMKBNMKBNMKBNMKBT/45PRXSS*,valve terminal VTSA-F-FB Art.Nr.547965,144937.85,0,1,https://www.google.com/search?tbm=isch&q=FESTO+51EF33GCQPNMKBNMKBNMKBNMKBT/45PRXSS*
OBO BETTERMANN,6049123,6049123 DBKR 300 FS,144844.33,0,0,https://www.google.com/search?tbm=isch&q=OBO+BETTERMANN+6049123
STÄUBLI,K81560916,K81560916  RobiFix cable,144743.87,0,0,https://www.google.com/search?tbm=isch&q=STÄUBLI+K81560916
FESTO,525443,"PUN-V0-08x1,25-BL Plastic tubing",143560.0,0,0,https://www.google.com/search?tbm=isch&q=FESTO+525443
VARIOUS,PD63A13S12H60,PD63A13S12H60,143000.0,0,0,https://www.google.com/search?tbm=isch&q=VARIOUS+PD63A13S12H60
SCHMALZ,FQE-XC-120X60-AH-21-A-4-C-3,FQE-XC-120x60-AH-21-A-4-C-3 sponge sucke,142082.8,0,0,https://www.google.com/search?tbm=isch&q=SCHMALZ+FQE-XC-120X60-AH-21-A-4-C-3
ELEPHANT BRAKES,11849,200.405.01 Bremszange,0,16597.35,0,https://www.google.com/search?tbm=isch&q=ELEPHANT+BRAKES+11849
PARKER,801-8-BLU-RL,"801-8-BLU-RL 1/2"" Parker Push-Lok Hose",141060.6,0,0,https://www.google.com/search?tbm=isch&q=PARKER+801-8-BLU-RL
TÜNKERS,KS 125.5 A01 SG LH T12 135°,KS 125.5 A01 SG LH T12 135° Cylinder,141000.0,0,0,https://www.google.com/search?tbm=isch&q=TÜNKERS+KS+125.5+A01+SG+LH+T12+135°
FESTO,51EF44GCQWNMKBQNNMKBNMKBNMKBNGKAQFS/45**,Valve island,140041.9,0,0,https://www.google.com/search?tbm=isch&q=FESTO+51EF44GCQWNMKBQNNMKBNMKBNMKBNGKAQFS/45**
DESTACO,82M-3E030040L8-2AM15-15,82M-3E030040L8-2AM15-15 Clamp,139590.0,0,8,https://www.google.com/search?tbm=isch&q=DESTACO+82M-3E030040L8-2AM15-15
STÄUBLI,K4N009325,K4N009325,139500.12,0,0,https://www.google.com/search?tbm=isch&q=STÄUBLI+K4N009325
SEW EURODRIVE,18213456,DFE32B Integration into a profinet syste,138745.3,0,0,https://www.google.com/search?tbm=isch&q=SEW+EURODRIVE+18213456
NORELEM,07380-12,07380-12 c-washer,138668.45,0,0,https://www.google.com/search?tbm=isch&q=NORELEM+07380-12
PILZ,541353,PSEN CS3.19N 1 Switch,138652.16,0,0,https://www.google.com/search?tbm=isch&q=PILZ+541353
KUNSHAN SVLEC ELECTRIC,940341-654-0060,"M12x1 -M12x1, 0.6m black 4-pin with LED",138418.2,0,4,https://www.google.com/search?tbm=isch&q=KUNSHAN+SVLEC+ELECTRIC+940341-654-0060
KUNSHAN SVLEC ELECTRIC,940021-654-0100,"M12x1 - M12x1, 1.0m black 4-pin Cable",138168.6,0,5,https://www.google.com/search?tbm=isch&q=KUNSHAN+SVLEC+ELECTRIC+940021-654-0100
FESTO,51ENDGSNMKBQWF44GCQNNGKAQFS/45PAXP2SM,Ventilinsel VTSA-F Art.Nr.547965,0,16250.96,0,https://www.google.com/search?tbm=isch&q=FESTO+51ENDGSNMKBQWF44GCQNNGKAQFS/45PAXP2SM
TÜNKERS,SZKD 63.5 BR3 A13 X 40 T12,SZKD 63.5 BR3 A13 x 40 T12 pin cylinder,137805.8,0,0,https://www.google.com/search?tbm=isch&q=TÜNKERS+SZKD+63.5+BR3+A13+X+40+T12
TURCK,6930563_,VB2-FSM5-2FKM4.4/S2087,137700.0,0,0,https://www.google.com/search?tbm=isch&q=TURCK+6930563_
SIEMENS,6ES7954-8LP02-0AA0,Simatik S7 Memory Card 2GBYTE,137698.73,0,0,https://www.google.com/search?tbm=isch&q=SIEMENS+6ES7954-8LP02-0AA0
LENZE,13433923,"Anschl.-Leitung ERB 1,5m TK an M12 DC",137425.82,0,0,https://www.google.com/search?tbm=isch&q=LENZE+13433923
SMC,CKQGDA50-199RAHZ-P4DWSE,CKQGDA50-199RAHZ-P4DWSE Cylinder,137192.0,0,0,https://www.google.com/search?tbm=isch&q=SMC+CKQGDA50-199RAHZ-P4DWSE
DESTACO,82M-4E030063L8-2A90-90,82M-4E030063L8-2A90-90 Clamp,136800.0,0,1,https://www.google.com/search?tbm=isch&q=DESTACO+82M-4E030063L8-2A90-90
TÜNKERS,MK2 50.1 A10 T00 105°_,MK2 50.1 A10 T00 105°,136680.0,0,0,https://www.google.com/search?tbm=isch&q=TÜNKERS+MK2+50.1+A10+T00+105°_
FESTO,51EF44GCQWNMKBQNNMKBNMKBS/45PAXSSME3****,Valve island,136138.4,0,0,https://www.google.com/search?tbm=isch&q=FESTO+51EF44GCQWNMKBQNNMKBNMKBS/45PAXSSME3****
DESTACO,98W03-E1239,98W03-E1239 DEZ-STEUERUNG,135840.01,0,1,https://www.google.com/search?tbm=isch&q=DESTACO+98W03-E1239
PNEUMAX,29OT1414,29OT1414 Flow control vale,135551.42,0,0,https://www.google.com/search?tbm=isch&q=PNEUMAX+29OT1414
SIEMENS,6AV7674-1LA43-0AA0,"6AV7674-1LA43-0AA0 Extension Unit 15""",134924.71,0,0,https://www.google.com/search?tbm=isch&q=SIEMENS+6AV7674-1LA43-0AA0
FISCHERWERKE,RG M 20 X 220N,RGM 20*220N Chemical Bolts,134200.0,0,0,https://www.google.com/search?tbm=isch&q=FISCHERWERKE+RG+M+20+X+220N
BUHL,01 SA50PT-2S 01-05CES,01 SA50PT-2S 01-05CES Sicherheitsabst.,134064.0,0,0,https://www.google.com/search?tbm=isch&q=BUHL+01+SA50PT-2S+01-05CES
LUETZE,382913F0004,382913F0004  frame for BS 600mm,133772.94,0,0,https://www.google.com/search?tbm=isch&q=LUETZE+382913F0004
FESTO,1254051,DHPS-25-A-NC parallel gripper,133072.4,0,0,https://www.google.com/search?tbm=isch&q=FESTO+1254051
WEIDMUELLER,1025950160,"Schleppkettenkabel, PROFINET, 16m",132800.58,850.2,0,https://www.google.com/search?tbm=isch&q=WEIDMUELLER+1025950160
SCHMALZ,10.01.17.00201,SGM-S 40 G1/4-IG PNP magnet gripper,132719.0,0,0,https://www.google.com/search?tbm=isch&q=SCHMALZ+10.01.17.00201
PARKER,CP3/4Y22L301719MS,CP3/4Y22L301719MS,132104.76,0,0,https://www.google.com/search?tbm=isch&q=PARKER+CP3/4Y22L301719MS
PARKER,7093-150204,7093-150204 （Black）,132102.67,0,0,https://www.google.com/search?tbm=isch&q=PARKER+7093-150204
ESCHA,8010464,"Y Connector (2x female, 1x male)",131913.6,0,0,https://www.google.com/search?tbm=isch&q=ESCHA+8010464
SEW EURODRIVE,18211836,DFS21B fieldbus interface PROFINET IO,131029.16,0,0,https://www.google.com/search?tbm=isch&q=SEW+EURODRIVE+18211836
FESTO,51EF33GCQPNMKBNMKBNLKASGS2GZ,valve terminal VTSA-F art.no.547965,130638.37,0,0,https://www.google.com/search?tbm=isch&q=FESTO+51EF33GCQPNMKBNMKBNLKASGS2GZ
SMC,C-VQM2-00000444WC8-EBYBBLLUXXX,C-VQM2-00000444WC8-EBYBBLLUXXX,130140.0,0,0,https://www.google.com/search?tbm=isch&q=SMC+C-VQM2-00000444WC8-EBYBBLLUXXX
PARKER,7092-150204,DN40 7092 (Red)1-1/2,129670.44,0,0,https://www.google.com/search?tbm=isch&q=PARKER+7092-150204
SMC,C-VQM4-00000004WC0-EBYLL,C-VQM4-00000004WC0-EBYLL,128622.0,0,0,https://www.google.com/search?tbm=isch&q=SMC+C-VQM4-00000004WC0-EBYLL
FEE,1271390,1271390 Stationsschrank,0,15120.0,0,https://www.google.com/search?tbm=isch&q=FEE+1271390
LEONI,BSCC-GAION-CABLE01,SPR gun prefabricated cable,128260.0,0,2,https://www.google.com/search?tbm=isch&q=LEONI+BSCC-GAION-CABLE01
FESTO,51ENMKBNMKBQWF44GCQNNGKAQFS/45P**,valve terminal VTSA-F art.no.547965,127677.94,0,0,https://www.google.com/search?tbm=isch&q=FESTO+51ENMKBNMKBQWF44GCQNNGKAQFS/45P**
FESTO,51EF44GCQWNMKBQNNLKANDGSNGKAQFS/45P-A-X*,valve terminal VTSA-F art.no.547965,127562.64,0,0,https://www.google.com/search?tbm=isch&q=FESTO+51EF44GCQWNMKBQNNLKANDGSNGKAQFS/45P-A-X*
FESTO,51EF44GCQWNMKBQNNMKBNMKBNMKBNMKBNMKBNGK/,valve terminal VTSA-F art.no.547965,127175.6,0,0,https://www.google.com/search?tbm=isch&q=FESTO+51EF44GCQWNMKBQNNMKBNMKBNMKBNMKBNMKBNGK/
VARIOUS,CJP62/2.5,41x62x2.0 Lighting C-beam hot galvanized,127006.15,0,0,https://www.google.com/search?tbm=isch&q=VARIOUS+CJP62/2.5
SIEMENS,6AV3688-5DA21-0BK0,Keypanel KP8 8x Leuchtdrucktaster,126805.0,15047.0,0,https://www.google.com/search?tbm=isch&q=SIEMENS+6AV3688-5DA21-0BK0
FESTO,51EF44GCQWNMKBNMKBNLKAS/45PAVSMEPP2ATSL,Ventilinsel VTSA-F Art.Nr.547965,0,14902.47,0,https://www.google.com/search?tbm=isch&q=FESTO+51EF44GCQWNMKBNMKBNLKAS/45PAVSMEPP2ATSL
TÜNKERS,SZKD 40 A23 T12,SZKD 40 A23 T12 40HUB cylinder,126608.31,0,0,https://www.google.com/search?tbm=isch&q=TÜNKERS+SZKD+40+A23+T12
RITTAL,8806319-SY-SV,8806319-SY-SV box,126594.0,0,0,https://www.google.com/search?tbm=isch&q=RITTAL+8806319-SY-SV
SMC,CLKQPDB50-195RBLS-P79WSE,CLKQPDB50-195RBLS-P79WSE Cylinder,126560.0,0,0,https://www.google.com/search?tbm=isch&q=SMC+CLKQPDB50-195RBLS-P79WSE
SMC,CLKQPDB50-195RDLS-P79WSE,CLKQPDB50-195RDLS-P79WSE Cylinder,126560.0,0,0,https://www.google.com/search?tbm=isch&q=SMC+CLKQPDB50-195RDLS-P79WSE
SMC,RIP-MI-ND-F04-DNA1988,RIP-MI-ND-F04-DNA1988,126511.0,0,0,https://www.google.com/search?tbm=isch&q=SMC+RIP-MI-ND-F04-DNA1988
ESCHA,8099084,100 m-Ring 8090591  cable,126000.0,0,0,https://www.google.com/search?tbm=isch&q=ESCHA+8099084
JEAN MUELLER,RS-60/183-5,RS-60/183-5 Fuse D02/27mm,125685.57,0,0,https://www.google.com/search?tbm=isch&q=JEAN+MUELLER+RS-60/183-5
SMC,CVQM400000044WP0EBBBBBLL,C-VQM4-00000044WP0-EBBBBBLL valve island,125381.0,0,0,https://www.google.com/search?tbm=isch&q=SMC+CVQM400000044WP0EBBBBBLL
FESTO,558712,NPQM-L-G14-Q8-P10 connector,125187.23,0,0,https://www.google.com/search?tbm=isch&q=FESTO+558712
FEE,1295978,1295978 NC-locomotive control cabinet,0,14720.0,0,https://www.google.com/search?tbm=isch&q=FEE+1295978
SMC,TRBU1208BU-20,TRBU1208BU-20 TUBING - BLUE,125114.0,0,1,https://www.google.com/search?tbm=isch&q=SMC+TRBU1208BU-20
SCHNEIDER ELECTRIC,XCKJ110513H29,XCK-J110513H29 Limit Switch,124583.7,0,0,https://www.google.com/search?tbm=isch&q=SCHNEIDER+ELECTRIC+XCKJ110513H29
SCHMALZ,10.01.17.00202,SGM-S 50 G1/4-IG PNP magnet gripper,124199.24,0,0,https://www.google.com/search?tbm=isch&q=SCHMALZ+10.01.17.00202
BOLL&KIRCH,2.04.5-BFCN DN65,2.04.5-BFCN DN65 filter,123893.8,0,0,https://www.google.com/search?tbm=isch&q=BOLL&KIRCH+2.04.5-BFCN+DN65
SMC,C-VQM4-00000044WP0-EBBBBBBUXXXL,C-VQM4-00000044WP0-EBBBBBBUXXXL,123770.0,0,0,https://www.google.com/search?tbm=isch&q=SMC+C-VQM4-00000044WP0-EBBBBBBUXXXL
SIEMENS,6AV3688-5DA16-0BK0_,6AV3688-5DA16-0BK0 Bedienfeld,122529.24,15751.19,0,https://www.google.com/search?tbm=isch&q=SIEMENS+6AV3688-5DA16-0BK0_
FESTO,51EF34GCQWNMKBNMKBS/45PAVU2A2J2L,valve terminal VTSA-F art.no.547965,122154.96,0,0,https://www.google.com/search?tbm=isch&q=FESTO+51EF34GCQWNMKBNMKBS/45PAVU2A2J2L
SIEMENS,6AV7674-1LA53-0AA0,6AV7674-1LA53-0AA0,122100.0,0,0,https://www.google.com/search?tbm=isch&q=SIEMENS+6AV7674-1LA53-0AA0
FESTO,162810,HE-1/2-D-MIDI valve,122065.78,0,0,https://www.google.com/search?tbm=isch&q=FESTO+162810
OBO BETTERMANN,6044603,6044603 ZST 110 BKRS FT support,121699.83,0,0,https://www.google.com/search?tbm=isch&q=OBO+BETTERMANN+6044603
FESTO,51EF34GCQWNMKBQNNMKBNGKAQFS/45PAVU2B2J2*,Valve island,121237.78,0,0,https://www.google.com/search?tbm=isch&q=FESTO+51EF34GCQWNMKBQNNMKBNGKAQFS/45PAVU2B2J2*
ACE,MA600EUM,MA600EUM shock absorber,121070.0,0,0,https://www.google.com/search?tbm=isch&q=ACE+MA600EUM
LENZE,QEV111ADIPKB,Servo-/Frequenzumrichter 15kW,120967.01,0,0,https://www.google.com/search?tbm=isch&q=LENZE+QEV111ADIPKB
FESTO,51ENMKBNMKBNMKBNMKBQWF44GCQNNGKAQFS/45P~,valve terminal VTSA-F art.no.547965,120650.8,0,0,https://www.google.com/search?tbm=isch&q=FESTO+51ENMKBNMKBNMKBNMKBQWF44GCQNNGKAQFS/45P~
FESTO,51EF44GCQWNMKBQNNMKBNMKBNGKAQFS/45P*,valve terminal VTSA-F art.no.547965,120077.91,0,1,https://www.google.com/search?tbm=isch&q=FESTO+51EF44GCQWNMKBQNNMKBNMKBNGKAQFS/45P*
TÜNKERS,KS 100.2 A03 T12 60°,KS 100.2 A03 T12 60° swivel unit,120000.0,0,0,https://www.google.com/search?tbm=isch&q=TÜNKERS+KS+100.2+A03+T12+60°
SMC,C-VQM4-00000444WP0-EBBBBBBL,C-VQM4-00000444WP0-EBBBBBBL valve,119804.0,0,0,https://www.google.com/search?tbm=isch&q=SMC+C-VQM4-00000444WP0-EBBBBBBL
RITTAL,8205.918,8205.918 Rittal cabinet,119607.72,0,0,https://www.google.com/search?tbm=isch&q=RITTAL+8205.918
SEW EURODRIVE,"K77RCM90M/BR/HR/TF/AK1H/SB50,NE=3000RPM;",K77R CM90M/BR/HR/TF/AK1H/SB50 Motor,119533.42,0,0,"https://www.google.com/search?tbm=isch&q=SEW+EURODRIVE+K77RCM90M/BR/HR/TF/AK1H/SB50,NE=3000RPM;"
SEW EURODRIVE,"K77RCM90M/BR/HR/TF/AK1H/SB50,NE=3000RPM,",K77R CM90M/BR/HR/TF/AK1H/SB50 Motor,119533.42,0,0,"https://www.google.com/search?tbm=isch&q=SEW+EURODRIVE+K77RCM90M/BR/HR/TF/AK1H/SB50,NE=3000RPM,"
WEIDMUELLER,1068820000,Double Power Connector RJ45+Power,119395.4,2951.0,0,https://www.google.com/search?tbm=isch&q=WEIDMUELLER+1068820000
BUHL,01-SA 30 PT 2S02-05CES,01 SA30PT-2S02-05CES Tandemverriegelung,119373.36,0,0,https://www.google.com/search?tbm=isch&q=BUHL+01-SA+30+PT+2S02-05CES
FESTO,51ENMKBNMKBNMKBQWF44GCQNNGKAQFS***,Valve Terminal,119346.03,0,0,https://www.google.com/search?tbm=isch&q=FESTO+51ENMKBNMKBNMKBQWF44GCQNNGKAQFS***
FESTO,525439,"PUN-V0-08x1,25-SW tube black",119186.0,0,0,https://www.google.com/search?tbm=isch&q=FESTO+525439
SMC,TRBU1065B-100,"TRBU1065B-100 Tube,Black",119175.0,0,0,https://www.google.com/search?tbm=isch&q=SMC+TRBU1065B-100
STÄUBLI,100046458,100046458,119020.62,0,0,https://www.google.com/search?tbm=isch&q=STÄUBLI+100046458
FESTO,570352,PUN-V0-14x2-BL-C Kunststoffschlauch,118518.5,0,0,https://www.google.com/search?tbm=isch&q=FESTO+570352
TURCK,1634239,BI2U-MT12-AP6X-H1141 sensor,118506.8,0,0,https://www.google.com/search?tbm=isch&q=TURCK+1634239
SMC,TRBU0805W100,TRBU0805W-100 tubing,118402.0,0,0,https://www.google.com/search?tbm=isch&q=SMC+TRBU0805W100
FESTO,51ENDGSNMKBQWF44GCQNNGKAQFS /,Ventilinsel VTSA-F Art.Nr.547965,0,13890.56,0,https://www.google.com/search?tbm=isch&q=FESTO+51ENDGSNMKBQWF44GCQNNGKAQFS+/
INDU-SOL,612080669,PROmanage NT 960P,117853.81,0,0,https://www.google.com/search?tbm=isch&q=INDU-SOL+612080669
FESTO,51EF44GCQWNMKBNLKAS/45PAVSMELLVBWMVBWMVB,Ventilinsel VTSA-F Art.Nr.547965,117720.36,0,0,https://www.google.com/search?tbm=isch&q=FESTO+51EF44GCQWNMKBNLKAS/45PAVSMELLVBWMVBWMVB
FESTO,170865,DFM-40-50-P-A-GF Guided drive,117388.95,0,0,https://www.google.com/search?tbm=isch&q=FESTO+170865
CAMOZZI,SCU604-1/8-CN11,SCU 604-1/8-CN11 Speed Valve,117181.44,0,0,https://www.google.com/search?tbm=isch&q=CAMOZZI+SCU604-1/8-CN11
FESTO,51EF44GCQWNMKBQNNMKBNMKBS/45PAVSME3A5JL,valve terminal VTSA-F art.no.547965,117143.85,0,0,https://www.google.com/search?tbm=isch&q=FESTO+51EF44GCQWNMKBQNNMKBNMKBS/45PAVSME3A5JL
TSUBAKI KABELSCHLEPP,KC0900.153-RV-245-6390,KC0900.153-RV-245-6390 Drag Chain,116814.18,0,0,https://www.google.com/search?tbm=isch&q=TSUBAKI+KABELSCHLEPP+KC0900.153-RV-245-6390
LAPP,4521001,4521001 H07V-K 1x25mm2 cable GN/YE,116140.0,0,0,https://www.google.com/search?tbm=isch&q=LAPP+4521001
FESTO,51ENMKBQWF44GCQNS/45PAXP2SMEPM3BOZOWH4,valve terminal,116024.86,0,0,https://www.google.com/search?tbm=isch&q=FESTO+51ENMKBQWF44GCQNS/45PAXP2SMEPM3BOZOWH4
TÜNKERS,15033000,"K 63 UZB T12 X=1,00-6,00 clamp",115656.0,0,0,https://www.google.com/search?tbm=isch&q=TÜNKERS+15033000
SEW EURODRIVE,18250157,Switching module PZM2XA-A150-D03-00,115640.64,0,0,https://www.google.com/search?tbm=isch&q=SEW+EURODRIVE+18250157
BALLUFF,BIC007F,BIC 1B0-IT1A7-Q40KFU-SM4A4A,115613.14,0,0,https://www.google.com/search?tbm=isch&q=BALLUFF+BIC007F
VARIOUS,RVVY 4G6,RVVY 4G6 cable,115202.5,0,0,https://www.google.com/search?tbm=isch&q=VARIOUS+RVVY+4G6
FESTO,51EF44GCQWNMKBQNNMKBNMKBNMKBNMKBNGKAQF*,valve terminal VTSA-F art.no.547965,115124.64,0,0,https://www.google.com/search?tbm=isch&q=FESTO+51EF44GCQWNMKBQNNMKBNMKBNMKBNMKBNGKAQF*
DANFOSS,FC-302P7K5T5E20H2BGCXXXS067XALBRCXXXXDX,FC-302P7K5T5E20H2BGCXXXS067XALBRCXXXXDX,114406.21,0,0,https://www.google.com/search?tbm=isch&q=DANFOSS+FC-302P7K5T5E20H2BGCXXXS067XALBRCXXXXDX
SICK,2102289,Befestigungssatz Heavy Duty zur Bodenmon,114304.26,0,0,https://www.google.com/search?tbm=isch&q=SICK+2102289
VARIOUS,EGT080,EGT080 Cross connection SW80-SW80,114221.71,0,0,https://www.google.com/search?tbm=isch&q=VARIOUS+EGT080
SIEMENS,6ES7131-6BF00-0CA0,SIMATIC ET 200SP Eingangsmodul DI8x24VDC,114187.98,0,0,https://www.google.com/search?tbm=isch&q=SIEMENS+6ES7131-6BF00-0CA0
PFANNENBERG,13088298466,DTS8241A  evaporator,114117.61,0,0,https://www.google.com/search?tbm=isch&q=PFANNENBERG+13088298466
SEW EURODRIVE,08199701/7.0,08199701/7.0m Cable,113914.03,0,2,https://www.google.com/search?tbm=isch&q=SEW+EURODRIVE+08199701/7.0
FESTO,561705,PUN-V0-12x2-BL-C Kunststoffschlauch,113407.6,0,0,https://www.google.com/search?tbm=isch&q=FESTO+561705
WEIDMUELLER,2464570000,UR20-4DI-4DO-PN-FSPS-V2,113036.4,0,0,https://www.google.com/search?tbm=isch&q=WEIDMUELLER+2464570000
DESTACO,VV85K50-180L8,VV85K50-180L8 Verfahreinheit mit,112848.48,0,0,https://www.google.com/search?tbm=isch&q=DESTACO+VV85K50-180L8
SMC,C-VQM2-00000044-WP8-EBBBBBBL,C-VQM2-00000044-WP8-EBBBBBBL ValveIsland,112596.0,0,0,https://www.google.com/search?tbm=isch&q=SMC+C-VQM2-00000044-WP8-EBBBBBBL
WEIDMUELLER,2464590000,UR20-8DI-PN-FSPS-V2,112506.0,0,0,https://www.google.com/search?tbm=isch&q=WEIDMUELLER+2464590000
TÜNKERS,SZKD 63.5 A13 T00 60,SZKD 63.5 A13 T00 60 Cylinder,112224.0,0,0,https://www.google.com/search?tbm=isch&q=TÜNKERS+SZKD+63.5+A13+T00+60
UNIVER,IBP40VEE,IBP40_VEE,112000.0,0,0,https://www.google.com/search?tbm=isch&q=UNIVER+IBP40VEE
PHOENIX,FL WLAN AP SUIT,FL WLAN AP SUIT Adapter,112000.0,0,0,https://www.google.com/search?tbm=isch&q=PHOENIX+FL+WLAN+AP+SUIT
TÜNKERS,SZK 40 A00 T00 40,SZK 40 A00 T00 Hub 40 Clamp,111564.0,0,0,https://www.google.com/search?tbm=isch&q=TÜNKERS+SZK+40+A00+T00+40
SEW EURODRIVE,17962196,braking resistor BW033-012-01,110994.84,0,0,https://www.google.com/search?tbm=isch&q=SEW+EURODRIVE+17962196
SMC,RIPSVWNDF04DNW0230,RIP-SVW-ND-F04-DNW0230 rip,110142.0,0,0,https://www.google.com/search?tbm=isch&q=SMC+RIPSVWNDF04DNW0230
SEW EURODRIVE,A00000002B03983,PHC21A-A022M1-E21A-00/S11 2.2KW movipro,110043.95,0,0,https://www.google.com/search?tbm=isch&q=SEW+EURODRIVE+A00000002B03983
ESCHA,AL-WAK4-5-AL-WAS4/S740,AL-WAK4-5-AL-WAS4/S740 Connector,109860.0,0,1,https://www.google.com/search?tbm=isch&q=ESCHA+AL-WAK4-5-AL-WAS4/S740
FESTO,51ENMKBNMKBQWF44GCQNNGKAQFS/45PAXP2SME,valve terminal VTSA-F art.no.547965,109587.8,0,1,https://www.google.com/search?tbm=isch&q=FESTO+51ENMKBNMKBQWF44GCQNNGKAQFS/45PAXP2SME
KOSMEK,VS0250-MD,VS0250-MD Pallet Clamp,108995.55,0,0,https://www.google.com/search?tbm=isch&q=KOSMEK+VS0250-MD
PARKER,837PU-12-RED-RL,"837PU-12-RED-RL ,Hybrid Pusch-Lock",108928.13,0,0,https://www.google.com/search?tbm=isch&q=PARKER+837PU-12-RED-RL
GSEE,10092302,MK5211-0/13.5  Connector,108893.9,0,0,https://www.google.com/search?tbm=isch&q=GSEE+10092302
OBO BETTERMANN,6061987,6061987 BKRS 1140 FS,108577.6,0,0,https://www.google.com/search?tbm=isch&q=OBO+BETTERMANN+6061987
HILTI,2127891,Seismik-/Verfüll-Set M20,108299.4,0,0,https://www.google.com/search?tbm=isch&q=HILTI+2127891
FESTO,51EF34GCQWNMKBQNNMKBNMKBNGKAQFS/_,Valve island,107866.95,0,3,https://www.google.com/search?tbm=isch&q=FESTO+51EF34GCQWNMKBQNNMKBNMKBNGKAQFS/_
SMC,SY7220-5DOS-02,SY7220-5DOS-02 Valve,107460.0,0,0,https://www.google.com/search?tbm=isch&q=SMC+SY7220-5DOS-02
SMC,CVQM200000044WP8EBBBLÜX,valve island,105688.0,0,1,https://www.google.com/search?tbm=isch&q=SMC+CVQM200000044WP8EBBBLÜX
WEIDMUELLER,2566380000,UR20-FBC-PN-IRT-V2,105337.4,0,0,https://www.google.com/search?tbm=isch&q=WEIDMUELLER+2566380000
SCHMALZ,10.01.06.00850,SAB 80 NBR-60 G1/4-IG suction pad,105224.01,0,0,https://www.google.com/search?tbm=isch&q=SCHMALZ+10.01.06.00850
VARIOUS,NFC-FLEX110 4G6,NFC-FLEX110 4G6 Cable,104688.0,0,0,https://www.google.com/search?tbm=isch&q=VARIOUS+NFC-FLEX110+4G6
WEIDMUELLER,1394400000,UR20-8DI-P-3W,104554.8,0,0,https://www.google.com/search?tbm=isch&q=WEIDMUELLER+1394400000
THIELMANN,AN012901,AN012901 Reinigungsysteme MIG -Schweißen,0,12300.48,0,https://www.google.com/search?tbm=isch&q=THIELMANN+AN012901
FESTO,51EF44GCQWNMKBQNNMKBS/45PAXSSME3ASK****,Valve island,104417.46,0,0,https://www.google.com/search?tbm=isch&q=FESTO+51EF44GCQWNMKBQNNMKBS/45PAXSSME3ASK****
LENZE,13603084,g500-B1500/MCS19P30-RV0P2 Motor,104273.67,0,0,https://www.google.com/search?tbm=isch&q=LENZE+13603084
FESTO,2078,FR-8-1/4 manifold,103834.84,0,0,https://www.google.com/search?tbm=isch&q=FESTO+2078
SMC,HIP-MI-ND-14-DNA1990,HIP-MI-ND-14-DNA1990 HIP,103692.0,0,0,https://www.google.com/search?tbm=isch&q=SMC+HIP-MI-ND-14-DNA1990
FESTO,9543,QH-1/2 Kugelhahn,103569.2,0,0,https://www.google.com/search?tbm=isch&q=FESTO+9543
PFANNENBERG,13048090336,13048090336 air conditioning,103558.84,0,0,https://www.google.com/search?tbm=isch&q=PFANNENBERG+13048090336
FESTO,558665,NPQM-D-G14-Q8-P10 connector,103472.6,0,0,https://www.google.com/search?tbm=isch&q=FESTO+558665
FESTO,51EF44GCQWNMKBQNNMKBNMKBNGKAQFS,valve terminal VTSA-F art.no.547965,103452.87,0,3,https://www.google.com/search?tbm=isch&q=FESTO+51EF44GCQWNMKBQNNMKBNMKBNGKAQFS
RUD,8500826,"VLBG 2,5t M20 Lastbock mit Schraube",0,12151.38,0,https://www.google.com/search?tbm=isch&q=RUD+8500826
TURCK,TNSLR-Q80WD-H1147,TNSLR-Q80WD-H1147  Read writing,103180.0,0,0,https://www.google.com/search?tbm=isch&q=TURCK+TNSLR-Q80WD-H1147
SIEMENS,6AV2107-0UP00-0BB0,SIMATIC ProDiag Comfort/Mobile Panel,102472.18,0,0,https://www.google.com/search?tbm=isch&q=SIEMENS+6AV2107-0UP00-0BB0
DESTACO,82M-3E03H050L8,82M-3E03H050L8 clamp,102328.44,0,0,https://www.google.com/search?tbm=isch&q=DESTACO+82M-3E03H050L8
THK,HSR30 A 2  SS +2400L-II,HSR30 A 2  SS +2400L-II,102300.56,0,0,https://www.google.com/search?tbm=isch&q=THK+HSR30+A+2++SS++2400L-II
UNIVER,UCBP63OESK0,UCBP63OESK0 Clamp,102300.0,0,0,https://www.google.com/search?tbm=isch&q=UNIVER+UCBP63OESK0
FISCHERWERKE,RGM 20*260N,RGM 20*260N,102080.0,0,0,https://www.google.com/search?tbm=isch&q=FISCHERWERKE+RGM+20*260N
FESTO,51EF44GCQWNMKBQNNMKBNGKAQFS_,Valve island,101947.24,0,1,https://www.google.com/search?tbm=isch&q=FESTO+51EF44GCQWNMKBQNNMKBNGKAQFS_
APS,APS88080W,APS-8-8080W aluminium profile,101770.77,0,0,https://www.google.com/search?tbm=isch&q=APS+APS88080W
FESTO,8158152,VOFA-M33C-MH-G1/2-1C1-CS  Control module,101649.52,0,0,https://www.google.com/search?tbm=isch&q=FESTO+8158152
HARTING,113410,19300160587 Housing HAN 16B M32,101506.0,0,0,https://www.google.com/search?tbm=isch&q=HARTING+113410
SMC,C-VQM4-00000004WP0-EBBBLL,C-VQM4-00000004WP0-EBBBLL,101270.0,0,0,https://www.google.com/search?tbm=isch&q=SMC+C-VQM4-00000004WP0-EBBBLL
PHOENIX,1389953,CUC-IND-C1ZNI-IP20,101056.0,0,0,https://www.google.com/search?tbm=isch&q=PHOENIX+1389953
FESTO,51ENMKBNMKBNMKBF44GCQWS/45PAXSME2A3,valve terminal,100672.2,0,0,https://www.google.com/search?tbm=isch&q=FESTO+51ENMKBNMKBNMKBF44GCQWS/45PAXSME2A3
FESTO,51EIKANMKBNMKBNMKBF44GCQWS/45PAXSME3A4JL,Valve terminal,100581.84,0,0,https://www.google.com/search?tbm=isch&q=FESTO+51EIKANMKBNMKBNMKBF44GCQWS/45PAXSME3A4JL
TÜNKERS,SZKD 63.5 A23 T00 60,SZKD 63.5 A23 T00 60 Cylinder,100534.0,0,0,https://www.google.com/search?tbm=isch&q=TÜNKERS+SZKD+63.5+A23+T00+60
LENZE,QEV111ADJEDF,QEV111ADJEDF SYS-CABLE-RES 40M DC,100275.2,0,0,https://www.google.com/search?tbm=isch&q=LENZE+QEV111ADJEDF
GSEE,IRB8-M18P-E2-M,IRB8-M18P-E2-M Sensor,100236.72,0,0,https://www.google.com/search?tbm=isch&q=GSEE+IRB8-M18P-E2-M
OBO BETTERMANN,6049125,6049125 DBKR 400 FS,99924.38,0,0,https://www.google.com/search?tbm=isch&q=OBO+BETTERMANN+6049125
WEIDMUELLER,1191550000,1191550000 Pushpull Plug SCRJ/IP67 POF,99841.7,2404.8,0,https://www.google.com/search?tbm=isch&q=WEIDMUELLER+1191550000
ESCHA,AL-WWAK4P3.1-2-AL-WAS4/S740,AL-WWAK4P3.1-2-AL-WAS4/S740 Connector,99740.0,0,0,https://www.google.com/search?tbm=isch&q=ESCHA+AL-WWAK4P3.1-2-AL-WAS4/S740
HIRSCHMANN,943897-001,943897-001 M-SFP-LX/LC_EEC-Transc.HIR,99398.16,0,0,https://www.google.com/search?tbm=isch&q=HIRSCHMANN+943897-001
WALTHER,153611,1-91390-2-FT004-AAAB-Y01-AA Multikupplun,99134.0,31920.7,0,https://www.google.com/search?tbm=isch&q=WALTHER+153611
FESTO,570915,VABF-S6-1-P5A4-G12-4-1-P-SA valve,98978.62,0,0,https://www.google.com/search?tbm=isch&q=FESTO+570915
LENZE,QEV111AIJA7E,I0FAE355F100D0001S MAINS-FILTER,98784.88,0,0,https://www.google.com/search?tbm=isch&q=LENZE+QEV111AIJA7E
TÜNKERS,3010103126,K 63 UZ H-L T12 A24.9 L4=65+t(5~12mm),98567.4,0,0,https://www.google.com/search?tbm=isch&q=TÜNKERS+3010103126
TÜNKERS,3010103125,K 63 UZ H-L T12 A24.7 L4=65+t(5~12mm),98567.4,0,0,https://www.google.com/search?tbm=isch&q=TÜNKERS+3010103125
SEW EURODRIVE,8243107,"DEH11B HIPERFACE, CARD FOR ENCODER",98547.94,0,0,https://www.google.com/search?tbm=isch&q=SEW+EURODRIVE+8243107
FESTO,51EF34GCQWNMKBQNNMKBNMKBNMKBNLKANGKAQFS-,Valve island,98409.28,0,0,https://www.google.com/search?tbm=isch&q=FESTO+51EF34GCQWNMKBQNNMKBNMKBNMKBNLKANGKAQFS-
HIRSCHMANN,942076-999,Switch MSP30-240-40TCZ9MRHHE3AXX.X.XX,98407.08,0,0,https://www.google.com/search?tbm=isch&q=HIRSCHMANN+942076-999
FESTO,51EF44GCQWNMKBNGKAQFS/45P-A-XP2-SMEPM-3B,valve terminal VTSA-F art.no.547965,98294.2,0,0,https://www.google.com/search?tbm=isch&q=FESTO+51EF44GCQWNMKBNGKAQFS/45P-A-XP2-SMEPM-3B
LUETZE,387701F0000,Frame for PS cabinet 1000mm,98200.9,0,0,https://www.google.com/search?tbm=isch&q=LUETZE+387701F0000
FESTO,32961,LNZG-63/80 Trunnion support,98149.54,0,0,https://www.google.com/search?tbm=isch&q=FESTO+32961
LENZE,13605232,g500-B8000/m540-P112/M4  Motor,98148.79,0,0,https://www.google.com/search?tbm=isch&q=LENZE+13605232
FESTO,51EF34GCQWNMKBQNNMKBNMKBS/45PAVU2A3JL,Valve island,97490.54,0,0,https://www.google.com/search?tbm=isch&q=FESTO+51EF34GCQWNMKBQNNMKBNMKBS/45PAVU2A3JL
UNIVER,UBP50OEE,UBP50OEE Universal clamp size 50,97340.0,0,0,https://www.google.com/search?tbm=isch&q=UNIVER+UBP50OEE
SEW EURODRIVE,MDX61B0220-5A3-4-0T,MDX61B0220-5A3-4-0T Frequency converters,97057.5,0,0,https://www.google.com/search?tbm=isch&q=SEW+EURODRIVE+MDX61B0220-5A3-4-0T
VARIOUS,EGT110,EGT_110 / 80RD40-X90 adapter,96986.98,0,0,https://www.google.com/search?tbm=isch&q=VARIOUS+EGT110
SCHMALZ,10.01.17.00163,SGM 40 G1/4-IG Magnetgreifer,96853.68,0,0,https://www.google.com/search?tbm=isch&q=SCHMALZ+10.01.17.00163
TÜNKERS,13352000,K 63 UZB T12 X 0-00 4-50 clamp,96724.0,0,0,https://www.google.com/search?tbm=isch&q=TÜNKERS+13352000
DESTACO,82M-3E030050K8ALS25,82M-3E030050K8ALS25 clamp 120°,96414.26,0,0,https://www.google.com/search?tbm=isch&q=DESTACO+82M-3E030050K8ALS25
HILTI,HIT-HY 200-R/500ML,HIT-HY200-R/500ML,96358.53,0,0,https://www.google.com/search?tbm=isch&q=HILTI+HIT-HY+200-R/500ML
WENGLOR,P1NH601,P1NH601 sensor,96231.43,0,0,https://www.google.com/search?tbm=isch&q=WENGLOR+P1NH601
FESTO,51EF44GCQWNMKBQNNMKBNMKBNGKAQFS/45PAX***,Valve island,96122.32,0,0,https://www.google.com/search?tbm=isch&q=FESTO+51EF44GCQWNMKBQNNMKBNMKBNGKAQFS/45PAX***
LENZE,QEV111ACSJD4,Bremswiderstand,96067.53,0,1,https://www.google.com/search?tbm=isch&q=LENZE+QEV111ACSJD4
FESTO,51EF44GCQWNMKBQNNMKBNMKBNGKAQFS/45PAXSL,Valve island,95970.64,0,0,https://www.google.com/search?tbm=isch&q=FESTO+51EF44GCQWNMKBQNNMKBNMKBNGKAQFS/45PAXSL
DESTACO,RFM125.2-30-V/LS-PX-P-G-X,RFM125.2-30-V/LS-PX-P-G-X Cylinder,95774.04,0,0,https://www.google.com/search?tbm=isch&q=DESTACO+RFM125.2-30-V/LS-PX-P-G-X
PARKER,801-16-BLK-RL,801-16-BLK-RL tube,95754.64,0,0,https://www.google.com/search?tbm=isch&q=PARKER+801-16-BLK-RL
FESTO,578284,NPQH-L-G14-Q8-P10 Push-in L-fitting,95671.32,0,0,https://www.google.com/search?tbm=isch&q=FESTO+578284
SEW EURODRIVE,8279802,FU movidrive 7.5KW(105x314x234),95560.3,0,0,https://www.google.com/search?tbm=isch&q=SEW+EURODRIVE+8279802
SICK,1211483,C4C-EA15010A10000 light curtain,94460.16,0,0,https://www.google.com/search?tbm=isch&q=SICK+1211483
OBO BETTERMANN,6049121,6049121 DBKR 200 FS,94340.29,0,0,https://www.google.com/search?tbm=isch&q=OBO+BETTERMANN+6049121
FESTO,51EF44GCQWNMKBQNNMKBNLKAS/45PAXSSME*****,Valve island,94088.64,0,0,https://www.google.com/search?tbm=isch&q=FESTO+51EF44GCQWNMKBQNNMKBNLKAS/45PAXSSME*****
LAPP,3911006,3911006 60227IEC02(RV) CCC VDE RoHS 1X16,93880.0,0,0,https://www.google.com/search?tbm=isch&q=LAPP+3911006
SICK,2066614,BEF-1SHABPKU4 FlexFix-holder,93865.2,0,1,https://www.google.com/search?tbm=isch&q=SICK+2066614
SMC,C-VQM2-00000044WP8-EBBBUXXLL,C-VQM2-00000044WP8-EBBBUXXLL,93830.0,0,0,https://www.google.com/search?tbm=isch&q=SMC+C-VQM2-00000044WP8-EBBBUXXLL
WEIDMUELLER,2566452600,"Sensorleitg.M12 5p.,St ger.->Bu.ger. 26m",93782.92,436.59,0,https://www.google.com/search?tbm=isch&q=WEIDMUELLER+2566452600
FESTO,162722,LFR-1/2-D-5M-MIDI Filter-Regelventil,93570.75,0,0,https://www.google.com/search?tbm=isch&q=FESTO+162722
VITRONIC,155094,155094 SUMCAB Komplettpaket Achse 1-6,0,11002.5,0,https://www.google.com/search?tbm=isch&q=VITRONIC+155094
SCHMALZ,10.01.03.00223,HTR-UNI 2N G2 80 holder 10.01.03.00223,93512.3,0,0,https://www.google.com/search?tbm=isch&q=SCHMALZ+10.01.03.00223
MULTI CONTACT,33002378-1002021,RobiFix Konfektionierte Schweißleitung,93417.17,0,0,https://www.google.com/search?tbm=isch&q=MULTI+CONTACT+33002378-1002021
SMC,AC40X-04-B-DNA1810,AC40X-04-B-DNA1810 Tri-connect part,93140.0,0,1,https://www.google.com/search?tbm=isch&q=SMC+AC40X-04-B-DNA1810
FEE,EGT274,EGT_274 connection 40er clamp,92828.4,0,0,https://www.google.com/search?tbm=isch&q=FEE+EGT274
BASF,MASTERFLOW 870 CEMENT / 25KG,BASF MasterFlow 870 Cement / 25kg,92766.72,0,0,https://www.google.com/search?tbm=isch&q=BASF+MASTERFLOW+870+CEMENT+/+25KG
SIEMENS,6ES7132-4BD02-0AA0,6ES7132-4BD02-0AA0 ELCTR.DIGIT.MODULE4DO,92719.04,0,0,https://www.google.com/search?tbm=isch&q=SIEMENS+6ES7132-4BD02-0AA0
GSEE,10092322,MZ5211-0/13.5 CABLE,92610.7,0,0,https://www.google.com/search?tbm=isch&q=GSEE+10092322
LEONI,844054,844054  Electric servo UIR feedback line,92586.5,0,0,https://www.google.com/search?tbm=isch&q=LEONI+844054
STAUDINGER,F001779.V11,(CE) dezentraler Spannungsverteiler Vert,0,10881.53,0,https://www.google.com/search?tbm=isch&q=STAUDINGER+F001779.V11
PARKER,801-8-BLK-RL,"801-8-BLK-RL 1/2"" Parker Push-Lok Hose",92328.84,0,0,https://www.google.com/search?tbm=isch&q=PARKER+801-8-BLK-RL
LAPP,39295021,BS 502 XLPE/PVC 1X95GNYE cable,92262.0,0,0,https://www.google.com/search?tbm=isch&q=LAPP+39295021
SMC,C-VQM4-00000044WC0-EBBLL,C-VQM4-00000044WC0-EBBLL,92081.0,0,0,https://www.google.com/search?tbm=isch&q=SMC+C-VQM4-00000044WC0-EBBLL
TURCK,1636240,BI10U-MT30-AP6X-H1141 sensor,91825.37,0,0,https://www.google.com/search?tbm=isch&q=TURCK+1636240
FESTO,51EF33GCQPNMKBSGS2GZ/,valve terminal VTSA-F art.no.547965,91610.42,0,0,https://www.google.com/search?tbm=isch&q=FESTO+51EF33GCQPNMKBSGS2GZ/
LAPP,1119625,1119625 Control Cable 5G16qmm,91485.5,0,0,https://www.google.com/search?tbm=isch&q=LAPP+1119625
IFM,O6P201,O6P201,91464.0,0,0,https://www.google.com/search?tbm=isch&q=IFM+O6P201
FESTO,536359,ADN-080-050-A-P-A cylinder,90919.8,0,0,https://www.google.com/search?tbm=isch&q=FESTO+536359
SIEMENS,6GK1901-0DB20-6AA0,6GK1901-0DB20-6AA0 CONNECTOR M12 D-CODED,90688.54,587.28,0,https://www.google.com/search?tbm=isch&q=SIEMENS+6GK1901-0DB20-6AA0
LUMBERG,5M2F2-9056/5M,AL-WAK5-5-AL-WAS5/S7400/S8080,90580.0,0,0,https://www.google.com/search?tbm=isch&q=LUMBERG+5M2F2-9056/5M
SEW EURODRIVE,8271178,Netzfilter 48A 3x500+/-10%,90535.74,0,0,https://www.google.com/search?tbm=isch&q=SEW+EURODRIVE+8271178
VARIOUS,RVVY 3G35,RVVY 3G35 cable,90360.0,0,0,https://www.google.com/search?tbm=isch&q=VARIOUS+RVVY+3G35
FESTO,170864,DFM-40-025-P-A-GF Guided drive,90320.78,0,0,https://www.google.com/search?tbm=isch&q=FESTO+170864
LUMBERG,STL 9029,STL 9029 CABLE,90300.0,0,0,https://www.google.com/search?tbm=isch&q=LUMBERG+STL+9029
SEW EURODRIVE,S0000 0000 0B57 48,S0000 0000 0B57 48,90261.84,0,0,https://www.google.com/search?tbm=isch&q=SEW+EURODRIVE+S0000+0000+0B57+48
TÜNKERS,SZVD 50 A13 T12 40,SZVD 50 A13 T12 stroke 40 pin unit,90201.12,0,0,https://www.google.com/search?tbm=isch&q=TÜNKERS+SZVD+50+A13+T12+40
FESTO,51ENIKAPKANLKANMKBQWF34GCQNS/45PAV1DBOZF,valve terminal VTSA-F art. no. 547965,90124.56,0,0,https://www.google.com/search?tbm=isch&q=FESTO+51ENIKAPKANLKANMKBQWF34GCQNS/45PAV1DBOZF
SENSOPART,631-91117,V10-CR-A3-R-M-M2-L-00 Code Reader,90108.2,0,0,https://www.google.com/search?tbm=isch&q=SENSOPART+631-91117
TÜNKERS,397234,LE 100 100 VRL SB T02 pneum. guide unit,90000.0,0,0,https://www.google.com/search?tbm=isch&q=TÜNKERS+397234
SIEMENS,6XV1840-3AH10,"6XV1840-3AH10 SIMATIC NET, IE FC TP TRAI",89598.0,0,0,https://www.google.com/search?tbm=isch&q=SIEMENS+6XV1840-3AH10
BOSCH REXROTH,R480627284,822207202 TRB 160x50 Cylinder,89203.44,5989.76,0,https://www.google.com/search?tbm=isch&q=BOSCH+REXROTH+R480627284
DESTACO,82M-3E230080K8UMS20,82M-3E230080K8UMS20 power clamp 105°,89026.78,0,0,https://www.google.com/search?tbm=isch&q=DESTACO+82M-3E230080K8UMS20
WOEHNER,33234,"33234 Secur LeanStreamter T00, 60mm 3P",88841.97,0,0,https://www.google.com/search?tbm=isch&q=WOEHNER+33234
FESTO,51ENMKBQWF44GCQNS/45PAXP2SMEPM2BOZOWH2JL,valve terminal,88674.6,0,0,https://www.google.com/search?tbm=isch&q=FESTO+51ENMKBQWF44GCQNS/45PAXP2SMEPM2BOZOWH2JL
GSEE,YWZ4-2EK3/LG,YWZ4-2EK3/LG Cable,88500.0,0,0,https://www.google.com/search?tbm=isch&q=GSEE+YWZ4-2EK3/LG
LUETZE,381029F0004,"LSC-Air_Stream (BS), 800mm (750)",88200.0,0,0,https://www.google.com/search?tbm=isch&q=LUETZE+381029F0004
PHOENIX,1388728,FL FOC PN-B-C-FLEX-980/1000 fiber,88000.0,0,0,https://www.google.com/search?tbm=isch&q=PHOENIX+1388728
FESTO,51EF34GCQWNMKBQNNMKBNMKBNMKBNGKAQFS——,Valve island,87945.6,0,0,https://www.google.com/search?tbm=isch&q=FESTO+51EF34GCQWNMKBQNNMKBNMKBNMKBNGKAQFS——
FESTO,51EF33GCQPNMKBNMKBNLKANLKASGS2GZ,valve terminal VTSA-F art.no.547965,87790.6,0,0,https://www.google.com/search?tbm=isch&q=FESTO+51EF33GCQPNMKBNMKBNLKANLKASGS2GZ
WALTHER,1-91390-2-FT004-AAAB-Y01-AA,1-91390-2-FT004-AAAB-Y01-AA Multikupplun,0,10321.38,0,https://www.google.com/search?tbm=isch&q=WALTHER+1-91390-2-FT004-AAAB-Y01-AA
DANFOSS,FC-302P15KT5E20H2BGCXXXSXXXXALBRCXXXXDX,FC-302P15KT5E20H2BGCXXXSXXXXALBRCXXXXDX,87647.1,0,0,https://www.google.com/search?tbm=isch&q=DANFOSS+FC-302P15KT5E20H2BGCXXXSXXXXALBRCXXXXDX
SMC,MGPA50-50Z-XC35,MGPA50-050Z-XC35 Cylinder,87372.0,0,0,https://www.google.com/search?tbm=isch&q=SMC+MGPA50-50Z-XC35
FESTO,23456481,I/O-Modul - Cu-Safety,87345.79,0,0,https://www.google.com/search?tbm=isch&q=FESTO+23456481
OBO BETTERMANN,6061983,6061983  BKRS 1120 FS,87075.72,0,0,https://www.google.com/search?tbm=isch&q=OBO+BETTERMANN+6061983
FESTO,51ENMKBNMKBF44GCQWS/45PAXSSME3AOZOWH3JOL,Ventilinsel VTSA-F Art.Nr.547965,0,10215.3,0,https://www.google.com/search?tbm=isch&q=FESTO+51ENMKBNMKBF44GCQWS/45PAXSSME3AOZOWH3JOL
SEW EURODRIVE,17962242,BW050-008-01 Bremswiderstand,86721.74,0,0,https://www.google.com/search?tbm=isch&q=SEW+EURODRIVE+17962242
SMC,TRBU0805Y20,TRBU0805Y-20 Schlauch,86715.0,0,1,https://www.google.com/search?tbm=isch&q=SMC+TRBU0805Y20
SMC,TRBU0805G-20,TRBU0805G-20 TUBING - GREEN,86715.0,0,1,https://www.google.com/search?tbm=isch&q=SMC+TRBU0805G-20
SMC,ZK2C07R5DLA-08-P,ZK2C07R5DLA-08-P Vacuum Generator,86520.0,0,0,https://www.google.com/search?tbm=isch&q=SMC+ZK2C07R5DLA-08-P
LAPP,8301002811,8301002811  ÖLFLEX ROBOT 915,86448.0,0,0,https://www.google.com/search?tbm=isch&q=LAPP+8301002811
FESTO,51EF33GCQPNMKBNMKBT/45PAXSSME2BOZOWH2JL,valve terminal VTSA-F-FB Art.Nr.547965,86370.38,0,0,https://www.google.com/search?tbm=isch&q=FESTO+51EF33GCQPNMKBNMKBT/45PAXSSME2BOZOWH2JL
SICK,1211502,Lichtvorhang de Tec4 Core Empfänger,86345.23,0,0,https://www.google.com/search?tbm=isch&q=SICK+1211502
FESTO,51EF34GCQWNMKBQNNMKBS/45PAVU3A4J2L,valve unit,86032.12,0,0,https://www.google.com/search?tbm=isch&q=FESTO+51EF34GCQWNMKBQNNMKBS/45PAVU3A4J2L
SMC,C-VQM2-00000044-WP8-EBBBBL,C-VQM2-00000044-WP8-EBBBBL Valve Island,85730.0,0,0,https://www.google.com/search?tbm=isch&q=SMC+C-VQM2-00000044-WP8-EBBBBL
SICK,1211482,C4C-SA15010A10000 light curtain,85465.5,0,0,https://www.google.com/search?tbm=isch&q=SICK+1211482
FEE,EGT143,EGT_143 / RD30-30-L90 KE T-screwing,84858.5,0,0,https://www.google.com/search?tbm=isch&q=FEE+EGT143
SIEMENS,6ES7138-4FR00-0AA0,6ES7138-4FR00-0AA0 FAIL-SAFE 1P RELAY 5A,84710.03,0,0,https://www.google.com/search?tbm=isch&q=SIEMENS+6ES7138-4FR00-0AA0
STÄUBLI,K81558227,Adapterflansch Fanuc PC 200 (6xM12),84648.8,0,0,https://www.google.com/search?tbm=isch&q=STÄUBLI+K81558227
FESTO,23438448,CN_CS.3168738.01.A .02PL Control Box,84500.0,0,0,https://www.google.com/search?tbm=isch&q=FESTO+23438448
SMC,C-VQM2-00000444WP8-EBBBBBLÜX,C-VQM2-00000444WP8-EBBBBBLÜX Valve,84228.0,0,0,https://www.google.com/search?tbm=isch&q=SMC+C-VQM2-00000444WP8-EBBBBBLÜX
FESTO,1463475_0800-PPVA-N3,DSBC-063-0800-PPVA-N3 cylinder,84040.52,0,0,https://www.google.com/search?tbm=isch&q=FESTO+1463475_0800-PPVA-N3
TÜNKERS,3010102982,03010102982 K 60 UZ T12 A19.9 L4=70+5.5,83952.72,0,0,https://www.google.com/search?tbm=isch&q=TÜNKERS+3010102982
SICK,6027388,IN40-E0101K safety sensor,83850.46,0,0,https://www.google.com/search?tbm=isch&q=SICK+6027388
VARIOUS,"RVVY 5G2,5","RVVY 5G2,5 Cable",83680.0,0,0,"https://www.google.com/search?tbm=isch&q=VARIOUS+RVVY+5G2,5"
SCHNEIDER ELECTRIC,XCKJ10513D,XCK-J10513D limit switch,83090.67,0,1,https://www.google.com/search?tbm=isch&q=SCHNEIDER+ELECTRIC+XCKJ10513D
OBO BETTERMANN,6059836,6059836 SKSMU 110 FS Cable tray,82963.37,0,0,https://www.google.com/search?tbm=isch&q=OBO+BETTERMANN+6059836
LENZE,13603083,g500-B1500/MCS19P30-RV0P2 Motor,82812.12,0,0,https://www.google.com/search?tbm=isch&q=LENZE+13603083
FESTO,51EF44GCQWNMKBNMKBNGKAQFS/45PAXSLSMEXA4*,Valve island,82626.56,0,0,https://www.google.com/search?tbm=isch&q=FESTO+51EF44GCQWNMKBNMKBNGKAQFS/45PAXSLSMEXA4*
UNIVER,LCP32040ECR,LCP32040ECR Pin locator,82168.24,0,0,https://www.google.com/search?tbm=isch&q=UNIVER+LCP32040ECR
FESTO,51ENMKBQWF35GCQNT/45PRXSLX2BOZOWHJ2L,valve terminal VTSA-F-FB Art.Nr.547965,82104.23,0,0,https://www.google.com/search?tbm=isch&q=FESTO+51ENMKBQWF35GCQNT/45PRXSLX2BOZOWHJ2L
PIAB,BFFT50M14,BFFT50M14,82042.31,0,0,https://www.google.com/search?tbm=isch&q=PIAB+BFFT50M14
SIEMENS,3SU1000-5RF01-0AA0,Key-operated switch BKS Lock No. E2 (VW),81807.47,0,0,https://www.google.com/search?tbm=isch&q=SIEMENS+3SU1000-5RF01-0AA0
LUETZE,387700F0000,Frame for Control cabinet 1200mm,81774.0,0,0,https://www.google.com/search?tbm=isch&q=LUETZE+387700F0000
WALTHER,153609,1-91389-0-LT003-AAAA-AB,0,9589.94,0,https://www.google.com/search?tbm=isch&q=WALTHER+153609
FESTO,51EF44GCQWNMKBQNNMKBNMKBNMKBNGKAQFS/45P,valve terminal VTSA-F art.no.547965,81437.08,0,1,https://www.google.com/search?tbm=isch&q=FESTO+51EF44GCQWNMKBQNNMKBNMKBNMKBNGKAQFS/45P
KOSMEK,VSJ250-D,VSJ250-D Block,80984.02,0,0,https://www.google.com/search?tbm=isch&q=KOSMEK+VSJ250-D
FESTO,51ENMKBNMKBNMKBNMKBQWF44GCQNNGKAQFS**,Valve Terminal,80898.36,0,0,https://www.google.com/search?tbm=isch&q=FESTO+51ENMKBNMKBNMKBNMKBQWF44GCQNNGKAQFS**
TÜNKERS,SZKD 63.5 A13 T00 40 HUB,SZKD 63.5 A13 T00 40 HUB Cylinder,80816.0,0,0,https://www.google.com/search?tbm=isch&q=TÜNKERS+SZKD+63.5+A13+T00+40+HUB
STÄUBLI,100046313,100046313,80613.4,0,0,https://www.google.com/search?tbm=isch&q=STÄUBLI+100046313
TÜNKERS,262412,"EGT_006_ST-tube-30x2,5",80492.31,0,0,https://www.google.com/search?tbm=isch&q=TÜNKERS+262412
TURCK,6814088,TBEN-L5-16DXP Compact Multiprotocol I/O,80480.0,0,0,https://www.google.com/search?tbm=isch&q=TURCK+6814088
KUNSHAN SVLEC ELECTRIC,790,790  Profinet cable,80400.0,0,0,https://www.google.com/search?tbm=isch&q=KUNSHAN+SVLEC+ELECTRIC+790
FESTO,51EF34GCQWNMKBQNNMKBNMKBS/45PAVU3A5JL,valve island,80082.96,0,0,https://www.google.com/search?tbm=isch&q=FESTO+51EF34GCQWNMKBQNNMKBNMKBS/45PAVU3A5JL
SCHNEIDER ELECTRIC,PBNSXN34400GNS,PBNSXN34400GNS box,80081.1,0,0,https://www.google.com/search?tbm=isch&q=SCHNEIDER+ELECTRIC+PBNSXN34400GNS
TÜNKERS,SZK 40 B T12 40,SZK 40 B T12 40  Pin Cylinder,79428.0,0,0,https://www.google.com/search?tbm=isch&q=TÜNKERS+SZK+40+B+T12+40
DESTACO,82M-3E030040L8-AM15-20,82M-3E030040L8-AM15-20 Clamp,79200.0,0,7,https://www.google.com/search?tbm=isch&q=DESTACO+82M-3E030040L8-AM15-20
SIEMENS,3RK1304-0HS00-6AA0,Reparaturschaltermodul bis 25A,0,9312.74,0,https://www.google.com/search?tbm=isch&q=SIEMENS+3RK1304-0HS00-6AA0
CAPTRON,CHT3-185B-H/TG-SR,"SENSORtaster CHT3 - dynamisch, Ø 43mm",0,9288.67,0,https://www.google.com/search?tbm=isch&q=CAPTRON+CHT3-185B-H/TG-SR
SMC,C-VQM4-00000004WP0-EBBBUXXLL,C-VQM4-00000004WP0-EBBBUXXLL,78432.0,0,0,https://www.google.com/search?tbm=isch&q=SMC+C-VQM4-00000004WP0-EBBBUXXLL
WENGLOR,OY1TA603P0003,OY1TA603P0003 light sensor,78425.16,0,0,https://www.google.com/search?tbm=isch&q=WENGLOR+OY1TA603P0003
SEW EURODRIVE,S0000 0018 CE18 75,S0000 0018 CE18 75 MOVIPRO,78076.1,0,0,https://www.google.com/search?tbm=isch&q=SEW+EURODRIVE+S0000+0018+CE18+75
STÄUBLI,100046457,100046457,77999.06,0,0,https://www.google.com/search?tbm=isch&q=STÄUBLI+100046457
TURCK,6627065,RKC4.4T-3-RSC4.4T/TXL,77715.5,0,0,https://www.google.com/search?tbm=isch&q=TURCK+6627065
SIEMENS,3RV2021-4NA15,"Leistungsschalter S0, 23-28A, 364A",77323.22,846.84,0,https://www.google.com/search?tbm=isch&q=SIEMENS+3RV2021-4NA15
FESTO,156668,ADVU-100-040-A-P-A cylinder,77178.79,0,0,https://www.google.com/search?tbm=isch&q=FESTO+156668
ROLLON,DSS43-1490-1546,DSS43-1490-1546 Rail,77021.62,0,0,https://www.google.com/search?tbm=isch&q=ROLLON+DSS43-1490-1546
ENIDINE,MB24060,ECO LROEM 1.0MB shock absorber M27x3,76998.66,0,0,https://www.google.com/search?tbm=isch&q=ENIDINE+MB24060
SMC,C-VQM4-00000444WC0-EBBBBLL,C-VQM4-00000444WC0-EBBBBLL,76857.0,0,0,https://www.google.com/search?tbm=isch&q=SMC+C-VQM4-00000444WC0-EBBBBLL
FEE,1271387,1271387 H011_46/17NH_400A+18/13RES,0,9040.0,0,https://www.google.com/search?tbm=isch&q=FEE+1271387
VARIOUS,NFC-FLEX110 5G1.5,NFC-FLEX110 5G1.5 Cable,76744.0,0,0,https://www.google.com/search?tbm=isch&q=VARIOUS+NFC-FLEX110+5G1.5
VARIOUS,RJ45S-H,RJ45S-H CONNECTOR,76681.5,0,0,https://www.google.com/search?tbm=isch&q=VARIOUS+RJ45S-H
ELCO,FI8A-TM18-OP6L-Q12/S292,Fi8A-TM18-OP6L-Q12/S292 Sensor,76671.84,0,0,https://www.google.com/search?tbm=isch&q=ELCO+FI8A-TM18-OP6L-Q12/S292
APS,CE-SB3680-8,CE-SB3680-8 Gussett Element,76658.2,0,0,https://www.google.com/search?tbm=isch&q=APS+CE-SB3680-8
FESTO,51EF34GCQWNMKBQNNMKBNMKBNMKBNGKAQFS/.:.,Valve island,76617.32,0,1,https://www.google.com/search?tbm=isch&q=FESTO+51EF34GCQWNMKBQNNMKBNMKBNMKBNGKAQFS/.:.
SMC,CVQM400000044WP0EBBBBLL,C-VQM4-00000044WP0-EBBBBLL valve island,76544.0,0,0,https://www.google.com/search?tbm=isch&q=SMC+CVQM400000044WP0EBBBBLL
VARIOUS,PC1600600636,PC1600600636,76125.69,0,0,https://www.google.com/search?tbm=isch&q=VARIOUS+PC1600600636
TURCK,6814008,TBEN-L1-16DXP,76110.0,0,0,https://www.google.com/search?tbm=isch&q=TURCK+6814008
TURCK,1634809,BI4U-MT12-AP6X-H1141 sensor,76073.6,0,0,https://www.google.com/search?tbm=isch&q=TURCK+1634809
SMC,EVS7-6-FG-D-3ZRA03M0,EVS7-6-FG-D-3ZRA03M0 Tri-connect part,76040.0,0,0,https://www.google.com/search?tbm=isch&q=SMC+EVS7-6-FG-D-3ZRA03M0
ESCHA,8036078,8036078 Y Connector mounting set S89,75780.0,0,0,https://www.google.com/search?tbm=isch&q=ESCHA+8036078
FESTO,536335,ADN-063-025-A-P-A cylinder,75733.82,0,0,https://www.google.com/search?tbm=isch&q=FESTO+536335
BOSCH REXROTH,R911172751,Mittelfrequenztrafo PSG 6130 400V,75600.0,0,0,https://www.google.com/search?tbm=isch&q=BOSCH+REXROTH+R911172751
VARIOUS,EGT248,EGT_248 connection 40er for 58 mm size,75411.45,0,0,https://www.google.com/search?tbm=isch&q=VARIOUS+EGT248
LENZE,13035018,Zwischenstecker  HAN Modular 16A,75201.0,0,0,https://www.google.com/search?tbm=isch&q=LENZE+13035018
ESCHA,8099083,100 m-Ring 8090589  cable,75200.0,0,0,https://www.google.com/search?tbm=isch&q=ESCHA+8099083
WERMA,639.020.01,KS40 Anschluss-Set Std.,74867.03,0,0,https://www.google.com/search?tbm=isch&q=WERMA+639.020.01
SIEMENS,6ES7823-0BA00-1DA0,"SIMATIC OPC UA S7-1500 Large,",74800.0,0,0,https://www.google.com/search?tbm=isch&q=SIEMENS+6ES7823-0BA00-1DA0
FESTO,51EF44GCQWNMKBNMKBNMKBNGKAQFS/45PAXP2*,Ventilinsel VTSA-F Art.Nr.547965,74703.82,2866.88,1,https://www.google.com/search?tbm=isch&q=FESTO+51EF44GCQWNMKBNMKBNMKBNGKAQFS/45PAXP2*
APS,CE-FBL60160,CE-FBL60160 connector,74698.64,0,0,https://www.google.com/search?tbm=isch&q=APS+CE-FBL60160
SMC,C-VQM4-00000044WC0-EBBBBBLL,C-VQM4-00000044WC0-EBBBBBLL,74620.0,0,0,https://www.google.com/search?tbm=isch&q=SMC+C-VQM4-00000044WC0-EBBBBBLL
SIEMENS,6ES7131-4BD01-0AA0,SIMATIC DP electron. module,74567.16,0,0,https://www.google.com/search?tbm=isch&q=SIEMENS+6ES7131-4BD01-0AA0
OBO BETTERMANN,6059838,6059838 SKSMU 115 FS  Cable tray,74536.47,0,0,https://www.google.com/search?tbm=isch&q=OBO+BETTERMANN+6059838
HILTI,2045032,HIT-HY 200-R 500/2,74273.01,0,0,https://www.google.com/search?tbm=isch&q=HILTI+2045032
FESTO,51ENMKBNMKBNMKBNMKBQWF34GCQNNGKAQFS,Valve island,74138.72,0,1,https://www.google.com/search?tbm=isch&q=FESTO+51ENMKBNMKBNMKBNMKBQWF34GCQNNGKAQFS
SICK,1016019,WT27L-2F430 Photoelect. proximity sensor,74054.05,0,0,https://www.google.com/search?tbm=isch&q=SICK+1016019
FESTO,51EF34GCQWNMKBQNNMKBNMKBNMKBS/45PAVU3A5J,valve unit,73855.17,0,0,https://www.google.com/search?tbm=isch&q=FESTO+51EF34GCQWNMKBQNNMKBNMKBNMKBS/45PAVU3A5J
STÄUBLI,K4N009327,K4N009327,73817.94,0,0,https://www.google.com/search?tbm=isch&q=STÄUBLI+K4N009327
TÜNKERS,MK 50.1 A10 T00 120°,MK 50.1 A10 T00 120° clamp,73700.0,0,0,https://www.google.com/search?tbm=isch&q=TÜNKERS+MK+50.1+A10+T00+120°
ESCHA,AL-WWAK4P3.1-5-AL-WAS4/S740,AL-WWAK4P3.1-5-AL-WAS4/S740 Connector,73600.0,0,0,https://www.google.com/search?tbm=isch&q=ESCHA+AL-WWAK4P3.1-5-AL-WAS4/S740
FESTO,525440,"PUN-V0-10x1,5-SW tube black",73415.0,0,0,https://www.google.com/search?tbm=isch&q=FESTO+525440
FESTO,525444,"PUN-V0-10x1,5-BL hose blue",73415.0,0,0,https://www.google.com/search?tbm=isch&q=FESTO+525444
SCHMALZ,10.01.06.00852,SAB 60 NBR-60 G1/4-IG suction pad,73381.52,0,0,https://www.google.com/search?tbm=isch&q=SCHMALZ+10.01.06.00852
VARIOUS,CP1Y28L-15LMS-3RJ,CP1Y28L-15LMS-3RJ Y-Connector,73353.38,0,0,https://www.google.com/search?tbm=isch&q=VARIOUS+CP1Y28L-15LMS-3RJ
SIEMENS,6ES7142-4BF00-0AA0,"Digitales Elektronikmodul 8DO DC 24V/0,5",0,8622.9,0,https://www.google.com/search?tbm=isch&q=SIEMENS+6ES7142-4BF00-0AA0
TÜNKERS,3010102984,3010102984 K 60 UZ T12 A19 L4=70+5.5 CN,73263.96,0,0,https://www.google.com/search?tbm=isch&q=TÜNKERS+3010102984
ABB,OS400D03P-OFAFC2GG400,OS400D03P-OFAFC2GG400 Box,73177.47,0,0,https://www.google.com/search?tbm=isch&q=ABB+OS400D03P-OFAFC2GG400
HARTING,7.4041E+13,"Han PushPull 10Pin Dul-end, L=8m",73162.3,0,0,https://www.google.com/search?tbm=isch&q=HARTING+7.4041E+13
VARIOUS,EGT005_0986,EGT005 AL-Round profile D40 - 986mm,73112.0,0,0,https://www.google.com/search?tbm=isch&q=VARIOUS+EGT005_0986
FESTO,558716,NPQM-L-G38-Q10-P10 connector,73080.24,0,0,https://www.google.com/search?tbm=isch&q=FESTO+558716
FESTO,543253,HGL-1/8-1/8-B valve,73069.6,0,0,https://www.google.com/search?tbm=isch&q=FESTO+543253
ETTINGER,05.86.460,05.86.460 Kunststoff-Distanzhülse für M6,0,8583.0,0,https://www.google.com/search?tbm=isch&q=ETTINGER+05.86.460
LENZE,QEV111ADIPJS,"Antriebsregler,Komplettgerät, BF II, 3kW",72800.66,0,0,https://www.google.com/search?tbm=isch&q=LENZE+QEV111ADIPJS
THK,SHS30R1SS150350B-M6F5000,SHS30R1SS150350B-M6F5000,72328.44,0,0,https://www.google.com/search?tbm=isch&q=THK+SHS30R1SS150350B-M6F5000
FESTO,23369119,CN_CS.3154271 RIP,72050.0,0,0,https://www.google.com/search?tbm=isch&q=FESTO+23369119
FESTO,51ENMKBNMKBNMKBNMKBQWF44GCQNNGKAQFS/45P*,valve terminal VTSA-F art.no.547965,72042.6,0,0,https://www.google.com/search?tbm=isch&q=FESTO+51ENMKBNMKBNMKBNMKBQWF44GCQNNGKAQFS/45P*
TÜNKERS,V2 80.1 A10 T12 45-105°,V2 80.1 A10 T12 45-105° clamp,71800.0,0,0,https://www.google.com/search?tbm=isch&q=TÜNKERS+V2+80.1+A10+T12+45-105°
VARIOUS,GB-DX-ZC-RV-0.6/1KV-1*16,GB-DX-ZC-RV-0.6/1kV-1*16,71630.0,0,0,https://www.google.com/search?tbm=isch&q=VARIOUS+GB-DX-ZC-RV-0.6/1KV-1*16
HARTING,69001035,9310062701,71600.0,0,0,https://www.google.com/search?tbm=isch&q=HARTING+69001035
FESTO,51ENMKBNMKBNMKBNMKBQWF44GCQNNGKAQFS/45PA,valve terminal,71555.1,0,0,https://www.google.com/search?tbm=isch&q=FESTO+51ENMKBNMKBNMKBNMKBQWF44GCQNNGKAQFS/45PA
FESTO,51EF34GCQWNMKBQNNMKBNMKBNGKAQFS/45PAVL.:,Valve island,71475.3,0,0,https://www.google.com/search?tbm=isch&q=FESTO+51EF34GCQWNMKBQNNMKBNMKBNGKAQFS/45PAVL.:
LUMBERG,5M2F2-9056/7.5M,AL-WAK5-7.5-AL-WAS5/S7400/S8080,71280.0,0,0,https://www.google.com/search?tbm=isch&q=LUMBERG+5M2F2-9056/7.5M
HIRSCHMANN,RS20-1600T1T1TDAPHM,RS20-1600T1T1TDAPHM,71206.32,0,0,https://www.google.com/search?tbm=isch&q=HIRSCHMANN+RS20-1600T1T1TDAPHM
GSEE,10091230,EZ4238-0/9  Connector,71120.4,0,0,https://www.google.com/search?tbm=isch&q=GSEE+10091230
BELDEN,HK416 189,HK416 189 CABLE,71120.0,0,0,https://www.google.com/search?tbm=isch&q=BELDEN+HK416+189
FESTO,51EF44GCQWNMKBQNNMKBNMKBS/45PAVU3B4J2L,valve terminal VTSA-F art.no.547965,71103.96,0,0,https://www.google.com/search?tbm=isch&q=FESTO+51EF44GCQWNMKBQNNMKBNMKBS/45PAVU3B4J2L
SEW EURODRIVE,18156851/10.0,"Konf. Verlängerungka. m. 2 St. M23, 10m",70927.26,0,2,https://www.google.com/search?tbm=isch&q=SEW+EURODRIVE+18156851/10.0
BALLUFF,BAM032H,BMS CS-M-D12-ID18-04 holder angle,70925.78,0,0,https://www.google.com/search?tbm=isch&q=BALLUFF+BAM032H
VARIOUS,JQ10.9A01.01118,JQ10.9A01.01118 Cabinet,70838.08,0,0,https://www.google.com/search?tbm=isch&q=VARIOUS+JQ10.9A01.01118
SCHMALZ,10.01.06.00893,SAOB 80x40 NBR-60 G1/4-IG suction pad,70727.63,0,0,https://www.google.com/search?tbm=isch&q=SCHMALZ+10.01.06.00893
TURCK,RKM52-45-RSM52/WXS2204,RKM52-45-RSM52/WXS2204 Cable,70725.0,0,0,https://www.google.com/search?tbm=isch&q=TURCK+RKM52-45-RSM52/WXS2204
SMC,C-VQMR-00000004EC,C-VQMR-00000004EC VALVE,70648.0,0,0,https://www.google.com/search?tbm=isch&q=SMC+C-VQMR-00000004EC
TÜNKERS,V2 63.1 ZR A10 T00 45-105°,V2 63.1 ZR A10 T00 45°~105° Clamp,70556.0,0,0,https://www.google.com/search?tbm=isch&q=TÜNKERS+V2+63.1+ZR+A10+T00+45-105°
FISCHERWERKE,RG M16 X 250,RG M16 x 250 Bolt,70400.0,0,0,https://www.google.com/search?tbm=isch&q=FISCHERWERKE+RG+M16+X+250
SMC,C-VQM4-00004444WP0-EBBBBBBYBYBY,C-VQM4-00004444WP0-EBBBBBBYBYBY  Valve,70388.0,0,0,https://www.google.com/search?tbm=isch&q=SMC+C-VQM4-00004444WP0-EBBBBBBYBYBY
FEE,1291273,H001_24 NH+6RES US 1291273 cabinet,0,8269.31,0,https://www.google.com/search?tbm=isch&q=FEE+1291273
BELDEN,4G6 G8U,4G6 G8U  CABLE,70175.0,0,0,https://www.google.com/search?tbm=isch&q=BELDEN+4G6+G8U
LENZE,QEV111ACSJF2,Anschlußleitung 10m M03-8pol. -16mm²,70036.59,0,2,https://www.google.com/search?tbm=isch&q=LENZE+QEV111ACSJF2
VARIOUS,RVV-5G16,RVV-5G16 Cable Qifan,70020.0,0,0,https://www.google.com/search?tbm=isch&q=VARIOUS+RVV-5G16
SCHNEIDER ELECTRIC,LC1D09BDC,LC1D09BDC,69893.12,0,0,https://www.google.com/search?tbm=isch&q=SCHNEIDER+ELECTRIC+LC1D09BDC
LUMBERG,11592,RSC 50/11 plug round; PIN:5; male,69760.0,0,0,https://www.google.com/search?tbm=isch&q=LUMBERG+11592
HELUKABEL,11145,11145 PVC-Schlauchleitung 5x50mm²,69676.0,0,0,https://www.google.com/search?tbm=isch&q=HELUKABEL+11145
SMC,CLKQPDB50-198RBLS-P79WSE,CLKQPDB50-198RBLS-P79WSE Cylinder,69608.0,0,0,https://www.google.com/search?tbm=isch&q=SMC+CLKQPDB50-198RBLS-P79WSE
VARIOUS,RVVY 5G16,RVVY 5G16 cable,69544.0,0,0,https://www.google.com/search?tbm=isch&q=VARIOUS+RVVY+5G16
LENZE,QEV111AIJA42,I0FAE330F100D0000S MAINS-FILTER,69287.74,0,3,https://www.google.com/search?tbm=isch&q=LENZE+QEV111AIJA42
FESTO,51ENMKBNMKBNMKBF44GCQWS/45PAXSSME3AOZOWH,Ventilinsel VTSA-F Art.Nr.547965,0,8144.01,0,https://www.google.com/search?tbm=isch&q=FESTO+51ENMKBNMKBNMKBF44GCQWS/45PAXSSME3AOZOWH
THK,SHS45V2QZSS+2040L-II (G22.5G22.5),SHS45V2QZSS+2040L-II (G22.5g22.5) RAIL,69026.64,0,0,https://www.google.com/search?tbm=isch&q=THK+SHS45V2QZSS+2040L-II+(G22.5G22.5)
FESTO,51EF33GCQPNMKBNMKBNMKBT/45P-A-XS-LSME-3A,valve terminal VTSA-F-FB Art.Nr.547965,68998.44,0,0,https://www.google.com/search?tbm=isch&q=FESTO+51EF33GCQPNMKBNMKBNMKBT/45P-A-XS-LSME-3A
SEW EURODRIVE,PHC21A-A110M1-E21A-00/S11B,PHC21A-A110M1-E21A-00/S11B Catalog desig,68927.83,0,0,https://www.google.com/search?tbm=isch&q=SEW+EURODRIVE+PHC21A-A110M1-E21A-00/S11B
SEW EURODRIVE,BW018-035,BW018-035 Braking resistance,68797.72,0,0,https://www.google.com/search?tbm=isch&q=SEW+EURODRIVE+BW018-035
SMC,C-VQM4-00000044WC0-EBBBLL,C-VQM4-00000044WC0-EBBBLL,68675.0,0,0,https://www.google.com/search?tbm=isch&q=SMC+C-VQM4-00000044WC0-EBBBLL
FESTO,51EF34GCQWNMKBQNNGKAQFS/45PAVU1BJL,Valve island,68634.28,0,0,https://www.google.com/search?tbm=isch&q=FESTO+51EF34GCQWNMKBQNNGKAQFS/45PAVU1BJL
TÜNKERS,3010103123,K 60 UZ T12 A29.7 L4=75+4.7 3010103123,68400.0,0,0,https://www.google.com/search?tbm=isch&q=TÜNKERS+3010103123
PFANNENBERG,13088290066,DTS8241E,68390.4,0,0,https://www.google.com/search?tbm=isch&q=PFANNENBERG+13088290066
SCHNEIDER ELECTRIC,ZCKZ020,"ZCKZ020 Anzeigemodul 1 LED mit Deckel,",68343.72,0,0,https://www.google.com/search?tbm=isch&q=SCHNEIDER+ELECTRIC+ZCKZ020
LUETZE,381605F0000,Montagerahmen für Antriebsschrank 1200mm,68338.42,0,0,https://www.google.com/search?tbm=isch&q=LUETZE+381605F0000
LENZE,QEV111AGI4SM,QEV111AGI4SM Z35BBBARBAM215FA1S,68317.62,0,0,https://www.google.com/search?tbm=isch&q=LENZE+QEV111AGI4SM
VARIOUS,H07V-K 35MM²  RAL6018,H07V-K 35mm²  RAL6018 Cable,68285.02,0,0,https://www.google.com/search?tbm=isch&q=VARIOUS+H07V-K+35MM²++RAL6018
LENZE,QEV111ADIPL5,Servo-/Frequency inverter 22 kW,68162.3,0,0,https://www.google.com/search?tbm=isch&q=LENZE+QEV111ADIPL5
SMC,EVS7-6-FG-D-3ZA03M0,EVS7-6-FG-D-3ZA03M0 Valves,68160.0,0,0,https://www.google.com/search?tbm=isch&q=SMC+EVS7-6-FG-D-3ZA03M0
FESTO,560222,HGPT-50-A-B parallel gripper,68080.28,0,0,https://www.google.com/search?tbm=isch&q=FESTO+560222
SCHUNK,371082,PGN-plus 40 AS 2-Finger Parallelgreifer,68070.0,0,0,https://www.google.com/search?tbm=isch&q=SCHUNK+371082
FESTO,51EF34GCQWNMKBQNNMKBNMKBNMKBS/45PAVULX,Ventilinsel CPX/VTSA-F,68026.96,0,1,https://www.google.com/search?tbm=isch&q=FESTO+51EF34GCQWNMKBQNNMKBNMKBNMKBS/45PAVULX
FESTO,51EF44GCQWNMKBNMKBS/45PAVU2A2J2L,valve terminal VTSA-F art.no.547965,67995.52,0,0,https://www.google.com/search?tbm=isch&q=FESTO+51EF44GCQWNMKBNMKBS/45PAVU2A2J2L
FESTO,51EF44GCQWNMKBNMKBS/45PAVSME3A4J2L,valve terminal VTSA-F art.no.547965,0,7981.0,0,https://www.google.com/search?tbm=isch&q=FESTO+51EF44GCQWNMKBNMKBS/45PAVSME3A4J2L
RK ROSE&KRIEGER,8040401,8.04040.1_3000 ø40x4 galv.verz. Rohr,0,7978.02,0,https://www.google.com/search?tbm=isch&q=RK+ROSE&KRIEGER+8040401
CARL STAHL,7221 0800 02,7221 0800 02 balancer,67699.16,0,1,https://www.google.com/search?tbm=isch&q=CARL+STAHL+7221+0800+02
WEIDMUELLER,1025950260,"Schleppkettenkabel, PROFINET, Cat.5 26m",67697.28,290.22,0,https://www.google.com/search?tbm=isch&q=WEIDMUELLER+1025950260
HILTI,2252559,HVU2 M20X170 CN Adhesive,67618.1,0,0,https://www.google.com/search?tbm=isch&q=HILTI+2252559
VARIOUS,EGT214,EGT_214 blind-rivet nut M8,67587.17,0,0,https://www.google.com/search?tbm=isch&q=VARIOUS+EGT214
VARIOUS,NFC-FLEX110 3G2.5,NFC-FLEX110 3G2.5 Cable,67500.0,0,0,https://www.google.com/search?tbm=isch&q=VARIOUS+NFC-FLEX110+3G2.5
SMC,EX245RPN1AX51,EX245-RPN1-A-X51 module,67440.0,0,0,https://www.google.com/search?tbm=isch&q=SMC+EX245RPN1AX51
SIEMENS,6EP4135-0GB00-0AY0,SITOP UPS1100 Batteriemodul mit wartungs,67361.58,251.1,0,https://www.google.com/search?tbm=isch&q=SIEMENS+6EP4135-0GB00-0AY0
PTM,QS-0066,QS-0066 Pneumatischer Kollisionssensor,0,7903.58,0,https://www.google.com/search?tbm=isch&q=PTM+QS-0066
FESTO,51EF44GCQWNMKBQNNMKBNMKBNMKBNMKBNMKBNG*,valve terminal VTSA-F art.no.547965,67175.76,0,0,https://www.google.com/search?tbm=isch&q=FESTO+51EF44GCQWNMKBQNNMKBNMKBNMKBNMKBNMKBNG*
SIEMENS,3RK1308-0DC00-0CP0,Fehlersicherer Wendestarter elektronisch,67098.9,0,0,https://www.google.com/search?tbm=isch&q=SIEMENS+3RK1308-0DC00-0CP0
ESCHA,8094186,AL-WWAK4P3.1-3-AL-WAS4/S740 Connector,66640.0,0,0,https://www.google.com/search?tbm=isch&q=ESCHA+8094186
LAPP,4571214,4571214 Copper rope Class 5 16mm²,66638.0,0,0,https://www.google.com/search?tbm=isch&q=LAPP+4571214
STÄUBLI,K86501809,K86501809 stand,66479.25,0,0,https://www.google.com/search?tbm=isch&q=STÄUBLI+K86501809
FESTO,23369120,CN_CS.3154272 MIG RIP,66400.0,0,0,https://www.google.com/search?tbm=isch&q=FESTO+23369120
VARIOUS,RVV-4G6,RVV-4G6 Cable Qifan,66395.0,0,0,https://www.google.com/search?tbm=isch&q=VARIOUS+RVV-4G6
FESTO,51EF33GCQPNMKBNMKBNLKAIKASGS2GZ,valve terminal VTSA-F art.no.547965,66349.89,0,0,https://www.google.com/search?tbm=isch&q=FESTO+51EF33GCQPNMKBNMKBNLKAIKASGS2GZ
OBO BETTERMANN,6061981,6061981 BKRS 1110 FS,66332.8,0,0,https://www.google.com/search?tbm=isch&q=OBO+BETTERMANN+6061981
LENZE,QEV111AGL516,Motoranschlussleitung 10m,66295.91,0,0,https://www.google.com/search?tbm=isch&q=LENZE+QEV111AGL516
TÜNKERS,V2 63.1 ZL A10 T00 45-120°,V2 63.1 ZL A10 T00 45°~120°,66004.0,0,0,https://www.google.com/search?tbm=isch&q=TÜNKERS+V2+63.1+ZL+A10+T00+45-120°
FESTO,2029464,DSBG-160-050-PPVA-N3 cylinder,66000.48,0,0,https://www.google.com/search?tbm=isch&q=FESTO+2029464
NORELEM,03106-25,03106-25 bolt form B,65818.19,0,2,https://www.google.com/search?tbm=isch&q=NORELEM+03106-25
TÜNKERS,3010103124,K 60 UZ T12 A29.9 L4=75+4.7  301010312,65760.48,0,0,https://www.google.com/search?tbm=isch&q=TÜNKERS+3010103124
TÜNKERS,SZKD 63.5 BR3 A23 X 60 T12,SZKD 63.5 BR3 A23 x 60 T12 pin cylinder,65677.87,0,0,https://www.google.com/search?tbm=isch&q=TÜNKERS+SZKD+63.5+BR3+A23+X+60+T12
FESTO,51EF44GCQWNMKBQNNMKBNMKBNGKAQFS/45PA*,Ventilinsel VTSA-F Art.Nr.547965,65655.88,0,1,https://www.google.com/search?tbm=isch&q=FESTO+51EF44GCQWNMKBQNNMKBNMKBNGKAQFS/45PA*
LEONI,840456,F07315-00-15 Cable,65475.0,0,0,https://www.google.com/search?tbm=isch&q=LEONI+840456
CAMOZZI,65228-1/4,6522 8-1/4 Fittings elbow,65251.44,0,1,https://www.google.com/search?tbm=isch&q=CAMOZZI+65228-1/4
FESTO,8073334_500-PPVA-S,DFLG-160-500-PPVA-S cylinder,65195.0,0,0,https://www.google.com/search?tbm=isch&q=FESTO+8073334_500-PPVA-S
PIAB,BFFT70M14,BFFT70M14,65115.12,0,0,https://www.google.com/search?tbm=isch&q=PIAB+BFFT70M14
SCHMALZ,10.02.02.04441,SMPi 20 IMP RD M12-8-PT SO ejector,65088.49,0,0,https://www.google.com/search?tbm=isch&q=SCHMALZ+10.02.02.04441
TÜNKERS,SZKD 63.5 BR3 A13 X 60 T12,SZKD 63.5 BR3 A13 x 60 T12 pin cylinder,65077.87,0,0,https://www.google.com/search?tbm=isch&q=TÜNKERS+SZKD+63.5+BR3+A13+X+60+T12
IGUS,IQU52-00090835,E4.56.15.250.0 5642mm +E4.560.15.2.12.C,64997.88,0,1,https://www.google.com/search?tbm=isch&q=IGUS+IQU52-00090835
SMC,C-VQM4-00000444WP0-EBBBL,C-VQM4-00000444WP0-EBBBL Valve,64956.0,0,0,https://www.google.com/search?tbm=isch&q=SMC+C-VQM4-00000444WP0-EBBBL
TÜNKERS,318659,V 40 BR2 A80 T12 10-135° clamp,64920.0,0,0,https://www.google.com/search?tbm=isch&q=TÜNKERS+318659
SMC,TRBU0805BU-100,TRBU0805BU-100 Tubo poliuretano Ø8 azul,64795.0,0,0,https://www.google.com/search?tbm=isch&q=SMC+TRBU0805BU-100
SMC,C-VQM4-00002244WP0-EBBBBÜXLL,C-VQM4-00002244WP0-EBBBBüXLL Valve,64725.0,0,0,https://www.google.com/search?tbm=isch&q=SMC+C-VQM4-00002244WP0-EBBBBÜXLL
MARVTECH,19810010-A,19810010-A PROFINET Cable,64605.0,0,0,https://www.google.com/search?tbm=isch&q=MARVTECH+19810010-A
LUMBERG,5M2F2-9056/3M,AL-WAK5-3-AL-WAS5/S7400/S8080,64600.0,0,0,https://www.google.com/search?tbm=isch&q=LUMBERG+5M2F2-9056/3M
ATLAS COPCO,1014362,1014362 sensor,64492.0,0,0,https://www.google.com/search?tbm=isch&q=ATLAS+COPCO+1014362
ELCO,FI10A-TM30-OP6L-Q12/S292,FI10A-TM30-OP6L-Q12/S292 Sensor,64368.61,0,0,https://www.google.com/search?tbm=isch&q=ELCO+FI10A-TM30-OP6L-Q12/S292
PARKER,837BM-8-BLK-RL,837BM-8-BLK-RL Parker hose black,64350.0,0,0,https://www.google.com/search?tbm=isch&q=PARKER+837BM-8-BLK-RL
FESTO,51ENDGSNLKANMKBNMKBQWF34GCQNNGKAQFS/45P.,valve unit VTSA-F-FB Art.Nr. 547965,64347.45,0,0,https://www.google.com/search?tbm=isch&q=FESTO+51ENDGSNLKANMKBNMKBQWF34GCQNNGKAQFS/45P.
SICK,1218666,WTB26P-24161120A00 sensor,64220.0,0,0,https://www.google.com/search?tbm=isch&q=SICK+1218666
ELCO,MGPA40-50Z-XC35,MGPA40-50Z-XC35 Cylinder,64216.0,0,0,https://www.google.com/search?tbm=isch&q=ELCO+MGPA40-50Z-XC35
FESTO,51EF34GCQWNMKBQNNMKBNLKAS/45PAVU2A2J2L,valve island,64215.46,0,0,https://www.google.com/search?tbm=isch&q=FESTO+51EF34GCQWNMKBQNNMKBNLKAS/45PAVU2A2J2L
SIEMENS,6ES7954-8LL03-0AA0,"SIMATIC S7, Memory Card 256 MByte",64167.94,0,0,https://www.google.com/search?tbm=isch&q=SIEMENS+6ES7954-8LL03-0AA0
VARIOUS,LC 3G35,LC 3G35 Cable,64142.94,0,0,https://www.google.com/search?tbm=isch&q=VARIOUS+LC+3G35
FESTO,23495504,CN_CS.3182060 MIG RIP,64000.0,0,0,https://www.google.com/search?tbm=isch&q=FESTO+23495504
LAPP,3904109,BS 502 XLPE/PVC 1X50BK cable,63998.0,0,0,https://www.google.com/search?tbm=isch&q=LAPP+3904109
FEE,1309683,1309683  H011_FT,63939.93,0,0,https://www.google.com/search?tbm=isch&q=FEE+1309683
MURTFELD,913199999,WF-10-00.21-06 Klemmplatte,0,7507.45,0,https://www.google.com/search?tbm=isch&q=MURTFELD+913199999
GSEE,GXPI-DO16,GXPI-DO16 Modular,63796.5,0,0,https://www.google.com/search?tbm=isch&q=GSEE+GXPI-DO16
BELDEN,3G2.5 G8U,3G2.5 G8U CABLE,63752.0,0,0,https://www.google.com/search?tbm=isch&q=BELDEN+3G2.5+G8U
ESCHA,8094189,AL-WAK4-3-AL-WAS4/S740 Connector,63740.0,0,0,https://www.google.com/search?tbm=isch&q=ESCHA+8094189
FESTO,51EF44GCQWNMKBNMKBNMKBNMKBNMKBNGKAQFS*,Ventilinsel VTSA-F Art.Nr.547965,63629.62,0,1,https://www.google.com/search?tbm=isch&q=FESTO+51EF44GCQWNMKBNMKBNMKBNMKBNMKBNGKAQFS*
FESTO,558666,NPQM-D-G14-Q10-P10 connector,63565.9,0,0,https://www.google.com/search?tbm=isch&q=FESTO+558666
ANT,112220,"GX8 Nabensatz GX8, Ø25 mit Füllstück",0,7470.32,0,https://www.google.com/search?tbm=isch&q=ANT+112220
FESTO,51EF44GCQWNMKBQNNMKBNMKBNMKBNMKBNGKAQFS',valve terminal VTSA-F art.no.547965,63496.0,0,0,https://www.google.com/search?tbm=isch&q=FESTO+51EF44GCQWNMKBQNNMKBNMKBNMKBNMKBNGKAQFS'
SCHNEIDER,ATV320U22N4C,ATV320U22N4C Frequency converter,63456.82,0,0,https://www.google.com/search?tbm=isch&q=SCHNEIDER+ATV320U22N4C
LAPP,1119615,"1119615 Oelflex Calssic 110 5G10,0",63318.0,0,0,https://www.google.com/search?tbm=isch&q=LAPP+1119615
FESTO,51EF34GCQWNMKBQNNMKBNMKBNGKAQFS/45PAVL_,valve terminal VTSA-F art.no.547965,63302.6,0,1,https://www.google.com/search?tbm=isch&q=FESTO+51EF34GCQWNMKBQNNMKBNMKBNGKAQFS/45PAVL_
LENZE,QEV111AGL51D,Motoranschlussleitung 5m,63301.87,0,0,https://www.google.com/search?tbm=isch&q=LENZE+QEV111AGL51D
FESTO,51EF34GCQWNMKBQNNGKAQFS/45PAVU2B2J2L,Valve island,63292.88,0,0,https://www.google.com/search?tbm=isch&q=FESTO+51EF34GCQWNMKBQNNGKAQFS/45PAVU2B2J2L
VARIOUS,RIV990,RIV990 Drilling gun With 2 sets of drill,63280.0,0,0,https://www.google.com/search?tbm=isch&q=VARIOUS+RIV990
LAPP,26172,0026172 ÖLFLEX FD CLASSIC 810 5G2.5 cabl,63220.0,0,0,https://www.google.com/search?tbm=isch&q=LAPP+26172
FESTO,170878,DFM-63-025-P-A-GF cylinder,63173.44,0,0,https://www.google.com/search?tbm=isch&q=FESTO+170878
SICK,1044163,WTB27-3P2461 Photoelectric prox. switch,62875.52,0,0,https://www.google.com/search?tbm=isch&q=SICK+1044163
SMC,VV5QC41-08C10SD6F3N,VV5QC41-08C10SD6F3N,62725.0,0,0,https://www.google.com/search?tbm=isch&q=SMC+VV5QC41-08C10SD6F3N
KEBA,63182,KeTop CB211 Switchboard,0,7348.3,0,https://www.google.com/search?tbm=isch&q=KEBA+63182
FESTO,51EF44GCQWNMKBNMKBNMKBNMKBNLKAS/45PAXSSM,Valve island,62455.62,0,0,https://www.google.com/search?tbm=isch&q=FESTO+51EF44GCQWNMKBNMKBNMKBNMKBNLKAS/45PAXSSM
WERMA,649.800.06,Signalsäule kpl. LED-Dauerlichtel. gn+bl,62286.66,0,0,https://www.google.com/search?tbm=isch&q=WERMA+649.800.06
THIELMANN,ERSATZGERÄTE BRG +DA+MVK,Zwei kompl . Ersatzgeräte BRG +DA+MVK,0,7312.38,0,https://www.google.com/search?tbm=isch&q=THIELMANN+ERSATZGERÄTE+BRG++DA+MVK
OBO BETTERMANN,6246990,6246990 LKM 40040FS,62002.12,0,0,https://www.google.com/search?tbm=isch&q=OBO+BETTERMANN+6246990
PARKER,3C582-15-8,"3C582-15-8 female metric L swivel 1/2""",61987.16,0,0,https://www.google.com/search?tbm=isch&q=PARKER+3C582-15-8
TURCK,6625731,RKC4.4T-5-RSC4.4T/TXL,61931.0,0,0,https://www.google.com/search?tbm=isch&q=TURCK+6625731
FESTO,51EIKAIKAIKAIKANMKBNMKBNMKBNMKBF44GCQWS*,valve terminal VTSA-F art.no.547965,61799.25,0,0,https://www.google.com/search?tbm=isch&q=FESTO+51EIKAIKAIKAIKANMKBNMKBNMKBNMKBF44GCQWS*
VARIOUS,DU40S12Y19.9V0150,DU40S12Y19.9V0150,61600.0,0,0,https://www.google.com/search?tbm=isch&q=VARIOUS+DU40S12Y19.9V0150
TURCK,6827225,BL67-2RFID-A RFID module BL ident,61520.0,0,0,https://www.google.com/search?tbm=isch&q=TURCK+6827225
FESTO,51EF34GCQWNMKBQNNMKBNMKBNGKAQFS/45PAVLU.,Valve island,61445.41,0,1,https://www.google.com/search?tbm=isch&q=FESTO+51EF34GCQWNMKBQNNMKBNMKBNGKAQFS/45PAVLU.
FESTO,170895,DFM-100-100-P-A-GF cylinder,61329.28,0,0,https://www.google.com/search?tbm=isch&q=FESTO+170895
SMC,C-VQM4-00004444WP0-EBÜXXXXXXXXX,C-VQM4-00004444WP0-EBÜXXXXXXXXX  Valve,61256.0,0,0,https://www.google.com/search?tbm=isch&q=SMC+C-VQM4-00004444WP0-EBÜXXXXXXXXX
SMC,C-VQM4-00000044WP0-EBBBBBBBBUXLL,C-VQM4-00000044WP0-EBBBBBBBBUXLL,61085.0,0,0,https://www.google.com/search?tbm=isch&q=SMC+C-VQM4-00000044WP0-EBBBBBBBBUXLL
SEW EURODRIVE,KF87DRL132S4/BE11/HR/TF/(ENCODE)+AS7W+AB,KF87DRL132S4/BE11/HR/TF/(Encode)+AS7W+AB,61029.72,0,0,https://www.google.com/search?tbm=isch&q=SEW+EURODRIVE+KF87DRL132S4/BE11/HR/TF/(ENCODE)+AS7W+AB
WOEHNER,32457,32457 transformer,60973.75,0,0,https://www.google.com/search?tbm=isch&q=WOEHNER+32457
LENZE,13551273,g500-B4300/ m550-P100/L4 motor,60949.78,0,0,https://www.google.com/search?tbm=isch&q=LENZE+13551273
FESTO,51ENMKBNMKBQWF44GCQNNGKAQFS,Valve Terminal,60885.08,11893.56,0,https://www.google.com/search?tbm=isch&q=FESTO+51ENMKBNMKBQWF44GCQNNGKAQFS
FESTO,51EF44GCQWNMKBQNNDGSNGKAQFS/45PAXP***,Ventilinsel VTSA-F Art.Nr.547965,60808.98,0,0,https://www.google.com/search?tbm=isch&q=FESTO+51EF44GCQWNMKBQNNDGSNGKAQFS/45PAXP***
SEW EURODRIVE,18110614/15.0,18110614/15.0,60805.24,0,0,https://www.google.com/search?tbm=isch&q=SEW+EURODRIVE+18110614/15.0
SICK,1211501,Lichtvorhang de Tec4 Core Sender,60799.85,0,0,https://www.google.com/search?tbm=isch&q=SICK+1211501
VARIOUS,H07V-K 16MM²  YE/GN,H07V-K 16mm²  YE/GN Cable,60650.0,0,0,https://www.google.com/search?tbm=isch&q=VARIOUS+H07V-K+16MM²++YE/GN
KEBA,114108,KeTop C70-M00-YN0-W10E hand terminal,0,7098.3,0,https://www.google.com/search?tbm=isch&q=KEBA+114108
PARKER,CP1Y28L-15LMS,CP1Y28L-15LMS,60282.03,0,0,https://www.google.com/search?tbm=isch&q=PARKER+CP1Y28L-15LMS
FESTO,8134837,8134837 valve,60273.75,0,0,https://www.google.com/search?tbm=isch&q=FESTO+8134837
FESTO,4516340,HGL-1/2-B-CS Non-return valve,60209.12,0,0,https://www.google.com/search?tbm=isch&q=FESTO+4516340
ICOTEK,54241,Kabeleinführungsleiste,0,7082.55,0,https://www.google.com/search?tbm=isch&q=ICOTEK+54241
FESTO,51ENMKBNMKBNMKBNMKBQWF44GCQNNGKAQFS/45P^,valve terminal VTSA-F art.no.547965,60191.32,0,0,https://www.google.com/search?tbm=isch&q=FESTO+51ENMKBNMKBNMKBNMKBQWF44GCQNNGKAQFS/45P^
RITTAL,7187899-BPDP,"DS(1800+200)*800*500,PDP",60183.0,0,0,https://www.google.com/search?tbm=isch&q=RITTAL+7187899-BPDP
ShiYa,YSW001,Tool trolley_YSW001,60157.57,0,0,https://www.google.com/search?tbm=isch&q=ShiYa+YSW001
FESTO,51EF44GCQWNMKBNMKBS/45PAVU2A3JL,valve terminal VTSA-F art.no.547965,60157.56,0,0,https://www.google.com/search?tbm=isch&q=FESTO+51EF44GCQWNMKBNMKBS/45PAVU2A3JL
FESTO,51EF34GCQWNMKBQNNMKBNMKBNMKBNMKBNGKAQF-S,valve terminal VTSA-F-FB Art.Nr. 547965,60090.43,0,2,https://www.google.com/search?tbm=isch&q=FESTO+51EF34GCQWNMKBQNNMKBNMKBNMKBNMKBNGKAQF-S
TÜNKERS,KS 100.2 BD A03 LH T12 60°,KS 100.2 BD A03 LH T12 060° Swivel unit,60000.0,0,0,https://www.google.com/search?tbm=isch&q=TÜNKERS+KS+100.2+BD+A03+LH+T12+60°
RITTAL,9340.46,"Geräteadapter, OM-Adapter 32A, 690V",59966.66,0,0,https://www.google.com/search?tbm=isch&q=RITTAL+9340.46
HELUKABEL,16463,Y-CY-JZ 4G35 mm² Cable,59955.0,0,0,https://www.google.com/search?tbm=isch&q=HELUKABEL+16463
SIEMENS,6AV7120-0JA67-0BK0,6AV7120-0JA67-0BK0 panel,59918.6,0,0,https://www.google.com/search?tbm=isch&q=SIEMENS+6AV7120-0JA67-0BK0
FESTO,51ENMKBNMKBQWF44GCQNNGKAQFS/45PAXP2SMEP',Ventilinsel VTSA-F Art.Nr.547965,0,7027.88,0,https://www.google.com/search?tbm=isch&q=FESTO+51ENMKBNMKBQWF44GCQNNGKAQFS/45PAXP2SMEP'
WOEHNER,1625,Sammelschiene E-CU 30x10 630A,59696.33,0,0,https://www.google.com/search?tbm=isch&q=WOEHNER+1625
ESCHA,AL-WAK4-2-AL-WAS4/S740,AL-WAK4-2-AL-WAS4/S740 Connector,59500.0,0,1,https://www.google.com/search?tbm=isch&q=ESCHA+AL-WAK4-2-AL-WAS4/S740
UNIVER,UBP80OEE,UBP80OEE,59500.0,0,0,https://www.google.com/search?tbm=isch&q=UNIVER+UBP80OEE
RK ROSE&KRIEGER,1.04E+11,K 40 Kreuzklemmstück,0,6997.33,0,https://www.google.com/search?tbm=isch&q=RK+ROSE&KRIEGER+1.04E+11
NBR,UCFC214,UCFC214 flanged housing unit,59475.1,397.84,0,https://www.google.com/search?tbm=isch&q=NBR+UCFC214
TURCK,6625608,RKC4.4T-2-RSC4.4T/TXL,59429.0,0,0,https://www.google.com/search?tbm=isch&q=TURCK+6625608
SMC,C-VQMR-00000000EC,C-VQMR-00000000EC Repeater -Cu,59346.0,0,0,https://www.google.com/search?tbm=isch&q=SMC+C-VQMR-00000000EC
SMC,C-VQM4-00002244WP0-EBMMMLL,C-VQM4-00002244WP0-EBMMMLL  Valve,59340.0,0,0,https://www.google.com/search?tbm=isch&q=SMC+C-VQM4-00002244WP0-EBMMMLL
HELUKABEL,37011,Gummi-Schlauchleitung 1x95qmm,59289.0,0,0,https://www.google.com/search?tbm=isch&q=HELUKABEL+37011
SMC,VV5QC41-07C10SD6F3N,VV5QC41-07C10SD6F3N,59190.0,0,0,https://www.google.com/search?tbm=isch&q=SMC+VV5QC41-07C10SD6F3N
SIEMENS,6AV6645-7AB10-2AS0,"Mobile Panel 277 Remote Operate (RO) 10""",59067.26,0,0,https://www.google.com/search?tbm=isch&q=SIEMENS+6AV6645-7AB10-2AS0
FESTO,51EF34GCQWNMKBQNNMKBNMKBNGKAQFS/45PAVL**,Valve terminal VTSA-F Art.No.547965,59047.44,0,0,https://www.google.com/search?tbm=isch&q=FESTO+51EF34GCQWNMKBQNNMKBNMKBNGKAQFS/45PAVL**
GSEE,10086000,YWZ4-2EK3 Tee,59014.8,0,0,https://www.google.com/search?tbm=isch&q=GSEE+10086000
SCHMALZ,10.02.02.03341,SMPi 15 IMP RD M12-5 Kompaktejektor,58851.96,0,0,https://www.google.com/search?tbm=isch&q=SCHMALZ+10.02.02.03341
WEIDMUELLER,1068870000,"Anschlussdose FreeCon, RJ45, Kupplung",0,6910.0,0,https://www.google.com/search?tbm=isch&q=WEIDMUELLER+1068870000
FEE,1291268,Einspeiseschrank +H011_FT,0,6899.55,0,https://www.google.com/search?tbm=isch&q=FEE+1291268
FESTO,536369(ASM_45),ADN-080-050-I-P-A---(asm_45) cylinder,58636.86,0,0,https://www.google.com/search?tbm=isch&q=FESTO+536369(ASM_45)
PARKER,GE15LREDOMD71,GE15LREDOMD71 Fittings - MALE CONNECTOR,58470.8,0,0,https://www.google.com/search?tbm=isch&q=PARKER+GE15LREDOMD71
MISUMI,CVTB19,CVTB19 LOCATING V BLOCK SET,58446.38,0,0,https://www.google.com/search?tbm=isch&q=MISUMI+CVTB19
RITTAL,9340.95,Reitersicherungsklemmen 3-pol. bis 63A,58378.07,0,0,https://www.google.com/search?tbm=isch&q=RITTAL+9340.95
DAYTON,F322501029164 + PVD CRN-DLC BESCHICHTET,F3 2250 1029164 STEMPEL,0,6853.06,0,https://www.google.com/search?tbm=isch&q=DAYTON+F322501029164+++PVD+CRN-DLC+BESCHICHTET
TÜNKERS,416659_03,TGT_016N base plate,58240.0,0,0,https://www.google.com/search?tbm=isch&q=TÜNKERS+416659_03
SIEMENS,6AG4114-3GQ02-0BX1,"SIMATIC IPC847E (Rack PC, 19"", 4HE)",58200.51,2688.65,0,https://www.google.com/search?tbm=isch&q=SIEMENS+6AG4114-3GQ02-0BX1
RITTAL,7993.081,SV 7993.081 RiLine60 end cover,58199.98,0,0,https://www.google.com/search?tbm=isch&q=RITTAL+7993.081
FESTO,51EF44GCQWNMKBQNNMKBNMKBNMKBNGKAQFS*,ValveTerminal Art.Nr.547965,58158.67,0,1,https://www.google.com/search?tbm=isch&q=FESTO+51EF44GCQWNMKBQNNMKBNMKBNMKBNGKAQFS*
OBO BETTERMANN,6052096,Deckel für Kabelrinnen Breite: 100mm,57885.75,0,0,https://www.google.com/search?tbm=isch&q=OBO+BETTERMANN+6052096
SMC,CVQM400000004W20EBLL,C-VQM4-00000004W20-EBLL Valve Island,57864.0,0,1,https://www.google.com/search?tbm=isch&q=SMC+CVQM400000004W20EBLL
TÜNKERS,14816000~,K 63_UZB_1A18_45T12_X_1-60_2-00 Cylinder,57828.0,0,0,https://www.google.com/search?tbm=isch&q=TÜNKERS+14816000~
TÜNKERS,12693000,"K 63 UZB 1A 18 45 T12 x1,4",57828.0,0,0,https://www.google.com/search?tbm=isch&q=TÜNKERS+12693000
ATLAS COPCO,1011212,1011212 Sensor,57816.0,0,0,https://www.google.com/search?tbm=isch&q=ATLAS+COPCO+1011212
SCHMALZ,10.01.03.00328,HTR-UNI 2N G2 110 holder 10.01.03.00328,57660.0,0,0,https://www.google.com/search?tbm=isch&q=SCHMALZ+10.01.03.00328
FESTO,51EF44GCQWNMKBQNNMKBNMKBS/45PAVU4B6J2L,valve terminal VTSA-F art.no.547965,57549.22,0,0,https://www.google.com/search?tbm=isch&q=FESTO+51EF44GCQWNMKBQNNMKBNMKBS/45PAVU4B6J2L
FESTO,578309,NPQH-D-S10-Q8-P10 Connector,57436.59,0,0,https://www.google.com/search?tbm=isch&q=FESTO+578309
FESTO,51EF44GCQWNMKBQNNMKBNMKBNLKANGKAQFS/45**,Valve island,57386.32,0,0,https://www.google.com/search?tbm=isch&q=FESTO+51EF44GCQWNMKBQNNMKBNMKBNLKANGKAQFS/45**
SEW EURODRIVE,"K107DRN132S4BE11HR/TF/IS,",K107DRN132S4BE11HR/TF/IS Motor,57376.1,0,0,"https://www.google.com/search?tbm=isch&q=SEW+EURODRIVE+K107DRN132S4BE11HR/TF/IS,"
SEW EURODRIVE,K77CMPZ80L/BY/PK/AK1H/SB1,K77CMPZ80L/BY/PK/AK1H/SB1 Motor,57329.19,0,0,https://www.google.com/search?tbm=isch&q=SEW+EURODRIVE+K77CMPZ80L/BY/PK/AK1H/SB1
SEW EURODRIVE,18110991/3.0,18110991/3.0 cable,57201.57,0,3,https://www.google.com/search?tbm=isch&q=SEW+EURODRIVE+18110991/3.0
FESTO,51ENMKBQWF35GCQNT/45PRXSLX1AOZOWHJ,Ventilinsel VTSA-F-FB Art.Nr.: 547965,56974.24,0,0,https://www.google.com/search?tbm=isch&q=FESTO+51ENMKBQWF35GCQNT/45PRXSLX1AOZOWHJ
LEUZE,68026116,MLC510R14-1650.1 Light Curtain,56959.27,0,0,https://www.google.com/search?tbm=isch&q=LEUZE+68026116
PILZ,540353,PSEN CS1.19N-1 SWITCH,56916.05,0,0,https://www.google.com/search?tbm=isch&q=PILZ+540353
LAPP,3912002,3912002 60227IEC02(RV) CCC VDE RoHS 1X35,56910.0,0,0,https://www.google.com/search?tbm=isch&q=LAPP+3912002
FESTO,51ENDGSNLKANMKBQWF34GCQNNGKAQFS/45P***,valve terminal VTSA-F art.no.547965,56732.85,0,0,https://www.google.com/search?tbm=isch&q=FESTO+51ENDGSNLKANMKBQWF34GCQNNGKAQFS/45P***
WALTHER,157194,1-91496-2-FT804-AAAA-Y20-AJ-FL flange,0,6658.5,0,https://www.google.com/search?tbm=isch&q=WALTHER+157194
VARIOUS,GB-H07RN-F-450/750V-1*95,GB-H07RN-F-450/750V-1*95,56540.79,0,0,https://www.google.com/search?tbm=isch&q=VARIOUS+GB-H07RN-F-450/750V-1*95
FESTO,51ENMKBQWF34GCQNNGKAQFS/45PAXP2SMEPM2BOZ,valve terminal VTSA-F-FB Art.Nr. 547965,56343.54,0,0,https://www.google.com/search?tbm=isch&q=FESTO+51ENMKBQWF34GCQNNGKAQFS/45PAXP2SMEPM2BOZ
DESTACO,82M3E230080K8UMR45-135°,82M-3E230080K8-UMR45-135° Cylinder,56227.44,0,0,https://www.google.com/search?tbm=isch&q=DESTACO+82M3E230080K8UMR45-135°
FESTO,170881,DFM-63-100-P-A-GF Führungszylinder,56098.29,0,0,https://www.google.com/search?tbm=isch&q=FESTO+170881
PARKER,3C582-15-8B,3C582-15-8B  Push-Lok-Armatur,55983.3,0,0,https://www.google.com/search?tbm=isch&q=PARKER+3C582-15-8B
GSEE,A2060302,GXEC-DIO8S Modular,55973.5,0,0,https://www.google.com/search?tbm=isch&q=GSEE+A2060302
RK ROSE&KRIEGER,1.03E+11,K 30 Kreuzklemmstück,0,6583.02,0,https://www.google.com/search?tbm=isch&q=RK+ROSE&KRIEGER+1.03E+11
VARIOUS,DC63VA80S12G105,DC63VA80S12G105 Cylinder,55900.0,0,0,https://www.google.com/search?tbm=isch&q=VARIOUS+DC63VA80S12G105
GSEE,EK4 EZ4-5M/P21/LG,EK4 EZ4-5M/P21/LG Cable,55699.8,0,0,https://www.google.com/search?tbm=isch&q=GSEE+EK4+EZ4-5M/P21/LG
PNEUMAX,29OT1818,29OT1818 Flow control vale,55517.04,0,0,https://www.google.com/search?tbm=isch&q=PNEUMAX+29OT1818
LEONI,100259,UIR cable（2X1.0mm²)+(3x1.0mm²）,55500.0,0,0,https://www.google.com/search?tbm=isch&q=LEONI+100259
HELUKABEL,11123,5G4 qmm JB-750,55375.4,0,0,https://www.google.com/search?tbm=isch&q=HELUKABEL+11123
MENZEL,9500020600,INDUTEC ® MS 0-D20.6 VA,0,6497.01,0,https://www.google.com/search?tbm=isch&q=MENZEL+9500020600
BLICKLE,51607,LH-SETH 200K-ST castor,55191.4,460.72,0,https://www.google.com/search?tbm=isch&q=BLICKLE+51607
FESTO,51EF44GCQWNMKBNMKBNMKBNLKAS/45PAVSMEPP*,Ventilinsel VTSA-F Art.Nr.547965,55050.36,0,0,https://www.google.com/search?tbm=isch&q=FESTO+51EF44GCQWNMKBNMKBNMKBNLKAS/45PAVSMEPP*
IFM,O5D150,O5D150 optical sensor,55040.0,0,0,https://www.google.com/search?tbm=isch&q=IFM+O5D150
SMC,C-VQM4-00004444W20-EBBBBBBBBLL,C-VQM4-00004444W20-EBBBBBBBBLL Valve,55032.0,0,0,https://www.google.com/search?tbm=isch&q=SMC+C-VQM4-00004444W20-EBBBBBBBBLL
BLICKLE,82776,LS-SPO 200K-ST-FG Wheel,0,6468.32,0,https://www.google.com/search?tbm=isch&q=BLICKLE+82776
VARIOUS,EGT013,EGT013 H-basic frame 300x450 SW80 Robot,54850.66,0,0,https://www.google.com/search?tbm=isch&q=VARIOUS+EGT013
HIRSCHMANN,MIPP/DD/1M4P/1M4P/1M4P/1M4P/XXXX/XXXX/XX,MIPP/DD/1M4P/1M4P/1M4P/1M4P/XXXX/XXXX/XX,54796.44,0,0,https://www.google.com/search?tbm=isch&q=HIRSCHMANN+MIPP/DD/1M4P/1M4P/1M4P/1M4P/XXXX/XXXX/XX
SEW EURODRIVE,8279861,Umrichter 45KW,54725.63,0,0,https://www.google.com/search?tbm=isch&q=SEW+EURODRIVE+8279861
INA,NATV25PPA,NATV25-PPA Stützrolle,54708.0,0,0,https://www.google.com/search?tbm=isch&q=INA+NATV25PPA
SMC,LEY63T8L-100B-R5P21,LEY63T8L-100B-R5P21 Cylinder,54688.0,0,0,https://www.google.com/search?tbm=isch&q=SMC+LEY63T8L-100B-R5P21
FESTO,51ENMKBNMKBNMKBNMKBQWF44GCQNNGKAQFS/45P,valve terminal VTSA-F art.no.547965,54655.48,0,0,https://www.google.com/search?tbm=isch&q=FESTO+51ENMKBNMKBNMKBNMKBQWF44GCQNNGKAQFS/45P
TÜNKERS,SZVD 50 Z A23 T12,SZVD 50 Z A23 T12 40 Retract pin cylind.,54600.0,0,0,https://www.google.com/search?tbm=isch&q=TÜNKERS+SZVD+50+Z+A23+T12
SMC,C-VQM4-00000444WP0-EBBBBL,C-VQM4-00000444WP0-EBBBBL,54566.0,0,0,https://www.google.com/search?tbm=isch&q=SMC+C-VQM4-00000444WP0-EBBBBL
VARIOUS,IPC610L,IPC610L industrial computer,54477.88,0,0,https://www.google.com/search?tbm=isch&q=VARIOUS+IPC610L
SMC,C-VQM2-00000444WP8-EBBBBBL,C-VQM2-00000444WP8-EBBBBBL Valve,54208.0,0,0,https://www.google.com/search?tbm=isch&q=SMC+C-VQM2-00000444WP8-EBBBBBL
SEW EURODRIVE,1992082/10.0,1992082/10.0 Cable,54201.98,0,2,https://www.google.com/search?tbm=isch&q=SEW+EURODRIVE+1992082/10.0
TÜNKERS,3010200781,3010200781 KR 60 UZ T12 A19 L4=70+5.5 CN,54133.93,0,0,https://www.google.com/search?tbm=isch&q=TÜNKERS+3010200781
MISUMI,JBHFP15-P10-L15,JBHFP15-P10-L15,54095.94,0,0,https://www.google.com/search?tbm=isch&q=MISUMI+JBHFP15-P10-L15
TÜNKERS,APH 40 BR2 H A80 K00 T12,APH 40 BR2 H A80 K00 T12 Clamp,54040.0,0,0,https://www.google.com/search?tbm=isch&q=TÜNKERS+APH+40+BR2+H+A80+K00+T12
SMC,VVQC4000-2A-1,VVQC4000-2A-1 TAPA LATERAL LADO U,54029.0,0,0,https://www.google.com/search?tbm=isch&q=SMC+VVQC4000-2A-1
SMC,C-VQM2-00004444WP8-EBÜXXXXXXXXX,C-VQM2-00004444WP8-EBÜXXXXXXXXX  Valve,54000.0,0,0,https://www.google.com/search?tbm=isch&q=SMC+C-VQM2-00004444WP8-EBÜXXXXXXXXX
MARVTECH,19810011,19810011  Profinet network cable high so,54000.0,0,0,https://www.google.com/search?tbm=isch&q=MARVTECH+19810011
PFANNENBERG,13256271055,εCOOL roof-mounted air conditioner,54000.0,0,0,https://www.google.com/search?tbm=isch&q=PFANNENBERG+13256271055
GSEE,EK4 EZ4-3M/P21/LG,EK4 EZ4-3M/P21/LG Cable,53896.5,0,0,https://www.google.com/search?tbm=isch&q=GSEE+EK4+EZ4-3M/P21/LG
TURCK,6626041,WKC4.4T-P7X3.2-2-RSC4.4T/TXL,53772.5,0,0,https://www.google.com/search?tbm=isch&q=TURCK+6626041
LENZE,QEV111AHFCIL,DE:ENTSTOERFILTER 180A 3X480V,53679.83,0,0,https://www.google.com/search?tbm=isch&q=LENZE+QEV111AHFCIL
WALTHER,95288-B-10002-AAAA-Y23-E00086,95288-B-10002-AAAA-Y23-E00086 Connector,53600.0,0,0,https://www.google.com/search?tbm=isch&q=WALTHER+95288-B-10002-AAAA-Y23-E00086
WALTHER,95288-B-10003-AAAA-Y23-E00087,95288-B-10003-AAAA-Y23-E00087 Connector,53600.0,0,0,https://www.google.com/search?tbm=isch&q=WALTHER+95288-B-10003-AAAA-Y23-E00087
RITTAL,8106239--BP-FFT3000W,8106239--BP-FFT3000W Cabinet,53485.38,0,0,https://www.google.com/search?tbm=isch&q=RITTAL+8106239--BP-FFT3000W
RITTAL,8806319-SY-BS,8806319-SY-BS control box,53388.24,0,0,https://www.google.com/search?tbm=isch&q=RITTAL+8806319-SY-BS
BALLUFF,BNL 5307-120-08-0090,BNL 5307-120-08-0090 NOCKENLEISTE,53257.16,0,0,https://www.google.com/search?tbm=isch&q=BALLUFF+BNL+5307-120-08-0090
WOEHNER,1622,Sammelschiene  E-CU 30x5  450A,53215.86,0,0,https://www.google.com/search?tbm=isch&q=WOEHNER+1622
TÜNKERS,SZK 40 A00 T12 40,SZK 40 A00 T12 40 Cylinder,53190.91,0,0,https://www.google.com/search?tbm=isch&q=TÜNKERS+SZK+40+A00+T12+40
FESTO,51ENMKBQWF44GCQNNGKAQFS/45PAXP2SMEPM-,Valve Terminal,53171.09,0,1,https://www.google.com/search?tbm=isch&q=FESTO+51ENMKBQWF44GCQNNGKAQFS/45PAXP2SMEPM-
FESTO,51EF44GCQWNMKBQNNMKBNMKBNGKAQFS/45P*****,Valve island,53143.8,0,0,https://www.google.com/search?tbm=isch&q=FESTO+51EF44GCQWNMKBQNNMKBNMKBNGKAQFS/45P*****
FESTO,51ENLKANMKBNMKBNMKBQWF44GCQNS_,valve terminal,52960.48,0,0,https://www.google.com/search?tbm=isch&q=FESTO+51ENLKANMKBNMKBNMKBQWF44GCQNS_
STÄUBLI,K86501805,K86501805,52799.46,0,0,https://www.google.com/search?tbm=isch&q=STÄUBLI+K86501805
SMC,C-VQM4-00000444WP0-EBBBBBBUXXXL,C-VQM4-00000444WP0-EBBBBBBUXXXL,52640.0,0,0,https://www.google.com/search?tbm=isch&q=SMC+C-VQM4-00000444WP0-EBBBBBBUXXXL
SIEMENS,3RV2021-4BA10,3RV2021-4BA10 Motor Protection 14-20A s0,52563.31,587.64,1,https://www.google.com/search?tbm=isch&q=SIEMENS+3RV2021-4BA10
FESTO,51EF44GCQWNMKBNMKBNGKAQFS/45PAXP2***,Ventilinsel VTSA-F Art.Nr.547965,52482.7,0,0,https://www.google.com/search?tbm=isch&q=FESTO+51EF44GCQWNMKBNMKBNGKAQFS/45PAXP2***
SEW EURODRIVE,8264635,"Bs-Gl. Richter BMK 1,5",52414.4,0,0,https://www.google.com/search?tbm=isch&q=SEW+EURODRIVE+8264635
VARIOUS,NFC-FLEX110 5G16,NFC-FLEX110 5G16 Cable,52381.0,0,0,https://www.google.com/search?tbm=isch&q=VARIOUS+NFC-FLEX110+5G16
HELUKABEL,10143,Steuerleitung 5G4qmm,52215.0,0,0,https://www.google.com/search?tbm=isch&q=HELUKABEL+10143
FESTO,51EF33GCQPNMKBNMKBSGS2GZ/45PNV,valve terminal VTSA-F art.no.547965,52144.58,0,2,https://www.google.com/search?tbm=isch&q=FESTO+51EF33GCQPNMKBNMKBSGS2GZ/45PNV
MSI,05.01331.00,05.01331.00 Formverbindersatz Nut 8,0,6132.0,0,https://www.google.com/search?tbm=isch&q=MSI+05.01331.00
FESTO,541279_AGD-S-WP,MS6-EM1-AGD-S-WP valve,52060.78,0,0,https://www.google.com/search?tbm=isch&q=FESTO+541279_AGD-S-WP
MARVTECH,10125349,EDM4-35-RJ45S/PN23/HBK Cable,52035.6,0,0,https://www.google.com/search?tbm=isch&q=MARVTECH+10125349
EATON,71004993,Zubehörkit BG3 für N3 bestehed aus:,52006.0,0,0,https://www.google.com/search?tbm=isch&q=EATON+71004993
SMC,TRBU1065Y-20,TRBU1065Y-20 Schlauch,51876.0,0,1,https://www.google.com/search?tbm=isch&q=SMC+TRBU1065Y-20
FESTO,DFAP-40-V-15-C-S-S1-CS,DFAP-40-V-15-C-S-S1-CS cylinder,51770.16,0,0,https://www.google.com/search?tbm=isch&q=FESTO+DFAP-40-V-15-C-S-S1-CS
SMC,C-VQM4-00000444WP0-EBBBBBBBBBUL,C-VQM4-00000444WP0-EBBBBBBBBBUL,51684.0,0,0,https://www.google.com/search?tbm=isch&q=SMC+C-VQM4-00000444WP0-EBBBBBBBBBUL
LENZE,QEV111ADCU75,CAN-Bus Repeater,51530.95,0,0,https://www.google.com/search?tbm=isch&q=LENZE+QEV111ADCU75
LEONI,LS-KU-RS-15M(PW),LS-KU-RS-15M(PW) Cable,51515.1,0,0,https://www.google.com/search?tbm=isch&q=LEONI+LS-KU-RS-15M(PW)
RITTAL,3305.5,TopTherm Wandkuehlgerät 1500 W,51389.11,0,0,https://www.google.com/search?tbm=isch&q=RITTAL+3305.5
FESTO,194693,LRPS-1/4-10 PRECISION PRESSURE REGULATOR,51375.92,0,0,https://www.google.com/search?tbm=isch&q=FESTO+194693
VARIOUS,NFC-FLEX110 5G6,NFC-FLEX110 5G6 Cable,51263.5,0,0,https://www.google.com/search?tbm=isch&q=VARIOUS+NFC-FLEX110+5G6
SMC,C-VQM4-00000444WC0-EBBBLL,C-VQM4-00000444WC0-EBBBLL,51092.0,0,0,https://www.google.com/search?tbm=isch&q=SMC+C-VQM4-00000444WC0-EBBBLL
VARIOUS,DS(1800+200)*W800*D600-PDP,DS(1800+200)*W800*D600-PDP,51045.12,0,0,https://www.google.com/search?tbm=isch&q=VARIOUS+DS(1800+200)*W800*D600-PDP
SEW EURODRIVE,8271283,Netzfilter,50965.32,0,0,https://www.google.com/search?tbm=isch&q=SEW+EURODRIVE+8271283
JEAN MUELLER,N3016905,N3016905 M3GL630,50897.9,0,0,https://www.google.com/search?tbm=isch&q=JEAN+MUELLER+N3016905
SEW EURODRIVE,MTF11A007-503-E21A-22/S12A/MTA11A-503-I*,MTF11A007-503-E21A-22/S12A/MTA11A-503-I*,50892.04,0,0,https://www.google.com/search?tbm=isch&q=SEW+EURODRIVE+MTF11A007-503-E21A-22/S12A/MTA11A-503-I*
SMC,C-VQM2-00000044WC8-EBBLL,C-VQM2-00000044WC8-EBBLL,50740.0,0,0,https://www.google.com/search?tbm=isch&q=SMC+C-VQM2-00000044WC8-EBBLL
ESCHA,8094190,AL-WAK4-7.5-AL-WAS4/S740 Connector,50640.0,0,0,https://www.google.com/search?tbm=isch&q=ESCHA+8094190
VARIOUS,YJVR-70MM2,YJVR-70MM2 Black Cable Qifan,50620.0,0,0,https://www.google.com/search?tbm=isch&q=VARIOUS+YJVR-70MM2
VARIOUS,YJVR-70MM2 YELLOW-GREEN,YJVR-70MM2 cable yellow-green Qifan,50620.0,0,0,https://www.google.com/search?tbm=isch&q=VARIOUS+YJVR-70MM2+YELLOW-GREEN
HIRSCHMANN,MSP40-00280TCZ9MRHHE3AXX.X,MSP40-00280TCZ9MRHHE3AXX.X  Routing-Swit,50619.46,0,0,https://www.google.com/search?tbm=isch&q=HIRSCHMANN+MSP40-00280TCZ9MRHHE3AXX.X
VARIOUS,347282,347282  Pipeline package,50442.48,0,0,https://www.google.com/search?tbm=isch&q=VARIOUS+347282
SCHMALZ,10.01.03.00345,SAUG-ANB G1/4-AG 140 FO suction connect,50442.0,0,0,https://www.google.com/search?tbm=isch&q=SCHMALZ+10.01.03.00345
SMC,C-VQM4-00000044WC0-EBYBYLL,C-VQM4-00000044WC0-EBYBYLL,50440.0,0,0,https://www.google.com/search?tbm=isch&q=SMC+C-VQM4-00000044WC0-EBYBYLL
ESCHA,8086429,AL-WAK4-5-AL-WAS4/S370/S8080,50400.0,0,0,https://www.google.com/search?tbm=isch&q=ESCHA+8086429
MARVTECH,10450329,EDM4-25-RJ45S/PN23/HBK Cable,50387.4,0,0,https://www.google.com/search?tbm=isch&q=MARVTECH+10450329
SMC,C-VQM4-00000444-WP0-EBBBBBBLÜXX,C-VQM4-00000444-WP0-EBBBBBBLÜXX,50352.0,0,0,https://www.google.com/search?tbm=isch&q=SMC+C-VQM4-00000444-WP0-EBBBBBBLÜXX
VARIOUS,EGT232,EGT_232 Connection centered,50346.17,0,0,https://www.google.com/search?tbm=isch&q=VARIOUS+EGT232
FESTO,192488,PEV-1/4-B-M12 Pressure switch,50340.8,0,0,https://www.google.com/search?tbm=isch&q=FESTO+192488
TURCK,6625958,WKC4.4T-P7X3.2-5-RSC4.4T/TXL,50230.8,0,0,https://www.google.com/search?tbm=isch&q=TURCK+6625958
FESTO,51EF34GCQWNMKBQNNMKBNMKBNGKAQFS/45PAXP_,valve terminal VTSA-F art.no.547965,50068.91,0,1,https://www.google.com/search?tbm=isch&q=FESTO+51EF34GCQWNMKBQNNMKBNMKBNGKAQFS/45PAXP_
LENZE,QEV111AHKPGU,QEV111AHKPGU SYS-CABLE-MOTOR,50066.6,0,0,https://www.google.com/search?tbm=isch&q=LENZE+QEV111AHKPGU
FEE,1307823,H101_7 OPTION: 4 Stück Lasttrennschalter,0,5887.38,0,https://www.google.com/search?tbm=isch&q=FEE+1307823
KISSLING,53.U12.406 R125,53.U12.406 R125 U-Nutentrommel,0,5885.02,0,https://www.google.com/search?tbm=isch&q=KISSLING+53.U12.406+R125
SIEMENS,3RT2025-1DB44-3MA0,3RT2025-1DB44-3MA0 Contactor,49971.6,0,0,https://www.google.com/search?tbm=isch&q=SIEMENS+3RT2025-1DB44-3MA0
SMC,KQB2T08-00,KQB2T08-00 Connector,49794.0,0,1,https://www.google.com/search?tbm=isch&q=SMC+KQB2T08-00
VEP AUTOMATION,RFM125.1-43-O/LS-PX-P-G-X,RFM125.1-43O/LSPXPGX cylinder,49787.14,0,0,https://www.google.com/search?tbm=isch&q=VEP+AUTOMATION+RFM125.1-43-O/LS-PX-P-G-X
SIEMENS,6AG4131-3HC14-3AB2,6AG4131-3HC14-3AB2,49592.03,0,0,https://www.google.com/search?tbm=isch&q=SIEMENS+6AG4131-3HC14-3AB2
VARIOUS,RVVY 4G2.5,RVVY 4G2.5 cable,49543.0,0,0,https://www.google.com/search?tbm=isch&q=VARIOUS+RVVY+4G2.5
FESTO,532319_025-B-PPV-A-GF,DFM-40-025-B-PPV-A-GF cylinder,49533.9,0,0,https://www.google.com/search?tbm=isch&q=FESTO+532319_025-B-PPV-A-GF
ACE,MC600MH2-BP,MC600MH2-BP buffer,49440.0,0,0,https://www.google.com/search?tbm=isch&q=ACE+MC600MH2-BP
RITTAL,8886.5,Schaltschrank BHT: 800x1800x600mm,49422.07,0,0,https://www.google.com/search?tbm=isch&q=RITTAL+8886.5
FESTO,51EF44GCQWNMKBQNNMKBNMKBNGKAQFS/45PAXP2*,Ventilinsel VTSA-F Art.Nr.547965,49387.08,0,0,https://www.google.com/search?tbm=isch&q=FESTO+51EF44GCQWNMKBQNNMKBNMKBNGKAQFS/45PAXP2*
JEAN MUELLER,N5014905,M00GL160 NH00  3x160A/500V,49299.73,0,0,https://www.google.com/search?tbm=isch&q=JEAN+MUELLER+N5014905
THK,HSR30 A 2  SS +8560L-II,HSR30 A 2  SS +8560L-II,49295.52,0,0,https://www.google.com/search?tbm=isch&q=THK+HSR30+A+2++SS++8560L-II
SEW EURODRIVE,13617648/10.0,13617648/ 10.K Konfekt.Geberkabel DR 10m,49294.89,0,4,https://www.google.com/search?tbm=isch&q=SEW+EURODRIVE+13617648/10.0
FESTO,51EF44GCQWNMKBNGKAQFS/45PAXP2SMEPP1B2JP1,Ventilinsel VTSA-F Art.Nr.547965,49246.56,0,0,https://www.google.com/search?tbm=isch&q=FESTO+51EF44GCQWNMKBNGKAQFS/45PAXP2SMEPP1B2JP1
LENZE,13558377,G50BB215MVBR3N2G-MCS19P30-SVMP2 motor,49195.51,0,0,https://www.google.com/search?tbm=isch&q=LENZE+13558377
MBS,32-0041-HUT,Current mutual inductance coil,49174.23,368.7,0,https://www.google.com/search?tbm=isch&q=MBS+32-0041-HUT
SIEMENS,6ES7194-4CA00-0AA0,Anschl-modul CM IO 4x M12 f.  Elektr.Mod,0,5784.45,0,https://www.google.com/search?tbm=isch&q=SIEMENS+6ES7194-4CA00-0AA0
SMC,C-VQM2-00000044WP8-EBBBBLÜX,C-VQM2-00000044WP8-EBBBBLÜX Valve,49007.0,0,0,https://www.google.com/search?tbm=isch&q=SMC+C-VQM2-00000044WP8-EBBBBLÜX
FRONIUS,"4,046,106",Fernbedienung mit Kabel RC Panel Pro /5m,48943.05,0,0,"https://www.google.com/search?tbm=isch&q=FRONIUS+4,046,106"
VARIOUS,LC 5G25,LC 5G25 Cable,48814.45,0,1,https://www.google.com/search?tbm=isch&q=VARIOUS+LC+5G25
SICK,1094459,Sicherheits-Laserscanner microScan3 Core,48800.0,0,0,https://www.google.com/search?tbm=isch&q=SICK+1094459
MARVTECH,10250604,MF5-35/C13/YE/CYE Cable,48652.8,0,0,https://www.google.com/search?tbm=isch&q=MARVTECH+10250604
FESTO,51EF44GCQWNMKBS/45PAVSMEAA3JL,valve terminal VTSA-F art.no.547965,48649.9,0,0,https://www.google.com/search?tbm=isch&q=FESTO+51EF44GCQWNMKBS/45PAVSMEAA3JL
FESTO,536392,ADN-100-80-I-P-A Cylinder,48408.66,0,0,https://www.google.com/search?tbm=isch&q=FESTO+536392
UNIVER,LAGP210OA075BC,LAGP210OA075BC Spannzylinder,48362.0,0,0,https://www.google.com/search?tbm=isch&q=UNIVER+LAGP210OA075BC
UNIVER,LAGP210ZA045BCF,LAGP210ZA045BCF Spannzylinder,48362.0,0,0,https://www.google.com/search?tbm=isch&q=UNIVER+LAGP210ZA045BCF
FEE,1271398,Zentrale Einspeisung +H011_EE _480V,0,5680.0,0,https://www.google.com/search?tbm=isch&q=FEE+1271398
RITTAL,7993.008,cabinet AE modified 600x380x210,48204.0,0,0,https://www.google.com/search?tbm=isch&q=RITTAL+7993.008
MSI,KT771875-450.7,DOOR LEAF STD-50-05-2 1250x2500,0,5670.0,0,https://www.google.com/search?tbm=isch&q=MSI+KT771875-450.7
FESTO,51ENMKBF44GCQWS/45PAXSME2A2J2L,valve terminal VTSA-F art.no.547965,48110.0,0,0,https://www.google.com/search?tbm=isch&q=FESTO+51ENMKBF44GCQWS/45PAXSME2A2J2L
BALLUFF,BIC0072,BIC 1B0-IT005-Q40KFU-SM4A4AInd,48100.0,0,0,https://www.google.com/search?tbm=isch&q=BALLUFF+BIC0072
VARIOUS,EGT017,EGT_017  450x600 SW80,48070.82,0,0,https://www.google.com/search?tbm=isch&q=VARIOUS+EGT017
TÜNKERS,301437,LE 60 100 VRL T02  pneum. guide unit,48000.0,0,0,https://www.google.com/search?tbm=isch&q=TÜNKERS+301437
FESTO,560230,HGPT-63-A-B-G2 Gripper,47949.78,0,0,https://www.google.com/search?tbm=isch&q=FESTO+560230
HELUKABEL,10149,10149 JZ-500 CABLE 5G6,47860.0,0,0,https://www.google.com/search?tbm=isch&q=HELUKABEL+10149
VARIOUS,LC 4G2.5,LC 4G2.5 Cable,47816.57,0,0,https://www.google.com/search?tbm=isch&q=VARIOUS+LC+4G2.5
GSEE,ELK4 EZ4-3M/P21/LG,ELK4 EZ4-3M/P21/LG Cable,47784.0,0,0,https://www.google.com/search?tbm=isch&q=GSEE+ELK4+EZ4-3M/P21/LG
LAPP,2170886,2170886 Kabel Typ B AWG22 flexibel CAT5,47712.0,0,0,https://www.google.com/search?tbm=isch&q=LAPP+2170886
APS,CE-SB8080-8,CE-SB8080-8 connector,47617.81,0,0,https://www.google.com/search?tbm=isch&q=APS+CE-SB8080-8
MARVTECH,13120505,Y-EAM4-2EAF3-1-1/C01/HBK Cable,47573.4,0,0,https://www.google.com/search?tbm=isch&q=MARVTECH+13120505
VARIOUS,NFC-FLEX 111 1X120,NFC-FLEX 111 1x120 Cable,47460.0,0,0,https://www.google.com/search?tbm=isch&q=VARIOUS+NFC-FLEX+111+1X120
MARVTECH,10250603,MF5-25/C13/YE/CYE Cable,47352.2,0,0,https://www.google.com/search?tbm=isch&q=MARVTECH+10250603
LENZE,13540504,I0FAE240F100D0000S INT-SUP-FILTER,47068.4,0,0,https://www.google.com/search?tbm=isch&q=LENZE+13540504
FESTO,51EF34GCQWNMKBQNNMKBNMKBNMKBNGKAQFS/*_,Valve island,47056.44,0,0,https://www.google.com/search?tbm=isch&q=FESTO+51EF34GCQWNMKBQNNMKBNMKBNMKBNGKAQFS/*_
TÜNKERS,V2_50.1_BR3_A90_T12,V2_50.1_BR3_A90_T12,46925.1,0,0,https://www.google.com/search?tbm=isch&q=TÜNKERS+V2_50.1_BR3_A90_T12
UNIVER,LCA40040EAR,LCA40040EAR Pin locator,46920.0,0,0,https://www.google.com/search?tbm=isch&q=UNIVER+LCA40040EAR
DESTACO,82M-3E230080K8ULR20,82M-3E230080K8ULR20 power clamp 135°,46856.2,0,0,https://www.google.com/search?tbm=isch&q=DESTACO+82M-3E230080K8ULR20
DESTACO,82M-3E230080K8URR20,82M-3E230080K8URR20 power clamp 135°,46856.2,0,0,https://www.google.com/search?tbm=isch&q=DESTACO+82M-3E230080K8URR20
VARIOUS,PDP800-FFT,PDP800-FFT cabinet,46800.0,0,0,https://www.google.com/search?tbm=isch&q=VARIOUS+PDP800-FFT
VARIOUS,RVVY 5G6,RVVY 5G6 cable,46780.2,0,0,https://www.google.com/search?tbm=isch&q=VARIOUS+RVVY+5G6
LENZE,QEV111ACZJIU,QEV111ACZJIU EYP0054A0400M03A00 SYS-LTG,46752.29,0,0,https://www.google.com/search?tbm=isch&q=LENZE+QEV111ACZJIU
TURCK,14045,Bi30R-W30-DAP6X-H1141 Sensor,46748.18,0,0,https://www.google.com/search?tbm=isch&q=TURCK+14045
SEW EURODRIVE,MTF11A005503E20A15/S12A/MTA11A503I653-D,MTF11A005503E20A15/S12A/MTA11A503-I653-D,46612.36,0,0,https://www.google.com/search?tbm=isch&q=SEW+EURODRIVE+MTF11A005503E20A15/S12A/MTA11A503I653-D
VARIOUS,ICE12-T5,ICE12-T5,46588.0,0,0,https://www.google.com/search?tbm=isch&q=VARIOUS+ICE12-T5
PHOENIX,1130844,VS-IP20-96C-LI/500-CN Cable,46465.0,0,0,https://www.google.com/search?tbm=isch&q=PHOENIX+1130844
FESTO,558713,NPQM-L-G14-Q10-P10 connector,46408.59,0,0,https://www.google.com/search?tbm=isch&q=FESTO+558713
SMC,C-VQM4-00000444-WP0-EBBBBLÜXX,C-VQM4-00000444-WP0-EBBBBLÜXX,46356.0,0,0,https://www.google.com/search?tbm=isch&q=SMC+C-VQM4-00000444-WP0-EBBBBLÜXX
WALTHER,95815-9-00030-AAAD-Z05-FL,95815-9-00030-AAAD-Z05-FL coupling,0,5451.5,0,https://www.google.com/search?tbm=isch&q=WALTHER+95815-9-00030-AAAD-Z05-FL
SMC,MGPA40-125Z-XC35,MGPA40-125Z-XC35 Cylinder,46325.0,0,0,https://www.google.com/search?tbm=isch&q=SMC+MGPA40-125Z-XC35
FESTO,51EF44GCQWNMKBQNNMKBNMKBNLKANGKAQFS/45*,Valve island,46293.72,0,0,https://www.google.com/search?tbm=isch&q=FESTO+51EF44GCQWNMKBQNNMKBNMKBNLKANGKAQFS/45*
DANFOSS,FC-302P11KT5E20H2BGCXXXSXXXXALBRCXXXXDX,FC-302P11KT5E20H2BGCXXXSXXXXALBRCXXXXDX,46243.68,0,0,https://www.google.com/search?tbm=isch&q=DANFOSS+FC-302P11KT5E20H2BGCXXXSXXXXALBRCXXXXDX
OBO BETTERMANN,6049119,6049119 DBKR 100 FS,46227.05,0,0,https://www.google.com/search?tbm=isch&q=OBO+BETTERMANN+6049119
FESTO,51EF44GCQWNMKBNGKAQFS/45PAXP2SMEP****,Ventilinsel VTSA-F Art.Nr.547965,46205.7,0,0,https://www.google.com/search?tbm=isch&q=FESTO+51EF44GCQWNMKBNGKAQFS/45PAXP2SMEP****
TURCK,6625873,WKC4.4T-P7X3.2-3-RSC4.4T/TXL,46198.5,0,0,https://www.google.com/search?tbm=isch&q=TURCK+6625873
RITTAL,9346.01,NH Reiter-Sicherungs-Lastschaltleiste Gr,46181.73,0,0,https://www.google.com/search?tbm=isch&q=RITTAL+9346.01
SEW EURODRIVE,18121454/5.0,"Geberkabel mit 2 Stecker TH/TF,  5m",46154.81,0,3,https://www.google.com/search?tbm=isch&q=SEW+EURODRIVE+18121454/5.0
DAPUESE,DP-TFT-5CB1-2AC1-GQ70E,DP-TFT-5CB1-2AC1-GQ70E,46017.7,0,0,https://www.google.com/search?tbm=isch&q=DAPUESE+DP-TFT-5CB1-2AC1-GQ70E
PHOENIX,AXCF 2152,AXCF 2152  controller,46017.68,0,0,https://www.google.com/search?tbm=isch&q=PHOENIX+AXCF+2152
FESTO,51EF44GCQWNMKBNMKBNGKAQFS/45PAVSMEPP*,Ventilinsel VTSA-F Art.Nr.547965,45979.89,0,1,https://www.google.com/search?tbm=isch&q=FESTO+51EF44GCQWNMKBNMKBNGKAQFS/45PAVSMEPP*
FESTO,51EF44GCQWNMKBQNT45NGKAQFS/45PAXSSMEA2B*,Valve island,45961.0,0,0,https://www.google.com/search?tbm=isch&q=FESTO+51EF44GCQWNMKBQNT45NGKAQFS/45PAXSSMEA2B*
FESTO,51EF34GCQWNMKBQNNMKBNMKBNMKBNNMKBNMKBNMK,Valve terminal VTSA-F Art.Nr. 547965,45765.32,0,0,https://www.google.com/search?tbm=isch&q=FESTO+51EF34GCQWNMKBQNNMKBNMKBNMKBNNMKBNMKBNMK
STÄUBLI,RBE 08.7816,RBE 08.7816 Connector,45719.06,0,0,https://www.google.com/search?tbm=isch&q=STÄUBLI+RBE+08.7816
ENIDINE,MF24106,ECO LROEM 1.15M X 1 shock absorber,45716.3,0,0,https://www.google.com/search?tbm=isch&q=ENIDINE+MF24106
VARIOUS,XQJC01R01,XQJ-C-01R-01 Spray 7035 support,45600.0,0,0,https://www.google.com/search?tbm=isch&q=VARIOUS+XQJC01R01
SEW EURODRIVE,K67DRN100LM4BE5/HR/IS/TF,K67DRN100LM4BE5/HR/IS/TF Motor,45446.9,0,0,https://www.google.com/search?tbm=isch&q=SEW+EURODRIVE+K67DRN100LM4BE5/HR/IS/TF
FESTO,170943,DFM-40-125-P-A-KF CYLINDER,45293.04,0,0,https://www.google.com/search?tbm=isch&q=FESTO+170943
ITEM,0.0.411.15,0.0.411.15 angle set 8 40x40,45269.64,0,0,https://www.google.com/search?tbm=isch&q=ITEM+0.0.411.15
HELUKABEL,15978,"JZ-HF-CY 4G1,5 mm² GY Cable",45225.0,0,0,https://www.google.com/search?tbm=isch&q=HELUKABEL+15978
VARIOUS,347253,347253  Pipeline package,45132.74,0,0,https://www.google.com/search?tbm=isch&q=VARIOUS+347253
DEHN,540251,UNI-Erdungsklemme NIRO f. Rd 8-10mm,45000.0,0,0,https://www.google.com/search?tbm=isch&q=DEHN+540251
LENZE,QEV111ACSJEX,Anschluss-/Verlängerungsleitung  5m,44980.71,0,0,https://www.google.com/search?tbm=isch&q=LENZE+QEV111ACSJEX
FESTO,51EF34GCQWNMKBQNNMKBNMKBNLKAS/45PAVU5A,Valve island,44979.8,0,0,https://www.google.com/search?tbm=isch&q=FESTO+51EF34GCQWNMKBQNNMKBNMKBNLKAS/45PAVU5A
FESTO,563057,CPX-M-GE-EV-S-PP-5POL Interlinking block,44909.96,0,0,https://www.google.com/search?tbm=isch&q=FESTO+563057
TÜNKERS,1259166,MZ 40 BR2 V 24 A12 T02 multi-cylinder,44864.0,0,0,https://www.google.com/search?tbm=isch&q=TÜNKERS+1259166
INA,SNV290-F-L,SNV290-F-L bearing housing,44861.0,0,0,https://www.google.com/search?tbm=isch&q=INA+SNV290-F-L
FESTO,51EF44GCQWNMKBQNNMKBNMKBNGKAQFS/45PAX*,valve terminal VTSA-F art.no.547965,44769.07,0,1,https://www.google.com/search?tbm=isch&q=FESTO+51EF44GCQWNMKBQNNMKBNMKBNGKAQFS/45PAX*
NORELEM,"08910-A42,00X30","DIN172_08910_A42,00x30 bush",44632.07,0,0,"https://www.google.com/search?tbm=isch&q=NORELEM+08910-A42,00X30"
WENGLOR,WPS12AL,WPS12AL Sensor_Bracket,44608.5,0,0,https://www.google.com/search?tbm=isch&q=WENGLOR+WPS12AL
SEW EURODRIVE,18110606/15.0,18110606/15.0,44554.36,0,0,https://www.google.com/search?tbm=isch&q=SEW+EURODRIVE+18110606/15.0
APS,APS-8-4080 L=6000MM,APS-8-4080 L=6000mm,44335.86,0,0,https://www.google.com/search?tbm=isch&q=APS+APS-8-4080+L=6000MM
SIEMENS,3RV2031-4WA10,"Circuit breaker, S2, class 10, 45-52A",44098.67,0,1,https://www.google.com/search?tbm=isch&q=SIEMENS+3RV2031-4WA10
FESTO,51EF34GCQWNMKBQNNGKAQFS_,Valve island,44067.6,0,1,https://www.google.com/search?tbm=isch&q=FESTO+51EF34GCQWNMKBQNNGKAQFS_
TSUBAKI KABELSCHLEPP,KC0900.138-RV-175-1980,KC0900.138-RV-175-1980,44017.68,0,0,https://www.google.com/search?tbm=isch&q=TSUBAKI+KABELSCHLEPP+KC0900.138-RV-175-1980
PHOENIX,1435563,FL WLAN SUIT-2010 Modular,44000.0,0,0,https://www.google.com/search?tbm=isch&q=PHOENIX+1435563
PARKER,3C382-28-16BK,3C382-28-16BK sealing head,43970.18,0,0,https://www.google.com/search?tbm=isch&q=PARKER+3C382-28-16BK
SMC,AC40-LEO004,AC40-LEO004/00739292 Einsp.Wart.Ventilin,0,5152.02,0,https://www.google.com/search?tbm=isch&q=SMC+AC40-LEO004
SCHUNK,471066,SPC 40-16RF Haltebolzen,43760.8,0,0,https://www.google.com/search?tbm=isch&q=SCHUNK+471066
LEUZE,68026112,MLC510R14-1200.1 Light Curtain,43739.71,0,0,https://www.google.com/search?tbm=isch&q=LEUZE+68026112
SCHMALZ,10.01.03.00291,SAUG-ANB G1/4-AG 140 suction cup holder,43636.75,0,0,https://www.google.com/search?tbm=isch&q=SCHMALZ+10.01.03.00291
RITTAL,1042.709,1042.709 H800×W600×D350（ mm）,43632.0,0,0,https://www.google.com/search?tbm=isch&q=RITTAL+1042.709
FESTO,51EF34GCQWNMKBQNNMKBNMKBS/45PAVU4A6J2L,VTSA-F Ventilinsel,43631.39,0,0,https://www.google.com/search?tbm=isch&q=FESTO+51EF34GCQWNMKBQNNMKBNMKBS/45PAVU4A6J2L
PARKER,8018REDRL,"801-8-RED-RL 1/2"" Parker Push-Lok Hose",43626.6,0,0,https://www.google.com/search?tbm=isch&q=PARKER+8018REDRL
SIEMENS,5ST3010-0CC,5ST3010-0CC Auxiliary switch 1NO + 1NC,43601.69,0,0,https://www.google.com/search?tbm=isch&q=SIEMENS+5ST3010-0CC
SEW EURODRIVE,17962226,BW014-028-02,43480.5,0,0,https://www.google.com/search?tbm=isch&q=SEW+EURODRIVE+17962226
FESTO,51ENMKBQWF34GCQNNGKAQFS/45PAXP2SMEPP2B3J,Valve island,43446.85,0,0,https://www.google.com/search?tbm=isch&q=FESTO+51ENMKBQWF34GCQNNGKAQFS/45PAXP2SMEPP2B3J
LUMBERG,5M2F2-9058/5M,5M2F2-9058/5M wire yellow 5 pin,43365.0,0,0,https://www.google.com/search?tbm=isch&q=LUMBERG+5M2F2-9058/5M
SMC,C-VQM4-00000044-WP0-EBBBLÜXX,C-VQM4-00000044-WP0-EBBBLÜXX ValveIsland,43312.0,0,0,https://www.google.com/search?tbm=isch&q=SMC+C-VQM4-00000044-WP0-EBBBLÜXX
FESTO,51EF44GCQWNMKBQNNMKBNMKBNMKBNMKBS/45PAXS,Valve island,43291.68,0,0,https://www.google.com/search?tbm=isch&q=FESTO+51EF44GCQWNMKBQNNMKBNMKBNMKBNMKBS/45PAXS
SCHUNK,303065,KGG 100-40 parallel gripper,43200.0,0,0,https://www.google.com/search?tbm=isch&q=SCHUNK+303065
MTS,387631,387631 A2956460700,0,5078.26,0,https://www.google.com/search?tbm=isch&q=MTS+387631
MTS,387632,387632 A2956372001,0,5078.26,0,https://www.google.com/search?tbm=isch&q=MTS+387632
GSEE,58517231,58517231  100m IO loose line,43160.0,0,0,https://www.google.com/search?tbm=isch&q=GSEE+58517231
LAPP,1119121,"Steuerleitung 21x0,75mm²",43064.5,0,0,https://www.google.com/search?tbm=isch&q=LAPP+1119121
TURCK,6627245,RKC4.4T-7.5-RSC4.4T/TXL,43039.2,0,0,https://www.google.com/search?tbm=isch&q=TURCK+6627245
SKF,KR 52,KR 52 Cam Followers,43035.0,0,0,https://www.google.com/search?tbm=isch&q=SKF+KR+52
BECKHOFF,C9900-M801,CPC-KEYBOARD HOLDER,42866.69,0,1,https://www.google.com/search?tbm=isch&q=BECKHOFF+C9900-M801
WALTHER,95288-B-40060-AAAA-Y02-MD-A-L0710E002071,95288B40060AAAAY02MDAL0710E002071 flange,42849.57,0,0,https://www.google.com/search?tbm=isch&q=WALTHER+95288-B-40060-AAAA-Y02-MD-A-L0710E002071
SMC,CVQM400000444WP0EBBBBBL,valve island,42828.0,0,0,https://www.google.com/search?tbm=isch&q=SMC+CVQM400000444WP0EBBBBBL
LENZE,QEV111ACSJDX,"Bremswiderstand IP 65 27R 1,2kW, 27Ohm",42792.25,0,0,https://www.google.com/search?tbm=isch&q=LENZE+QEV111ACSJDX
LUETZE,382481F0004,382481F0004 frame for ES 800mm,42751.2,0,0,https://www.google.com/search?tbm=isch&q=LUETZE+382481F0004
SMC,C-VQM2-00000004WP8-EBBBBBBBBBBB,C-VQM2-00000004WP8-EBBBBBBBBBBB  Valve,42736.0,0,0,https://www.google.com/search?tbm=isch&q=SMC+C-VQM2-00000004WP8-EBBBBBBBBBBB
DESTACO,82M-3E030040K8ALS25,82M-3E030040K8ALS25 clamp 135°,42690.96,0,0,https://www.google.com/search?tbm=isch&q=DESTACO+82M-3E030040K8ALS25
DESTACO,82M-3E030040K8ARS25,82M-3E030040K8ARS25 clamp 135°,42690.96,0,0,https://www.google.com/search?tbm=isch&q=DESTACO+82M-3E030040K8ARS25
SMC,C-VQM4-00002444WC0-EBBBBBBBBBLL,C-VQM4-00002444WC0-EBBBBBBBBBLL,42630.0,0,0,https://www.google.com/search?tbm=isch&q=SMC+C-VQM4-00002444WC0-EBBBBBBBBBLL
FESTO,51EF34GCQWNMKBQNNMKBNMKBNLKANLKANGKAQFS,valve terminal VTSA-F art.no.547965,42610.06,0,1,https://www.google.com/search?tbm=isch&q=FESTO+51EF34GCQWNMKBQNNMKBNMKBNLKANLKANGKAQFS
SIEMENS,6ES7193-4CB30-0AA0,Terminalmodul for 4DI/4DO,42584.41,0,0,https://www.google.com/search?tbm=isch&q=SIEMENS+6ES7193-4CB30-0AA0
FESTO,51EF34GCQWNMKBQNNMKBNMKBNMKBNGKAQFS/45**,Valve terminal VTSA-F Art.No.547965,42564.96,0,0,https://www.google.com/search?tbm=isch&q=FESTO+51EF34GCQWNMKBQNNMKBNMKBNMKBNGKAQFS/45**
LUMBERG,RST4-RKT4-9029/5M,RST4-RKT4-9029/5M CABLE,42462.0,0,0,https://www.google.com/search?tbm=isch&q=LUMBERG+RST4-RKT4-9029/5M
TURCK,6631795,WKC4.4T-P7X3.2-7.5-RSC4.4T/TXL,42441.0,0,0,https://www.google.com/search?tbm=isch&q=TURCK+6631795
FESTO,51EF34GCQWNMKBQNNMKBNGKAQFS/45PAVU4B4JO3,Valve island,42320.36,0,0,https://www.google.com/search?tbm=isch&q=FESTO+51EF34GCQWNMKBQNNMKBNGKAQFS/45PAVU4B4JO3
WEIDMUELLER,1206720000,1206720000 LWL SCRJ POF IP20 Plug,42180.7,485.4,0,https://www.google.com/search?tbm=isch&q=WEIDMUELLER+1206720000
WEIDMUELLER,1547440000,IE-CL240W-PP-Base Contactless power,42179.92,6940.92,0,https://www.google.com/search?tbm=isch&q=WEIDMUELLER+1547440000
YANGRUI,XQJ-C-01A-03,XQJ-C-01A-03,42150.0,0,0,https://www.google.com/search?tbm=isch&q=YANGRUI+XQJ-C-01A-03
SMC,C-VQM2-00000004WP8-EBBBBUXL,C-VQM2-00000004WP8-EBBBBUXL,42130.0,0,0,https://www.google.com/search?tbm=isch&q=SMC+C-VQM2-00000004WP8-EBBBBUXL
LAPP,3905708,3905708  YJVR 3X70mm²+35mm² CABLE,42114.0,0,0,https://www.google.com/search?tbm=isch&q=LAPP+3905708
FESTO,51EF44GCQWNMKBNMKBS/45PAVSME2A3JL,Ventilinsel VTSA-F Art.Nr.547965,42087.6,18997.68,0,https://www.google.com/search?tbm=isch&q=FESTO+51EF44GCQWNMKBNMKBS/45PAVSME2A3JL
LEONI,Y100074,Aktivierungs-Pack,0,4950.0,0,https://www.google.com/search?tbm=isch&q=LEONI+Y100074
OBO BETTERMANN,6247091,6247091 LKM 60060FS,41987.91,0,0,https://www.google.com/search?tbm=isch&q=OBO+BETTERMANN+6247091
BOSCH REXROTH,R911173243,Umschaltbox für 2.Zange,41971.68,0,0,https://www.google.com/search?tbm=isch&q=BOSCH+REXROTH+R911173243
SICK,2023797,SX0A-A0000B SYSTEM PLUG,41955.18,0,0,https://www.google.com/search?tbm=isch&q=SICK+2023797
FESTO,51ENDGSNMKBQWF44GCQNNGKAQFS/45PAXP2SMEPP,Valve Terminal,41952.32,0,0,https://www.google.com/search?tbm=isch&q=FESTO+51ENDGSNMKBQWF44GCQNNGKAQFS/45PAXP2SMEPP
PARKER,50CSBDHMIRN34MC230.000M4422,50CSBdHMIRN34MC230M4422,41930.98,0,0,https://www.google.com/search?tbm=isch&q=PARKER+50CSBDHMIRN34MC230.000M4422
LENZE,QEV111AHKPGV,QEV111AHKPGV SYS-CABLE-MOTOR,41839.86,0,0,https://www.google.com/search?tbm=isch&q=LENZE+QEV111AHKPGV
SEW EURODRIVE,01992066/12.0,01992066/12.0 CABLE,41742.8,0,0,https://www.google.com/search?tbm=isch&q=SEW+EURODRIVE+01992066/12.0
JEAN MUELLER,N5614900,NH fuse-link DC440V M00DC 160A,41649.49,0,0,https://www.google.com/search?tbm=isch&q=JEAN+MUELLER+N5614900
SKF,NATV 25 PPXA,NATV 25 PPXA,41633.37,0,0,https://www.google.com/search?tbm=isch&q=SKF+NATV+25+PPXA
LAPP,39041121,BS 502 XLPE/PVC 1X120GNYE cable,41625.0,0,0,https://www.google.com/search?tbm=isch&q=LAPP+39041121
OBO BETTERMANN,6049280,6049280 DK DBKR G,41624.96,0,0,https://www.google.com/search?tbm=isch&q=OBO+BETTERMANN+6049280
WENGLOR,P1PY001,P1PY001 sensor,41535.42,0,0,https://www.google.com/search?tbm=isch&q=WENGLOR+P1PY001
VARIOUS,EGT188,EGT_188 / RD40-K40-VLR clamp connection,41435.96,0,0,https://www.google.com/search?tbm=isch&q=VARIOUS+EGT188
LENZE,QEV111ACZJJM,Encoderleitung Servoumr. 9400 (IP20) 20m,41429.76,0,0,https://www.google.com/search?tbm=isch&q=LENZE+QEV111ACZJJM
HIRSCHMANN,MSM40-C1C1C1C1,MSM40-C1C1C1C1,41415.96,0,0,https://www.google.com/search?tbm=isch&q=HIRSCHMANN+MSM40-C1C1C1C1
MSI,05.08300.00,05.08300.00 Universal-Stoß-Verbindungssa,0,4860.0,0,https://www.google.com/search?tbm=isch&q=MSI+05.08300.00
VARIOUS,BPF03-D24A-PP,BPF03-d24A-PP Wheel Yiheda,41280.0,0,0,https://www.google.com/search?tbm=isch&q=VARIOUS+BPF03-D24A-PP
LUMBERG,RSRK 50-6677/10M,"cable gray,5core,7/8 male-7/8female 10M",41220.6,0,0,https://www.google.com/search?tbm=isch&q=LUMBERG+RSRK+50-6677/10M
SICK,1052593,S30A-6111CL Safety laser scanners,41200.0,0,0,https://www.google.com/search?tbm=isch&q=SICK+1052593
VARIOUS,YJVR-90MM2,"YJVR-90MM2 cable, yellow-green Qifan",41118.0,0,0,https://www.google.com/search?tbm=isch&q=VARIOUS+YJVR-90MM2
FESTO,51EF44GCQWNMKBNMKBNMKBNGKAQFS,valve terminal VTSA-F art.no.547965,41037.31,0,1,https://www.google.com/search?tbm=isch&q=FESTO+51EF44GCQWNMKBNMKBNMKBNGKAQFS
ESCHA,8098848,"AL-WAK4.5-7,5-AL-WAS4/S740YE/S600 Cable",41000.0,0,0,https://www.google.com/search?tbm=isch&q=ESCHA+8098848
FEE,EGT052,EGT_052 robot flange plate,40996.81,0,0,https://www.google.com/search?tbm=isch&q=FEE+EGT052
FESTO,51ET45NMKBNMKBNMKBNMKBNMKBQWF44GCQNNGKA',Valve Terminal,40986.4,0,0,https://www.google.com/search?tbm=isch&q=FESTO+51ET45NMKBNMKBNMKBNMKBNMKBQWF44GCQNNGKA'
PARKER,VW39D12568RL,VW39D1256-8-RL self-fastening hose,40941.73,0,0,https://www.google.com/search?tbm=isch&q=PARKER+VW39D12568RL
FESTO,541484,CPX-4AE-I analog module,40867.19,0,0,https://www.google.com/search?tbm=isch&q=FESTO+541484
LENZE,QEV111AC8OLY,Sicherheitsmodule SM301,40833.18,0,0,https://www.google.com/search?tbm=isch&q=LENZE+QEV111AC8OLY
FESTO,51EF44GCQWNMKBNMKBNLKAS/45PAVSMEPP***,Ventilinsel VTSA-F Art.Nr.547965,40768.88,0,0,https://www.google.com/search?tbm=isch&q=FESTO+51EF44GCQWNMKBNMKBNLKAS/45PAVSMEPP***
FESTO,23096476_8094892,DE_CS.1581622/A RIP Argon,0,4794.09,0,https://www.google.com/search?tbm=isch&q=FESTO+23096476_8094892
FESTO,51ENMKBQWF34GCQNNGKAQFS/45PAXP2SMEPM3B--,valve terminal VTSA-F art.no.547965,40731.12,0,0,https://www.google.com/search?tbm=isch&q=FESTO+51ENMKBQWF34GCQNNGKAQFS/45PAXP2SMEPM3B--
KOCO,FL810ADJ,FL810ADJ Wheel,40683.0,0,0,https://www.google.com/search?tbm=isch&q=KOCO+FL810ADJ
SCHMALZ,10.01.02.00567,FSTE G1/4-AG 25 Federstössel,40671.0,0,0,https://www.google.com/search?tbm=isch&q=SCHMALZ+10.01.02.00567
SMC,AC60X-10-B-DNA1811,AC60X-10-B-DNA1811 Tri-connect part,40660.0,0,0,https://www.google.com/search?tbm=isch&q=SMC+AC60X-10-B-DNA1811
TURCK,6625966,WKC4.4T-P7X3.2-10-RSC4.4T/TXL,40649.5,0,0,https://www.google.com/search?tbm=isch&q=TURCK+6625966
VARIOUS,AJPL10-02,AJPL10-02 Connector Fuyan,40593.78,0,0,https://www.google.com/search?tbm=isch&q=VARIOUS+AJPL10-02
TÜNKERS,K 63 AS A10 T12 2X 90°,K 63 AS A10 T12 090° clamp,40592.0,0,0,https://www.google.com/search?tbm=isch&q=TÜNKERS+K+63+AS+A10+T12+2X+90°
VARIOUS,PB-150-350-150,PB-150-350-150 box,40565.75,0,0,https://www.google.com/search?tbm=isch&q=VARIOUS+PB-150-350-150
SEW EURODRIVE,13000772,BST0.7S-400-V-00 BS-Gleichrichter,40553.75,0,0,https://www.google.com/search?tbm=isch&q=SEW+EURODRIVE+13000772
FESTO,51EF34GCQWNMKBQNNMKBNMKBS/45P-A-V-ULX**,valve terminal VTSA-F art.no.547965,40545.96,0,0,https://www.google.com/search?tbm=isch&q=FESTO+51EF34GCQWNMKBQNNMKBNMKBS/45P-A-V-ULX**
GSEE,ELK4 EZ4-2M/P21/LG,ELK4 EZ4-2M/P21/LG Cable,40356.0,0,0,https://www.google.com/search?tbm=isch&q=GSEE+ELK4+EZ4-2M/P21/LG
TURCK,RKM52-5M/WXS2204,RKM52-5M/WXS2204 Cable,40348.0,0,0,https://www.google.com/search?tbm=isch&q=TURCK+RKM52-5M/WXS2204
GSEE,MZ5-2MK5/LG,MZ5-2MK5/LG Cable,40264.0,0,0,https://www.google.com/search?tbm=isch&q=GSEE+MZ5-2MK5/LG
HELUKABEL,15076,"JZ-HF 5G2,5mm² hochflexibele S",40219.0,0,0,https://www.google.com/search?tbm=isch&q=HELUKABEL+15076
CONTRINEX,320-020-291,DW-AS-713-M30-618 Näherungsschalter,0,4724.8,0,https://www.google.com/search?tbm=isch&q=CONTRINEX+320-020-291
FESTO,51EF44GCQWNMKBQNNMKBNMKBNMKBNGKAQFS/45PA,ValveTerminal Art.Nr.547965,40142.01,0,0,https://www.google.com/search?tbm=isch&q=FESTO+51EF44GCQWNMKBQNNMKBNMKBNMKBNGKAQFS/45PA
SIEMENS,6ES7193-4CC30-0AA0,6ES7193-4CC30-0AA0 TERMINAL MODULE,40126.2,0,0,https://www.google.com/search?tbm=isch&q=SIEMENS+6ES7193-4CC30-0AA0
ATLAS COPCO,1028304,1028304 tool,40011.0,0,0,https://www.google.com/search?tbm=isch&q=ATLAS+COPCO+1028304
JEAN MUELLER,P30*10-2400,P30*10-2400 Three-phase master row,39955.6,0,0,https://www.google.com/search?tbm=isch&q=JEAN+MUELLER+P30*10-2400
ITEM,0.0.373.91,0.0.373.91 Gelenk 8 80x40,39934.6,0,0,https://www.google.com/search?tbm=isch&q=ITEM+0.0.373.91
PHOENIX,FL SWITCH 2216,FL Switch 2216 interchanger,39899.28,0,0,https://www.google.com/search?tbm=isch&q=PHOENIX+FL+SWITCH+2216
MARVTECH,13120020,YW-EAM4-2EAF3/HBK,39895.8,0,0,https://www.google.com/search?tbm=isch&q=MARVTECH+13120020
FORTRESS,ITM-00134616,Right Hand Profisafe Enabled Solenoid,39823.02,0,0,https://www.google.com/search?tbm=isch&q=FORTRESS+ITM-00134616
MTS SENSOR,RPM0050C2PD56N10S1,RPM0050C2PD56N10S1 Sensor,39822.96,0,0,https://www.google.com/search?tbm=isch&q=MTS+SENSOR+RPM0050C2PD56N10S1
SCHMALZ,10.01.17.00200,SGM-S 30 G1/8-IG PNP magnet gripper,39669.46,0,0,https://www.google.com/search?tbm=isch&q=SCHMALZ+10.01.17.00200
FESTO,170685,FRM-D-MIDI Branching module,39612.26,0,0,https://www.google.com/search?tbm=isch&q=FESTO+170685
SMC,CVQM200000044WP8EBBBLL,C-VQM2-00000044WP8-EBBBLL valve island,39612.0,0,0,https://www.google.com/search?tbm=isch&q=SMC+CVQM200000044WP8EBBBLL
WENGLOR,OCP352H0180,OCP352H0180 Reflextaster,39597.84,0,0,https://www.google.com/search?tbm=isch&q=WENGLOR+OCP352H0180
FESTO,1722457_0500-C-PPVA,DSBC-125-500-C-PPVA Cylinder,39596.32,0,0,https://www.google.com/search?tbm=isch&q=FESTO+1722457_0500-C-PPVA
SMC,C-VQM4-00000444WP0-EBBBLL,C-VQM4-00000444WP0-EBBBLL,39592.0,0,0,https://www.google.com/search?tbm=isch&q=SMC+C-VQM4-00000444WP0-EBBBLL
FESTO,51ENMKBQWF34GCQNNGKAQFS/45PA*,valve terminal VTSA-F Art.Nr.547965,39589.72,0,0,https://www.google.com/search?tbm=isch&q=FESTO+51ENMKBQWF34GCQNNGKAQFS/45PA*
FESTO,51ENMKBNMKBNMKBQWF34GCQNNGKAQFS/45PAX__#,valve terminal VTSA-F Art.Nr.547965,39573.15,0,0,https://www.google.com/search?tbm=isch&q=FESTO+51ENMKBNMKBNMKBQWF34GCQNNGKAQFS/45PAX__#
VARIOUS,DS(1200+200)*W800*D600,DS(1200+200)*W800*D600,39530.16,0,0,https://www.google.com/search?tbm=isch&q=VARIOUS+DS(1200+200)*W800*D600
LUMBERG,5M2FW2LED-9056/5M,AL-WWAK5P3.1-5-AL-WAS5/S7400/S8080,39520.0,0,0,https://www.google.com/search?tbm=isch&q=LUMBERG+5M2FW2LED-9056/5M
BELDEN,4G16CY  G8U,4G16CY  G8U  CABLE,39432.0,0,0,https://www.google.com/search?tbm=isch&q=BELDEN+4G16CY++G8U
FESTO,51EF34GCQWNMKBQNNMKBNMKBS/45PAVU3A4J2L,valve island,39407.6,0,0,https://www.google.com/search?tbm=isch&q=FESTO+51EF34GCQWNMKBQNNMKBNMKBS/45PAVU3A4J2L
LENZE,QEV111ADJD48,"EYF0020A0250F01S05 SYS-CABLE-RES   25,0M",39380.65,0,0,https://www.google.com/search?tbm=isch&q=LENZE+QEV111ADJD48
VARIOUS,EGT090,EGT_090 corner connection 80/80/50,39294.09,0,0,https://www.google.com/search?tbm=isch&q=VARIOUS+EGT090
MSI,05.08303.00,05.08303.00 Universal-Verbindungssatz 8,0,4620.0,0,https://www.google.com/search?tbm=isch&q=MSI+05.08303.00
FESTO,51EF44GCQWNMKBQNNMKBNLKAS/45PAXSLSMEX5A,Valve island,39180.6,0,0,https://www.google.com/search?tbm=isch&q=FESTO+51EF44GCQWNMKBQNNMKBNLKAS/45PAXSLSMEX5A
FESTO,51EF34GCQWNMKBNGKAQFS/45PAVUBJL,valve terminal VTSA-F art.no.547965,39178.02,0,0,https://www.google.com/search?tbm=isch&q=FESTO+51EF34GCQWNMKBNGKAQFS/45PAVUBJL
SENSOPART,536-91056,"VISOR V20 Objektsensor, Advanced",0,4608.0,0,https://www.google.com/search?tbm=isch&q=SENSOPART+536-91056
LEUZE,68000116,"safety light curtain sender, Typ 4",39079.64,0,0,https://www.google.com/search?tbm=isch&q=LEUZE+68000116
HELUKABEL,32270,3*120+70mm² NYCWY，power cable 0.6/1KV,39025.8,0,0,https://www.google.com/search?tbm=isch&q=HELUKABEL+32270
SMC,TRBU1065W100,TRBU1065W-100 tubing,39018.0,0,0,https://www.google.com/search?tbm=isch&q=SMC+TRBU1065W100
SMC,AS2201-02-F08S-X737,AS2201-02-F08S-X737 SPEED CONTROLLER,39000.0,0,0,https://www.google.com/search?tbm=isch&q=SMC+AS2201-02-F08S-X737
SCHUNK,308132,PHL-W 25-060 GRIPPER,39000.0,0,0,https://www.google.com/search?tbm=isch&q=SCHUNK+308132
WENGLOR,Y1TA100QXT3,Y1TA100QXT3 sensor,38984.0,0,0,https://www.google.com/search?tbm=isch&q=WENGLOR+Y1TA100QXT3
SMC,CVQM200000044WP8EBBBBLÜXX,valve island,38972.0,0,0,https://www.google.com/search?tbm=isch&q=SMC+CVQM200000044WP8EBBBBLÜXX
LAPP,4520005,4520005 H07V-K 10mm² GNYE cable,38968.0,0,0,https://www.google.com/search?tbm=isch&q=LAPP+4520005
RK ROSE&KRIEGER,80302013000,8.03020.1 L=3000mm Rohr ø30x2mm verz.,0,4578.14,1,https://www.google.com/search?tbm=isch&q=RK+ROSE&KRIEGER+80302013000
FESTO,51ENMKBQWF34GCQNNGKAQFS/45PA***,valve terminal VTSA-F Art.Nr.547965,38881.52,0,0,https://www.google.com/search?tbm=isch&q=FESTO+51ENMKBQWF34GCQNNGKAQFS/45PA***
FESTO,51EF44GCQWNMKBQNNMKBNMKBNGKAQFS/45PA***,Ventilinsel VTSA-F Art.Nr.547965,38846.2,0,0,https://www.google.com/search?tbm=isch&q=FESTO+51EF44GCQWNMKBQNNMKBNMKBNGKAQFS/45PA***
FESTO,51ET45NMKBNMKBNMKBNMKBNMKBQWF44GCQNNGKA,Valve Terminal,38822.32,0,0,https://www.google.com/search?tbm=isch&q=FESTO+51ET45NMKBNMKBNMKBNMKBNMKBQWF44GCQNNGKA
SCHMALZ,10.01.06.00851,SAB 50 NBR-60 G1/4-IG Suction pad,38806.14,0,0,https://www.google.com/search?tbm=isch&q=SCHMALZ+10.01.06.00851
FESTO,170941,DFM-40-080-P-A-KF Führungszylinder,38790.9,0,0,https://www.google.com/search?tbm=isch&q=FESTO+170941
CAMOZZI,65608,6560-8 Y connector,38683.68,0,0,https://www.google.com/search?tbm=isch&q=CAMOZZI+65608
SIEMENS,6XV1870-2D,SIMATIC IE FC TP TRAILING CABLE GP 2X2,38674.0,0,0,https://www.google.com/search?tbm=isch&q=SIEMENS+6XV1870-2D
TURCK,6627087,RKC4.4T-10-RSC4.4T/TXL,38587.0,0,0,https://www.google.com/search?tbm=isch&q=TURCK+6627087
FESTO,51EF34GCQWNMKBQNNMKBNMKBNMKBNLKAS___,valve terminal VTSA-F art.no.547965,38576.76,0,0,https://www.google.com/search?tbm=isch&q=FESTO+51EF34GCQWNMKBQNNMKBNMKBNMKBNLKAS___
RITTAL,8886.51,TS8886.510 Ground belt,38570.84,0,0,https://www.google.com/search?tbm=isch&q=RITTAL+8886.51
PARKER,CP3/4Y22L301718MS,CP3/4Y22L301718MS,38558.26,0,0,https://www.google.com/search?tbm=isch&q=PARKER+CP3/4Y22L301718MS
FESTO,51EF44GCQWNMKBQNNMKBNMKBNMKBNGKAQFS/45,ValveTerminal Art.Nr.547965,38412.42,0,0,https://www.google.com/search?tbm=isch&q=FESTO+51EF44GCQWNMKBQNNMKBNMKBNMKBNGKAQFS/45
FESTO,170872,DFM-50-050-P-A-GF Führungszylinder,38359.85,0,0,https://www.google.com/search?tbm=isch&q=FESTO+170872
FESTO,51ENMKBNMKBQWF44GCQNZ,valve terminal,38290.86,0,0,https://www.google.com/search?tbm=isch&q=FESTO+51ENMKBNMKBQWF44GCQNZ
VARIOUS,QPL12.7A-A,QPL12.7A-A Braker,38230.08,0,0,https://www.google.com/search?tbm=isch&q=VARIOUS+QPL12.7A-A
SMC,CVQMR00000000EB,C-VQMR-00000000EB Repeater -Cu,38086.0,0,0,https://www.google.com/search?tbm=isch&q=SMC+CVQMR00000000EB
UNIVER,ULA63040AK0,ULA63040AK0 Cylinder,38080.0,0,0,https://www.google.com/search?tbm=isch&q=UNIVER+ULA63040AK0
KUNSHAN SVLEC ELECTRIC,999061,999061 Profinet socket,38068.0,0,0,https://www.google.com/search?tbm=isch&q=KUNSHAN+SVLEC+ELECTRIC+999061
FESTO,578340,NPQH-D-G18-Q8-P10 Push-in fitting,37975.4,0,0,https://www.google.com/search?tbm=isch&q=FESTO+578340
FAG,22232-E1-K,22232-E1-K PENDELROLLENLAGER,37968.0,0,0,https://www.google.com/search?tbm=isch&q=FAG+22232-E1-K
BOSCH,0602494603_,SEC-ANGLE EXACT ION 30-300 screw driver,37953.98,3361.5,0,https://www.google.com/search?tbm=isch&q=BOSCH+0602494603_
FESTO,51EF44GCQWNMKBQNNGKAQFS/45PAXP2SMEP*,Ventilinsel VTSA-F Art.Nr.547965,37949.44,0,0,https://www.google.com/search?tbm=isch&q=FESTO+51EF44GCQWNMKBQNNGKAQFS/45PAXP2SMEP*
TÜNKERS,SZKD 63.5 A13AM X 60 T12T,SZKD 63.5 A13AM T12T stroke 60 pin unit,37788.03,0,0,https://www.google.com/search?tbm=isch&q=TÜNKERS+SZKD+63.5+A13AM+X+60+T12T
RITTAL,3586.005,"3586.005 Busbar 30x10mm, 2.4m long",37687.23,0,0,https://www.google.com/search?tbm=isch&q=RITTAL+3586.005
SCHMALZ,10.01.03.00292,SAUG-ANB G1/4-AG 80 connection 80 mm,37606.56,0,0,https://www.google.com/search?tbm=isch&q=SCHMALZ+10.01.03.00292
HILTI,212791,Fillingset M20,37583.89,0,0,https://www.google.com/search?tbm=isch&q=HILTI+212791
JEAN MUELLER,G1741011,DSL-60/183-5,37535.16,0,0,https://www.google.com/search?tbm=isch&q=JEAN+MUELLER+G1741011
PEPPERL&FUCHS,184068_4000,WCS3-CS70-L1-4 CODE RAIL,37520.0,0,0,https://www.google.com/search?tbm=isch&q=PEPPERL&FUCHS+184068_4000
FESTO,51EF34GCQWNMKBQNNMKBNMKBNMKBS***_,Valve terminal VTSA-F Art.Nr. 547965,37517.9,0,0,https://www.google.com/search?tbm=isch&q=FESTO+51EF34GCQWNMKBQNNMKBNMKBNMKBS***_
LUMBERG,5M2F2-9056/2M,AL-WAK5-2-AL-WAS5/S7400/S8080,37505.0,0,0,https://www.google.com/search?tbm=isch&q=LUMBERG+5M2F2-9056/2M
VARIOUS,BPH02-D24-PP,BPH02-d24-PP,37459.52,0,0,https://www.google.com/search?tbm=isch&q=VARIOUS+BPH02-D24-PP
PARKER,837PU-16-GRN-RL,837PU-16-GRN-RL Hybrid Pusch-Lock,37439.35,0,0,https://www.google.com/search?tbm=isch&q=PARKER+837PU-16-GRN-RL
PARKER,837PU-16-RED-RL,837PU-16-RED-RL Hybrid Pusch-Lock,37439.35,0,0,https://www.google.com/search?tbm=isch&q=PARKER+837PU-16-RED-RL
MOELLER,207161,T0-4-15682/I1/SVB maintenance swithces,37398.0,0,0,https://www.google.com/search?tbm=isch&q=MOELLER+207161
GSEE,EK4 EZ4-5M/GSC,EK4 EZ4-5M/GSC,37382.4,0,0,https://www.google.com/search?tbm=isch&q=GSEE+EK4+EZ4-5M/GSC
NBR,UCFC217,UCFC217 flanged housing unit,37363.96,0,0,https://www.google.com/search?tbm=isch&q=NBR+UCFC217
VARIOUS,NFC-FLEX 111 1X95,NFC-FLEX 111 1x95 Cable,37358.0,0,0,https://www.google.com/search?tbm=isch&q=VARIOUS+NFC-FLEX+111+1X95
PEPPERL&FUCHS,218196,Lesekopf für Auflicht-Positioniersystem,37298.52,0,0,https://www.google.com/search?tbm=isch&q=PEPPERL&FUCHS+218196
FESTO,574334,"SMT-8M-A-PS-24V-E-0,3-M8D Sensor",37215.78,0,0,https://www.google.com/search?tbm=isch&q=FESTO+574334
YANGRUI,XQJ-Z-01A-01,XQJ-Z-01A-01 Duct 30*30*0.6mm L=2000mm,37200.0,0,1,https://www.google.com/search?tbm=isch&q=YANGRUI+XQJ-Z-01A-01
MARVTECH,10123285,EDM4-25-RJ45S/PN21/HBK Cable,37167.9,0,0,https://www.google.com/search?tbm=isch&q=MARVTECH+10123285
FESTO,51EF44GCQWNMKBNMKBNLKAS/45PAVSMEPP3A..,valve terminal VTSA-F art.no.547965,37163.17,0,1,https://www.google.com/search?tbm=isch&q=FESTO+51EF44GCQWNMKBNMKBNLKAS/45PAVSMEPP3A..
TURCK,RKM52-25-RSM52/WXS2204,RKM52-25-RSM52/WXS2204 Cable,37128.0,0,0,https://www.google.com/search?tbm=isch&q=TURCK+RKM52-25-RSM52/WXS2204
RITTAL,2500.3,Systemleuchte LED inkl. Steckdose,37121.37,0,0,https://www.google.com/search?tbm=isch&q=RITTAL+2500.3
SEW EURODRIVE,KT37_DRS71S4BE05HR/IS/TF_M2A,KT37 DRS71S4BE05HR/IS/TF M2A BGE1.5,37109.76,0,0,https://www.google.com/search?tbm=isch&q=SEW+EURODRIVE+KT37_DRS71S4BE05HR/IS/TF_M2A
SEW EURODRIVE,KT37_DRS71S4BE05HR/IS/TF_M2B,KT37 DRS71S4BE05HR/IS/TF M2B BGE1.5,37109.76,0,0,https://www.google.com/search?tbm=isch&q=SEW+EURODRIVE+KT37_DRS71S4BE05HR/IS/TF_M2B
FESTO,51EF44GCQWNMKBNLKAS/45PAVSMEPPATSL*,Ventilinsel VTSA-F Art.Nr.547965,37089.12,0,0,https://www.google.com/search?tbm=isch&q=FESTO+51EF44GCQWNMKBNLKAS/45PAVSMEPPATSL*
FESTO,526490_1/2-D7-C-U-M-RG,MS6-LFR-1/2-D7-C-U-M-RG valve,36997.04,0,0,https://www.google.com/search?tbm=isch&q=FESTO+526490_1/2-D7-C-U-M-RG
VARIOUS,VIT-218,VIT-218 Plate,36991.15,0,0,https://www.google.com/search?tbm=isch&q=VARIOUS+VIT-218
TURCK,RSM52-30M/WXS2204,RSM52-30M/WXS2204 Cable,36936.0,0,0,https://www.google.com/search?tbm=isch&q=TURCK+RSM52-30M/WXS2204
LAPP,4520086,4520086  H07V-K PK PE 16mm2 pink,36935.0,0,0,https://www.google.com/search?tbm=isch&q=LAPP+4520086
LENZE,QEV111AGL52C,Motoranschlussleitung 15m,36933.48,0,0,https://www.google.com/search?tbm=isch&q=LENZE+QEV111AGL52C
TUCKER,61234007,61234007 Receiver,36917.72,0,0,https://www.google.com/search?tbm=isch&q=TUCKER+61234007
ITEM,0.0.436.24,0.0.436.24 Winkelsatz 8 160x80,36864.78,0,0,https://www.google.com/search?tbm=isch&q=ITEM+0.0.436.24
FESTO,51EF44GCQWNMKBQNNMKBNMKBS/45PAXSLSMEX5A,Valve island,36847.32,0,0,https://www.google.com/search?tbm=isch&q=FESTO+51EF44GCQWNMKBQNNMKBNMKBS/45PAXSLSMEX5A
ELCO,FI4A-TM12-OP6L-Q12/S292,Fi4A-TM12-OP6L-Q12/S292 Sensor,36837.0,0,0,https://www.google.com/search?tbm=isch&q=ELCO+FI4A-TM12-OP6L-Q12/S292
FESTO,558668,NPQM-D-G38-Q8-P10 Push-in fitting,36819.44,0,0,https://www.google.com/search?tbm=isch&q=FESTO+558668
SCHUNK,1460264,JGP-P 80-1-AS universal gripper,36800.0,0,0,https://www.google.com/search?tbm=isch&q=SCHUNK+1460264
FESTO,578343,NPQH-D-G14-Q10-P10 Push-in fitting,36794.45,0,0,https://www.google.com/search?tbm=isch&q=FESTO+578343
LENZE,16650832,g500-B600 m550-P100/L4 Motor,36794.36,0,0,https://www.google.com/search?tbm=isch&q=LENZE+16650832
SEW EURODRIVE,18110436/5.0,"Hybridkabel, konfektioniert 5m",36788.36,0,2,https://www.google.com/search?tbm=isch&q=SEW+EURODRIVE+18110436/5.0
FESTO,184588,HAB-1/2 Handhilfsbetätigung,36767.84,0,0,https://www.google.com/search?tbm=isch&q=FESTO+184588
FESTO,51EF34GCQWNMKBQNNMKBNMKBNMKBNGKAQFS/4''',valve terminal CPX/VTSA-F Art.Nr. 547965,36764.19,0,0,https://www.google.com/search?tbm=isch&q=FESTO+51EF34GCQWNMKBQNNMKBNMKBNMKBNGKAQFS/4'''
FESTO,51EF44GCQWNMKBQNNGKAQFS/45PAXSSMEA3BSKSK,Valve island,36727.84,0,0,https://www.google.com/search?tbm=isch&q=FESTO+51EF44GCQWNMKBQNNGKAQFS/45PAXSSMEA3BSKSK
SICK,2099627,YF2L15-100UH1XLEAX 10 m cable,36712.12,0,0,https://www.google.com/search?tbm=isch&q=SICK+2099627
SMC,VV5QC41-06C10SD6F3N,VV5QC41-06C10SD6F3N VALVE,36711.0,0,0,https://www.google.com/search?tbm=isch&q=SMC+VV5QC41-06C10SD6F3N
SMC,C-VQM4-00000044WP0-EBBLÜX,C-VQM4-00000044WP0-EBBLÜX Valve,36708.0,0,0,https://www.google.com/search?tbm=isch&q=SMC+C-VQM4-00000044WP0-EBBLÜX
STÄUBLI,K81574219,Retrofit kit,36694.3,0,0,https://www.google.com/search?tbm=isch&q=STÄUBLI+K81574219
SCHMALZ,10.01.06.00805,SAB 60 NBR-60 G1/4-AG Balgsauggreifer,36679.04,0,0,https://www.google.com/search?tbm=isch&q=SCHMALZ+10.01.06.00805
MSI,05.08407.00,05.08407.00 F-Stoßverbindungssatz Nut 8,0,4305.0,0,https://www.google.com/search?tbm=isch&q=MSI+05.08407.00
VARIOUS,KRV62-PP,KRV 62 PP Kurvenrolle,36576.0,0,0,https://www.google.com/search?tbm=isch&q=VARIOUS+KRV62-PP
FESTO,2476855,SDBT-BSW-1L-PU-W-0.3-N-M12 sensor,36554.62,0,0,https://www.google.com/search?tbm=isch&q=FESTO+2476855
SEW EURODRIVE,18108318/10.0,18108318/10.0 Konfektioniertes Kabel 10m,36488.48,0,0,https://www.google.com/search?tbm=isch&q=SEW+EURODRIVE+18108318/10.0
PNEUMAX,22OT0814,22OT0814 Connector,36464.15,0,0,https://www.google.com/search?tbm=isch&q=PNEUMAX+22OT0814
FESTO,51EF44GCQWNMKBQNNMKBNDGSNGKAQFS/45PA*,Ventilinsel VTSA-F Art.Nr.547965,36406.02,0,0,https://www.google.com/search?tbm=isch&q=FESTO+51EF44GCQWNMKBQNNMKBNDGSNGKAQFS/45PA*
TÜNKERS,SZK 40 A00 AM T12T 40,SZK 40 A00 AM T12T 40 Cylinder,36405.69,0,0,https://www.google.com/search?tbm=isch&q=TÜNKERS+SZK+40+A00+AM+T12T+40
SCHUNK,318568,PGN-plus-P 125-1 Cylinder,36400.0,0,0,https://www.google.com/search?tbm=isch&q=SCHUNK+318568
FESTO,51EF34GCQWNMKBQNS/45PAXP2UPM2BOZOWHJ2LP1,valve terminal CPX/VTSA-F Art.Nr. 547965,36377.52,0,0,https://www.google.com/search?tbm=isch&q=FESTO+51EF34GCQWNMKBQNS/45PAXP2UPM2BOZOWHJ2LP1
PARKER,3C582-10-6,3C582-10-6 Connector,36364.24,0,0,https://www.google.com/search?tbm=isch&q=PARKER+3C582-10-6
HIRSCHMANN,MIPP-DD-1L9P-1L9P-1L9P-1L9P,MIPP-DD-1L9P-1L9P-1L9P-1L9P,36354.0,0,0,https://www.google.com/search?tbm=isch&q=HIRSCHMANN+MIPP-DD-1L9P-1L9P-1L9P-1L9P
LENZE,QEV111AGL52P,Motoranschlussleitung 20m,36351.1,0,0,https://www.google.com/search?tbm=isch&q=LENZE+QEV111AGL52P
RITTAL,3572.005,SV3572.005 Laminated copper bars Rittal,36350.4,0,0,https://www.google.com/search?tbm=isch&q=RITTAL+3572.005
KUNSHAN SVLEC ELECTRIC,941121,941121 M12 signal tee with mounting hole,36244.0,0,0,https://www.google.com/search?tbm=isch&q=KUNSHAN+SVLEC+ELECTRIC+941121
RITTAL,3304.5,"SK3304.500 Chiller 1000W, RAL 7035, 230V",36188.3,0,0,https://www.google.com/search?tbm=isch&q=RITTAL+3304.5
SMC,C-VQMR-00000444EC,C-VQMR-00000444EC Valve,36171.0,0,0,https://www.google.com/search?tbm=isch&q=SMC+C-VQMR-00000444EC
FESTO,51EF33GCQPNMKBNMKBNMKBNMKBSGS2GZ,valve terminal VTSA-F art.no.547965,36167.24,0,0,https://www.google.com/search?tbm=isch&q=FESTO+51EF33GCQPNMKBNMKBNMKBNMKBSGS2GZ
TÜNKERS,SZK 40.1 A00 T00 60,SZK 40.1 A00 T00 Hub 60 Clamp,36146.0,0,0,https://www.google.com/search?tbm=isch&q=TÜNKERS+SZK+40.1+A00+T00+60
VARIOUS,H07V-K 25MM²  YE/GN,H07V-K 25mm²  YE/GN Cable,36080.0,0,0,https://www.google.com/search?tbm=isch&q=VARIOUS+H07V-K+25MM²++YE/GN
FESTO,51ENDGSNMKBNMKBQWF44GCQNNGKAQFS,Valve Terminal,36057.42,0,0,https://www.google.com/search?tbm=isch&q=FESTO+51ENDGSNMKBNMKBQWF44GCQNNGKAQFS
FESTO,51EF44GCQWNMKBQNNMKBNGKAQFS/45PAXSSME***,Valve island,36037.0,0,0,https://www.google.com/search?tbm=isch&q=FESTO+51EF44GCQWNMKBQNNMKBNGKAQFS/45PAXSSME***
FESTO,558801,NPQM-Y-Q10-E-P10 Push-in Y-connector,35949.34,0,0,https://www.google.com/search?tbm=isch&q=FESTO+558801
FESTO,51EF34GCQWNMKBQNNMKBNMKBNMKBS/45PAVU2A,Valve island,35907.12,0,0,https://www.google.com/search?tbm=isch&q=FESTO+51EF34GCQWNMKBQNNMKBNMKBNMKBS/45PAVU2A
FEE,1309682,1309682  H011_EE,35878.52,0,0,https://www.google.com/search?tbm=isch&q=FEE+1309682
VOESTALPINE,18197,18197 Gleitplatte WF 750/1A 300x50x12,0,4213.12,0,https://www.google.com/search?tbm=isch&q=VOESTALPINE+18197
VARIOUS,NFC-FLEX110 4G95,NFC-FLEX110 4G95 Cable,35810.0,0,0,https://www.google.com/search?tbm=isch&q=VARIOUS+NFC-FLEX110+4G95
NORELEM,03186-110,03186-110 Arretierstift Form B,35742.0,0,0,https://www.google.com/search?tbm=isch&q=NORELEM+03186-110
FESTO,51ENMKBNMKBNMKBQWF35GCQNT/45PRXSLX3BOZ..,valve terminal VTSA-F-FB Art.Nr.547965,35722.56,0,0,https://www.google.com/search?tbm=isch&q=FESTO+51ENMKBNMKBNMKBQWF35GCQNT/45PRXSLX3BOZ..
SEW EURODRIVE,28229150,Bediengerät DBG60B-10,35689.25,0,0,https://www.google.com/search?tbm=isch&q=SEW+EURODRIVE+28229150
SIEMENS,3RV2011-0JA10,"Leistungsschalt. BGR S00, 0,7-1A, 13A",35572.7,0,0,https://www.google.com/search?tbm=isch&q=SIEMENS+3RV2011-0JA10
MISUMI,PMXYSH20,PMXYSH20  plunger,35564.8,0,0,https://www.google.com/search?tbm=isch&q=MISUMI+PMXYSH20
VARIOUS,CJP41/2.5,41x41x2.0 Lighting C-beam hot galvanized,35480.0,0,0,https://www.google.com/search?tbm=isch&q=VARIOUS+CJP41/2.5
SEW EURODRIVE,13622048/15.0,Geberkabel DR konfektioniert 15m,35432.87,0,4,https://www.google.com/search?tbm=isch&q=SEW+EURODRIVE+13622048/15.0
LUMBERG,5M2FW2LED-9056/2M,AL-WWAK5P3.1-2-AL-WAS5/S7400/S8080,35420.0,0,0,https://www.google.com/search?tbm=isch&q=LUMBERG+5M2FW2LED-9056/2M
SEW EURODRIVE,MTF11A015-503-E21A-20/MSA1005A-AMX1004*,MTF11A015-503-E21A-20/MSA1005A-AMX1004*,35415.95,0,0,https://www.google.com/search?tbm=isch&q=SEW+EURODRIVE+MTF11A015-503-E21A-20/MSA1005A-AMX1004*
FESTO,51EF44GCQWNMKBNMKBNMKBNMKBNMKBNGKAQFS**,Ventilinsel VTSA-F Art.Nr.547965,35363.76,0,0,https://www.google.com/search?tbm=isch&q=FESTO+51EF44GCQWNMKBNMKBNMKBNMKBNMKBNGKAQFS**
PARKER,39C82-15-8BK,39C82-15-8BK universal sealing head,35305.83,0,1,https://www.google.com/search?tbm=isch&q=PARKER+39C82-15-8BK
PHOENIX,1403684,Multiport Powerkupplung: zur passiven PR,35284.0,0,0,https://www.google.com/search?tbm=isch&q=PHOENIX+1403684
SEW EURODRIVE,A0000 0002 65CA 15,PHC22A-A110M1-E21A-00/S11B Motor,35209.73,0,0,https://www.google.com/search?tbm=isch&q=SEW+EURODRIVE+A0000+0002+65CA+15
SMC,EX600-AYA,EX600-AYA Module,35200.0,0,0,https://www.google.com/search?tbm=isch&q=SMC+EX600-AYA
SMC,C-VQM4-00000044WP0-EBBBBBBBL,C-VQM4-00000044WP0-EBBBBBBBL valve,35200.0,0,0,https://www.google.com/search?tbm=isch&q=SMC+C-VQM4-00000044WP0-EBBBBBBBL
ESCHA,8098832,AL-WWAK4P3.1-0.6-AL-WAS4/S740,35190.0,0,0,https://www.google.com/search?tbm=isch&q=ESCHA+8098832
MARVTECH,10250602,MF5-25/C00/YE/CYE Cable,35185.5,0,0,https://www.google.com/search?tbm=isch&q=MARVTECH+10250602
SMC,C-VQM2-0000000044-WP8-EBBBLÜX,C-VQM2-0000000044-WP8-EBBBLÜX,35176.0,0,0,https://www.google.com/search?tbm=isch&q=SMC+C-VQM2-0000000044-WP8-EBBBLÜX
FESTO,51EF34GCQWNMKBQNNMKBNMKBNMKBNGKAQFS/45'*,valve terminal CPX/VTSA-F Art.Nr. 547965,35169.6,0,0,https://www.google.com/search?tbm=isch&q=FESTO+51EF34GCQWNMKBQNNMKBNMKBNMKBNGKAQFS/45'*
HELUKABEL,16273,"4G1,5 qmm Y-CY-JZ",35150.0,0,0,https://www.google.com/search?tbm=isch&q=HELUKABEL+16273
SCHNEIDER ELECTRIC,XCKJ10511H29,Position switch,35141.04,0,0,https://www.google.com/search?tbm=isch&q=SCHNEIDER+ELECTRIC+XCKJ10511H29
FESTO,51EF34GCQWNMKBQNNMKBNLKAS/45PAVU2A3JL,valve terminal CPX/VTSA-F Art.Nr. 547965,35099.52,0,0,https://www.google.com/search?tbm=isch&q=FESTO+51EF34GCQWNMKBQNNMKBNLKAS/45PAVU2A3JL
WALTHER,95813-B-00018-AAAA-Z12-MB,95813-B-00018-AAAA-Z12-MB Lock,34993.3,0,0,https://www.google.com/search?tbm=isch&q=WALTHER+95813-B-00018-AAAA-Z12-MB
LENZE,13614967,g500-B8000/m540-P112/M4  Motor,34987.92,0,0,https://www.google.com/search?tbm=isch&q=LENZE+13614967
RÖMHELD,1545165,1545-165 Blockzylinder D40 HUB 50,0,4110.84,0,https://www.google.com/search?tbm=isch&q=RÖMHELD+1545165
ESCHA,8086444,AL-WWAK4P3.2-3-AL-WAS4/S370/S8080,34900.0,0,0,https://www.google.com/search?tbm=isch&q=ESCHA+8086444
SICK,GTB6L-P1211,GTB6L-P1211 Sensor,34875.0,0,0,https://www.google.com/search?tbm=isch&q=SICK+GTB6L-P1211
SKF,KR 52 PP,KR 52 PP Bearing,34760.0,0,0,https://www.google.com/search?tbm=isch&q=SKF+KR+52+PP
FESTO,51EF33GCQPNMKBNMKBNMKBT/45P-A-XS-LSM*,valve terminal VTSA-F art.no.547965,34736.3,0,0,https://www.google.com/search?tbm=isch&q=FESTO+51EF33GCQPNMKBNMKBNMKBT/45P-A-XS-LSM*
SIEMENS,6AV7674-1MG00-0AA0,6AV7674-1MG00-0AA0,34722.25,0,0,https://www.google.com/search?tbm=isch&q=SIEMENS+6AV7674-1MG00-0AA0
VARIOUS,EGT001 L=1378,EGT_001 / L=1378 octagon profile SW80,34691.29,0,0,https://www.google.com/search?tbm=isch&q=VARIOUS+EGT001+L=1378
PARKER,837PU-12-BLU-RL,"837PU-12-BLU-RL ,Hybrid Pusch-Lock",34680.13,0,0,https://www.google.com/search?tbm=isch&q=PARKER+837PU-12-BLU-RL
PARKER,50TCHDBU8A50,50TCHDBU8A50 hydro cylinder,34673.76,0,0,https://www.google.com/search?tbm=isch&q=PARKER+50TCHDBU8A50
VARIOUS,NFC-FLEX110 5G4,NFC-FLEX110 5G4 Cable,34668.0,0,0,https://www.google.com/search?tbm=isch&q=VARIOUS+NFC-FLEX110+5G4
SEW EURODRIVE,12708305,holder bracket CPL large,34660.95,0,0,https://www.google.com/search?tbm=isch&q=SEW+EURODRIVE+12708305
FESTO,539161,VSVA-B-P53E-ZD-A1-1T1L valve,34638.51,0,0,https://www.google.com/search?tbm=isch&q=FESTO+539161
SCHMALZ,10.01.06.00670,SAB 40 NBR-60 G1/4-IG suction cup,34619.16,0,0,https://www.google.com/search?tbm=isch&q=SCHMALZ+10.01.06.00670
LUMBERG,5M2FW2LED-9056/3M,AL-WWAK5P3.1-3-AL-WAS5/S7400/S8080,34524.0,0,0,https://www.google.com/search?tbm=isch&q=LUMBERG+5M2FW2LED-9056/3M
BALLUFF,BNI004U,"Modul 4 IO-Link/Ein-/Ausgänge,12 Ein-/Au",34502.0,0,0,https://www.google.com/search?tbm=isch&q=BALLUFF+BNI004U
FESTO,531030_AGE:C4:F1:U7-WP,MSB6-AGE:C4:F1:U7-WP Unidad mantenimient,34451.2,0,0,https://www.google.com/search?tbm=isch&q=FESTO+531030_AGE:C4:F1:U7-WP
VARIOUS,DC63HA80S12G135,DC63HA80S12G135 Cylinder,34450.0,0,0,https://www.google.com/search?tbm=isch&q=VARIOUS+DC63HA80S12G135
VARIOUS,GB-DX-ZC-RV-0.6/1KV-1*70,GB-DX-ZC-RV-0.6/1kV-1*70,34313.5,0,0,https://www.google.com/search?tbm=isch&q=VARIOUS+GB-DX-ZC-RV-0.6/1KV-1*70
PFANNENBERG,13088390066,DTS8341E,34294.0,0,0,https://www.google.com/search?tbm=isch&q=PFANNENBERG+13088390066
SMC,CVQM400000044WP0EBBLL,C-VQM4-00000044WP0-EBBLL valve island,34276.0,0,0,https://www.google.com/search?tbm=isch&q=SMC+CVQM400000044WP0EBBLL
TÜNKERS,SZKD 63.5 A13 AM T12 T 40,SZKD 63.5 A13 AM T12 T 40 Cylinder,34273.61,0,0,https://www.google.com/search?tbm=isch&q=TÜNKERS+SZKD+63.5+A13+AM+T12+T+40
TÜNKERS,EGT-TYP-B,EGT-TYP-B,34268.0,0,0,https://www.google.com/search?tbm=isch&q=TÜNKERS+EGT-TYP-B
SCHNEIDER ELECTRIC,LV432893,LV432893 Compact NSX630N Micrologic,34244.12,0,0,https://www.google.com/search?tbm=isch&q=SCHNEIDER+ELECTRIC+LV432893
FESTO,51ENMKBQWF44GCQNNGKAQFS*,valve terminal VTSA-F art.no.547965,34111.92,0,0,https://www.google.com/search?tbm=isch&q=FESTO+51ENMKBQWF44GCQNNGKAQFS*
FESTO,51ENMKBNMKBNMKBNMKBNMKBNMKBQWF34GCQNNGK.,valve terminal VTSA-F art.no.547965,34106.2,0,0,https://www.google.com/search?tbm=isch&q=FESTO+51ENMKBNMKBNMKBNMKBNMKBNMKBQWF34GCQNNGK.
VARIOUS,EGT193,EGT_193 ball-clamp for sensor/sucker,34075.66,0,0,https://www.google.com/search?tbm=isch&q=VARIOUS+EGT193
DESTACO,52H-3E03H06300(R),52H-3E03H06300(R) Cylinder,34057.8,0,0,https://www.google.com/search?tbm=isch&q=DESTACO+52H-3E03H06300(R)
LENZE,QEV111ADIPJB,"Antriebsregler 1,5KW",34057.64,0,0,https://www.google.com/search?tbm=isch&q=LENZE+QEV111ADIPJB
LENZE,QEV111ACSJDS,Keypad X400,34035.32,0,0,https://www.google.com/search?tbm=isch&q=LENZE+QEV111ACSJDS
TÜNKERS,KS2 125.2 BD A01 LH T12 60°,KS2 125.2 BD A01 LH T12 060° swivel unit,34000.0,0,0,https://www.google.com/search?tbm=isch&q=TÜNKERS+KS2+125.2+BD+A01+LH+T12+60°
LENZE,QEV111AHL6LI,G50BB-M55AP B879111239654,33979.16,0,0,https://www.google.com/search?tbm=isch&q=LENZE+QEV111AHL6LI
SANKYO,27181250,SOML-18x125 oilless Slide Plate,33971.28,0,0,https://www.google.com/search?tbm=isch&q=SANKYO+27181250
SIEMENS,6AG4104-5EA13-2AB0,"SIMATIC IPC547J (rack PC, 19"", 4RU)",33954.0,0,0,https://www.google.com/search?tbm=isch&q=SIEMENS+6AG4104-5EA13-2AB0
MARVTECH,10123681,EDM4-20-RJ45S/PN21/HBK Cable,33915.8,0,0,https://www.google.com/search?tbm=isch&q=MARVTECH+10123681
TUCKER,61234014,61234014 Receiver,33877.75,0,0,https://www.google.com/search?tbm=isch&q=TUCKER+61234014
TURCK,6901320,BSS-18 mounting clamp,33839.52,0,0,https://www.google.com/search?tbm=isch&q=TURCK+6901320
FRONIUS,108327,108327 Ersatzteilpaket,0,3977.1,0,https://www.google.com/search?tbm=isch&q=FRONIUS+108327
SKF,C 2211,C 2211 Jam nut,33782.64,0,0,https://www.google.com/search?tbm=isch&q=SKF+C+2211
STÄUBLI,RCS081153,"RCS08.1153 coupling G1/2"" AG",33771.37,0,0,https://www.google.com/search?tbm=isch&q=STÄUBLI+RCS081153
STÄUBLI,K81565167,K81565167 Hook,33714.92,0,0,https://www.google.com/search?tbm=isch&q=STÄUBLI+K81565167
BELDEN,STL 9056/100M,STL 9056/100m CABLE,33650.0,0,0,https://www.google.com/search?tbm=isch&q=BELDEN+STL+9056/100M
LAPP,1119307,"1119307 Control Cable 7G1,5qmm",33616.0,0,0,https://www.google.com/search?tbm=isch&q=LAPP+1119307
WALTHER,95813-9-PSHS,95813-9-PSHS Parking Head,33608.84,0,0,https://www.google.com/search?tbm=isch&q=WALTHER+95813-9-PSHS
LEONI,4X(2X0.5MM²)+1X0.5MM²,4x(2x0.5mm2)+1x0.5mm2   KSR/UIR cable,33600.0,0,0,https://www.google.com/search?tbm=isch&q=LEONI+4X(2X0.5MM²)+1X0.5MM²
PHOENIX,2744322,2744322 polymer fiber cable,33600.0,0,0,https://www.google.com/search?tbm=isch&q=PHOENIX+2744322
VARIOUS,DU40S12C19.9V0153,DU40S12C19.9V0153,33600.0,0,0,https://www.google.com/search?tbm=isch&q=VARIOUS+DU40S12C19.9V0153
BELDEN,25G1 G8U,25G1 G8U  CABLE,33562.0,0,0,https://www.google.com/search?tbm=isch&q=BELDEN+25G1+G8U
RITTAL,2500.22,"SZ2500.220 Luminaria Led 11 watts,",33560.28,0,0,https://www.google.com/search?tbm=isch&q=RITTAL+2500.22
TÜNKERS,MK2 63.1 A40 T12 90°,MK2 63.1 A40 T12 090° clamp,33516.0,0,0,https://www.google.com/search?tbm=isch&q=TÜNKERS+MK2+63.1+A40+T12+90°
OBO BETTERMANN,6059692,6059692 SKSMU 620 FS,33505.44,0,0,https://www.google.com/search?tbm=isch&q=OBO+BETTERMANN+6059692
SMC,C-VQM4-00000004WC0-EBBLL,C-VQM4-00000004WC0-EBBLL,33432.0,0,0,https://www.google.com/search?tbm=isch&q=SMC+C-VQM4-00000004WC0-EBBLL
SIEMENS,6ES7193-6BP20-0BF0,Baseunit BU20-P8+A4+0B,33412.64,700.4,0,https://www.google.com/search?tbm=isch&q=SIEMENS+6ES7193-6BP20-0BF0
EATON,71006836,KIT Zubehör BG3 24VDC-VW 71006836,33411.46,0,0,https://www.google.com/search?tbm=isch&q=EATON+71006836
FESTO,51EF44GCQWNMKBQNNMKBNDGSNGKAQFS/,valve terminal VTSA-F art.no.547965,33400.02,0,0,https://www.google.com/search?tbm=isch&q=FESTO+51EF44GCQWNMKBQNNMKBNDGSNGKAQFS/
FESTO,51EF34GCQWNMKBQNNMKBNGKAQFS/45PAVU1BJL,valve island,33385.48,0,0,https://www.google.com/search?tbm=isch&q=FESTO+51EF34GCQWNMKBQNNMKBNGKAQFS/45PAVU1BJL
LENZE,QEV111AII52D,I95AE330F1CV10Y040 Servo Drives I950,33374.9,0,0,https://www.google.com/search?tbm=isch&q=LENZE+QEV111AII52D
FESTO,51EF44GCQWNMKBQNNMKBNLKAS/45PAXSSME3ASKS,Valve island,33364.88,0,0,https://www.google.com/search?tbm=isch&q=FESTO+51EF44GCQWNMKBQNNMKBNLKAS/45PAXSSME3ASKS
VARIOUS,PLCC006,PL-CC006 goods shelves,33339.51,0,0,https://www.google.com/search?tbm=isch&q=VARIOUS+PLCC006
SMC,CVQM200000044WP8EBBLÜX,valve island,33253.0,0,1,https://www.google.com/search?tbm=isch&q=SMC+CVQM200000044WP8EBBLÜX
SEW EURODRIVE,MTS11A015-503-E20A-00,MTS11A015-503-E20A-00 EBOX power unit,33189.52,0,0,https://www.google.com/search?tbm=isch&q=SEW+EURODRIVE+MTS11A015-503-E20A-00
MENZEL,9100600000,INDUTEC® MS SD4.06,0,3903.2,0,https://www.google.com/search?tbm=isch&q=MENZEL+9100600000
IFM,O1D155,O1D155 sensor,33155.2,0,0,https://www.google.com/search?tbm=isch&q=IFM+O1D155
VARIOUS,DC40VA12S12,DC40VA12S12,33141.5,0,0,https://www.google.com/search?tbm=isch&q=VARIOUS+DC40VA12S12
CARL STAHL,7230000004,7230 0000 04 Balancer 9-14 kg,33132.8,0,0,https://www.google.com/search?tbm=isch&q=CARL+STAHL+7230000004
PHOENIX,1404799,"Y-Verteiler MSTB, IP67, mit Push-Pull",33103.7,620.0,0,https://www.google.com/search?tbm=isch&q=PHOENIX+1404799
LEUZE,68000112,MLC500T14-1200 Safety Curtain Sender,33075.25,0,0,https://www.google.com/search?tbm=isch&q=LEUZE+68000112
FESTO,51EF34GCQWNMKBQNNMKBNLKAS/45PAVU4A6J2L,Valve island,33062.88,0,0,https://www.google.com/search?tbm=isch&q=FESTO+51EF34GCQWNMKBQNNMKBNLKAS/45PAVU4A6J2L
FESTO,51EF44GCQWNMKBNMKBNMKBS/45PAXSSME3ASKSK3,Valve island,33049.72,0,0,https://www.google.com/search?tbm=isch&q=FESTO+51EF44GCQWNMKBNMKBNMKBS/45PAXSSME3ASKSK3
SEW EURODRIVE,18229689,holder bracket CPL large BW,33049.61,0,0,https://www.google.com/search?tbm=isch&q=SEW+EURODRIVE+18229689
LEONI,F07381-05-01,Kabel 1x35mm² sw,33000.0,0,0,https://www.google.com/search?tbm=isch&q=LEONI+F07381-05-01
TURCK,6625969,WKC4.4T-P7X3.2-15-RSC4.4T/TXL,33000.0,0,0,https://www.google.com/search?tbm=isch&q=TURCK+6625969
LUMBERG,RST 4-RKT 4-251CF/7.5M,RST 4-RKT 4-251CF/7.5M,32940.0,0,0,https://www.google.com/search?tbm=isch&q=LUMBERG+RST+4-RKT+4-251CF/7.5M
SMC,C-VQM2-00000004W28-EBBBLL,C-VQM2-00000004W28-EBBBLL Valve,32828.0,0,0,https://www.google.com/search?tbm=isch&q=SMC+C-VQM2-00000004W28-EBBBLL
SEW EURODRIVE,17962188,BW100-004-00 braking resistor,32821.34,0,0,https://www.google.com/search?tbm=isch&q=SEW+EURODRIVE+17962188
FESTO,159593,HFOE-D-MIDI/MAXI Mounting bracket,32787.72,0,0,https://www.google.com/search?tbm=isch&q=FESTO+159593
SEW EURODRIVE,18138330/5.0,18138330 Cable 5.0,32779.71,0,0,https://www.google.com/search?tbm=isch&q=SEW+EURODRIVE+18138330/5.0
SMC,CVQM200000044WP8EBBBL,C-VQM2-00000044WP8-EBBBL valve island,32672.0,0,0,https://www.google.com/search?tbm=isch&q=SMC+CVQM200000044WP8EBBBL
RITTAL,2500.46,"Türpositionsschalter LED, Leitung 600mm",32657.66,0,0,https://www.google.com/search?tbm=isch&q=RITTAL+2500.46
FESTO,51ENLKANMKBNMKBF34GCQWS/45P*,valve terminal VTSA-F art.no.547965,32640.56,0,0,https://www.google.com/search?tbm=isch&q=FESTO+51ENLKANMKBNMKBF34GCQWS/45P*
PARKER,3C382-15-8BK,3C382-15-8BK Fitting 24°-60°,32608.14,0,1,https://www.google.com/search?tbm=isch&q=PARKER+3C382-15-8BK
FESTO,51EF34GCQWNMKBQNNMKBNMKBNMKBNMKBNGKAQFS&,Valve island,32596.4,0,0,https://www.google.com/search?tbm=isch&q=FESTO+51EF34GCQWNMKBQNNMKBNMKBNMKBNMKBNGKAQFS&
GSEE,EK4 EZ4-3M/P01,EK4 EZ4-3M/P01 CABLE,32592.78,0,0,https://www.google.com/search?tbm=isch&q=GSEE+EK4+EZ4-3M/P01
MITSUBISHI ELECTRIC,NF630-HEW 3P 300-630,NF630-HEW 3P 300-630 BREAKER,32561.98,0,0,https://www.google.com/search?tbm=isch&q=MITSUBISHI+ELECTRIC+NF630-HEW+3P+300-630
FESTO,51EF34GCQWNMKBQNNMKBNMKBNGKAQFS/45PAV-,Valve island,32557.2,0,0,https://www.google.com/search?tbm=isch&q=FESTO+51EF34GCQWNMKBQNNMKBNMKBNGKAQFS/45PAV-
SIEMENS,3RT2023-2BB40,3RT2023-2BB40 CONTACTOR,32506.84,0,0,https://www.google.com/search?tbm=isch&q=SIEMENS+3RT2023-2BB40
SIEMENS,6GK1901-1BB20-2AA0,6GK1901-1BB20-2AA0 RJ45 PLUG CONNECT.90°,32464.0,0,0,https://www.google.com/search?tbm=isch&q=SIEMENS+6GK1901-1BB20-2AA0
MISUMI,CHJKD65,CHJKD65 casters,32454.76,0,0,https://www.google.com/search?tbm=isch&q=MISUMI+CHJKD65
TÜNKERS,EGT209,EGT_209 angle for upright connection,32453.85,0,0,https://www.google.com/search?tbm=isch&q=TÜNKERS+EGT209
FESTO,51EF34GCQWNMKBQNNMKBNMKBNMKBNLKANGKAQFS!,Valve island,32429.8,0,0,https://www.google.com/search?tbm=isch&q=FESTO+51EF34GCQWNMKBQNNMKBNMKBNMKBNLKANGKAQFS!
BLICKLE,45369,BH-SETH 200K,32405.95,309.84,0,https://www.google.com/search?tbm=isch&q=BLICKLE+45369
FESTO,51EF33GCQPNMKBNMKBNMKBT/45PAXSSME4B*,valve terminal VTSA-F art.no.547965,32379.4,0,0,https://www.google.com/search?tbm=isch&q=FESTO+51EF33GCQPNMKBNMKBNMKBT/45PAXSSME4B*
FESTO,51EF34GCQWNMKBNMKBNLKAS/45PAVU3A4J2L,valve terminal VTSA-F art.no.547965,32366.46,0,0,https://www.google.com/search?tbm=isch&q=FESTO+51EF34GCQWNMKBNMKBNLKAS/45PAVU3A4J2L
OBO BETTERMANN,6067131,6067131  RLVL 110 FS,32348.95,0,0,https://www.google.com/search?tbm=isch&q=OBO+BETTERMANN+6067131
FESTO,535457,CLR-40-20-L-P-A cylinder,32305.77,0,0,https://www.google.com/search?tbm=isch&q=FESTO+535457
FESTO,535456,CLR-40-20-R-P-A cylinder,32305.77,0,0,https://www.google.com/search?tbm=isch&q=FESTO+535456
BOSCH REXROTH,1827001460,1827001460 Zylinder 160x50,0,3796.48,0,https://www.google.com/search?tbm=isch&q=BOSCH+REXROTH+1827001460
JEAN MUELLER,L00-3*3/60/F,L00-3*3/60/F,32212.32,0,0,https://www.google.com/search?tbm=isch&q=JEAN+MUELLER+L00-3*3/60/F
ENIDINE,MB24054,"ECO LROEM .25MB Stoßdämpfer M14x1,5",32205.96,0,0,https://www.google.com/search?tbm=isch&q=ENIDINE+MB24054
SANKYO,11050308,SOB 50-60-30 bush,32197.32,0,0,https://www.google.com/search?tbm=isch&q=SANKYO+11050308
TÜNKERS,15361000,15361000 SZ 50 UZ-LB T31 X 4-15 Cylinder,32186.0,0,0,https://www.google.com/search?tbm=isch&q=TÜNKERS+15361000
TÜNKERS,15360000,15360000 SZ 50 UZ-LB T31 X 3-90 Cylinder,32186.0,0,0,https://www.google.com/search?tbm=isch&q=TÜNKERS+15360000
TÜNKERS,15362000,15362000 SZ 50 UZ-LB T31 X 4-30 Cylinder,32186.0,0,0,https://www.google.com/search?tbm=isch&q=TÜNKERS+15362000
FESTO,51EF44GCQWNMKBQNNMKBNDGST45NGKAQFS/45P*,Ventilinsel VTSA-F Art.Nr.547965,32113.36,0,0,https://www.google.com/search?tbm=isch&q=FESTO+51EF44GCQWNMKBQNNMKBNDGST45NGKAQFS/45P*
FESTO,51ENMKBNMKBQWF44GCQNS/45PAXSME2A3JL,Valve Terminal,32055.3,0,0,https://www.google.com/search?tbm=isch&q=FESTO+51ENMKBNMKBQWF44GCQNS/45PAXSME2A3JL
FESTO,9263,"SGS-M16x1,5 Rod eye",32037.54,0,0,https://www.google.com/search?tbm=isch&q=FESTO+9263
IVOSTUD,672723,672723  Welding machine cable,31955.67,0,0,https://www.google.com/search?tbm=isch&q=IVOSTUD+672723
SCHUNK,371402,PGN-plus 100-1 AS parallel gripper,31939.0,0,0,https://www.google.com/search?tbm=isch&q=SCHUNK+371402
FESTO,51ENMKBQWF44GCQNS/45PAXP2SMEPM3BOZOWH3JL,valve terminal,31906.32,0,0,https://www.google.com/search?tbm=isch&q=FESTO+51ENMKBQWF44GCQNS/45PAXP2SMEPM3BOZOWH3JL
IFM,O1D100_,01D100,31834.0,0,0,https://www.google.com/search?tbm=isch&q=IFM+O1D100_
RITTAL,7187889-BWDP,"DS(1800+200)*800*500,WDP",31741.2,0,0,https://www.google.com/search?tbm=isch&q=RITTAL+7187889-BWDP
SIEMENS,6SL3054-4AG00-2AA0-ZE01,6SL3054-4AG00-2AA0-ZE01 card+license,31711.48,0,0,https://www.google.com/search?tbm=isch&q=SIEMENS+6SL3054-4AG00-2AA0-ZE01
FESTO,51EF34GCQWNMKBQNNMKBNLKAS/45PAVU3A2J4L,Valve island,31666.36,0,0,https://www.google.com/search?tbm=isch&q=FESTO+51EF34GCQWNMKBQNNMKBNLKAS/45PAVU3A2J4L
TÜNKERS,SZVD 50 A23 T12 40,SZVD 50 A23 T12 stroke 40 pin unit,31648.0,0,0,https://www.google.com/search?tbm=isch&q=TÜNKERS+SZVD+50+A23+T12+40
VARIOUS,NFC-FLEX110 5G35,NFC-FLEX110 5G35 Cable,31620.0,0,0,https://www.google.com/search?tbm=isch&q=VARIOUS+NFC-FLEX110+5G35
FESTO,51ET45NMKBNMKBNMKBNMKBQWF44GCQNNGKAQFS,Valve Terminal,31613.04,0,0,https://www.google.com/search?tbm=isch&q=FESTO+51ET45NMKBNMKBNMKBNMKBQWF44GCQNNGKAQFS
FESTO,10746,FK-M36x2 coupling,31546.32,0,0,https://www.google.com/search?tbm=isch&q=FESTO+10746
INA,KR5203-2RS,KR5203-2RS Bearing,31520.9,0,0,https://www.google.com/search?tbm=isch&q=INA+KR5203-2RS
THK,SHS30R1SS+150L(G=35),SHS30R1SS+150L (G=35) Guide,31504.22,0,0,https://www.google.com/search?tbm=isch&q=THK+SHS30R1SS+150L(G=35)
LENZE,G500-B8000/MCS14P32_16680043,g500-B8000/MCS14P32 Motor,31414.9,0,0,https://www.google.com/search?tbm=isch&q=LENZE+G500-B8000/MCS14P32_16680043
LENZE,QEV111ACZJI6,Anschlußleitung 5m M03-8pol. -16mm²,31384.36,0,0,https://www.google.com/search?tbm=isch&q=LENZE+QEV111ACZJI6
RITTAL,4127.01,SZ4127.010 Door operated switch,31383.46,0,0,https://www.google.com/search?tbm=isch&q=RITTAL+4127.01
FESTO,51ENDGSNDGSNLKANMKBNMKBNMKBQWF34GCQNNGK*,valve terminal VTSA-F Art.Nr.547965,31363.64,0,0,https://www.google.com/search?tbm=isch&q=FESTO+51ENDGSNDGSNLKANMKBNMKBNMKBQWF34GCQNNGK*
GSEE,ELK4 EZ4-5M/P21/LG,ELK4 EZ4-5M/P21/LG Cable,31326.0,0,0,https://www.google.com/search?tbm=isch&q=GSEE+ELK4+EZ4-5M/P21/LG
STÄUBLI,REA02.2302,REA02.2302 cover,31318.8,0,0,https://www.google.com/search?tbm=isch&q=STÄUBLI+REA02.2302
PHOENIX,1060643,1060643  BL2 RACKMOUNT 4U 7000,31303.41,0,0,https://www.google.com/search?tbm=isch&q=PHOENIX+1060643
VARIOUS,EGT001 L=1078,EGT_001 / L=1078 octagon profile SW80,31284.9,0,0,https://www.google.com/search?tbm=isch&q=VARIOUS+EGT001+L=1078
LAPP,4521002,4521002 H07V-K 1X35mm² cable GN/YE,31250.0,0,0,https://www.google.com/search?tbm=isch&q=LAPP+4521002
VARIOUS,NFC-FLEX110 CY 4G2.5,NFC-FLEX110 CY 4G2.5 Cable,31248.0,0,0,https://www.google.com/search?tbm=isch&q=VARIOUS+NFC-FLEX110+CY+4G2.5
PARKER,3C5822212,Dichtkopf 3C582-22-12,31215.45,0,0,https://www.google.com/search?tbm=isch&q=PARKER+3C5822212
FESTO,560212,HGPT-35-A-B-G2 Parallelgreifer,31212.48,0,0,https://www.google.com/search?tbm=isch&q=FESTO+560212
BELDEN,5G6 G8U,5G6 G8U CABLE,31209.0,0,0,https://www.google.com/search?tbm=isch&q=BELDEN+5G6+G8U
MARVTECH,10125048,EAF4-8-EAM4/C01/HBK Cable,31205.1,0,0,https://www.google.com/search?tbm=isch&q=MARVTECH+10125048
SANKYO,11025508,SOB 25-35-50 bush,31155.0,0,0,https://www.google.com/search?tbm=isch&q=SANKYO+11025508
DESTACO,82M-4E03H063L8-2A10-90(L),82M-4E03H063L8-2A10-90(L) Clamp,31130.0,0,0,https://www.google.com/search?tbm=isch&q=DESTACO+82M-4E03H063L8-2A10-90(L)
FESTO,51EF33GCQPNMKBNMKBNMKBNMKBNMKBT/45PRXSS*,valve terminal VTSA-F-FB Art.Nr.547965,31109.4,0,0,https://www.google.com/search?tbm=isch&q=FESTO+51EF33GCQPNMKBNMKBNMKBNMKBNMKBT/45PRXSS*
LAPP,4521005,PE 1x95mm²,31103.5,0,0,https://www.google.com/search?tbm=isch&q=LAPP+4521005
UNIVER,UBM63OEE,UBM63OEE clamp,31080.0,0,0,https://www.google.com/search?tbm=isch&q=UNIVER+UBM63OEE
VARIOUS,EGT001 L=1138,EGT_001 / L=1138 octagon profile SW80,31030.82,0,0,https://www.google.com/search?tbm=isch&q=VARIOUS+EGT001+L=1138
MARVTECH,10250601,MF5-20/C00/YE/CYE Cable,31022.08,0,0,https://www.google.com/search?tbm=isch&q=MARVTECH+10250601
ITEM,0.0.265.29,0.0.265.29 Stellfuß D80 M16x100,30998.72,0,0,https://www.google.com/search?tbm=isch&q=ITEM+0.0.265.29
PHOENIX,2734183,2734183 IBS RL PLUG-LK/POF-F CONNECTOR,30980.0,0,0,https://www.google.com/search?tbm=isch&q=PHOENIX+2734183
VARIOUS,3C3822212B3,3C382-22-12B-3 connector,30957.3,0,0,https://www.google.com/search?tbm=isch&q=VARIOUS+3C3822212B3
SMC,EX245-DX1-X36,EX245-DX1-X36 digital entrance (8-fach),30935.0,0,0,https://www.google.com/search?tbm=isch&q=SMC+EX245-DX1-X36
FESTO,51EF44GCQWNMKBQNNMKBS/45PAXSSME3ASKSK3JL,Valve island,30834.56,0,0,https://www.google.com/search?tbm=isch&q=FESTO+51EF44GCQWNMKBQNNMKBS/45PAXSSME3ASKSK3JL
MENZEL,9100000001,INDUTEC MS SD4 Präzisions-Koaxialsprühk.,0,3622.4,0,https://www.google.com/search?tbm=isch&q=MENZEL+9100000001
RITTAL,8105.235,TS Side Panels RAL 7035,30781.64,0,0,https://www.google.com/search?tbm=isch&q=RITTAL+8105.235
FESTO,6141,"FK-M12x1,25 Self-aligning rod couplers",30726.71,0,0,https://www.google.com/search?tbm=isch&q=FESTO+6141
FESTO,51EF44GCQWNMKBQNNMKBS/45PAXSSME4ASKSK2J*,Valve island,30688.6,0,0,https://www.google.com/search?tbm=isch&q=FESTO+51EF44GCQWNMKBQNNMKBS/45PAXSSME4ASKSK2J*
GSEE,EK4 EZ4-2M/P21/LG,EK4 EZ4-2M/P21/LG Cable,30660.0,0,0,https://www.google.com/search?tbm=isch&q=GSEE+EK4+EZ4-2M/P21/LG
FESTO,51ENDGSNDGSNLKANMKBNMKBQWF34GCQNNGKAQFS.,547965_VTSA-F_Ventilinsel,30635.12,0,0,https://www.google.com/search?tbm=isch&q=FESTO+51ENDGSNDGSNLKANMKBNMKBQWF34GCQNNGKAQFS.
RITTAL,8286.51,"Schaltschrank 1200x1800x600mm, 2Türen",30575.6,0,0,https://www.google.com/search?tbm=isch&q=RITTAL+8286.51
FESTO,51EF44GCQWNMKBQNS/45PAXSSME4ASKSK5JL,Valve island,30491.56,0,0,https://www.google.com/search?tbm=isch&q=FESTO+51EF44GCQWNMKBQNS/45PAXSSME4ASKSK5JL
TÜNKERS,V2 80.1 A40 T12 5°~105°,V2 80.1 A40 T12 5°~105° Cylinder,30473.88,0,0,https://www.google.com/search?tbm=isch&q=TÜNKERS+V2+80.1+A40+T12+5°~105°
SCHUNK,301032,MMS 22-S-M8-PNP magnetic switch,30441.0,0,0,https://www.google.com/search?tbm=isch&q=SCHUNK+301032
VARIOUS,NSX400H MIC2.3 400 3P F,NSX400H MIC2.3 400 3P F （HUA PENG),30382.32,0,0,https://www.google.com/search?tbm=isch&q=VARIOUS+NSX400H+MIC2.3+400+3P+F
VARIOUS,NFC-FLEX110 5G70,NFC-FLEX110 5G70 Cable,30242.0,0,0,https://www.google.com/search?tbm=isch&q=VARIOUS+NFC-FLEX110+5G70
TURCK,RKM52-30-RSM52/WXS2204,RKM52-30-RSM52/WXS2204 Cable,30225.0,0,0,https://www.google.com/search?tbm=isch&q=TURCK+RKM52-30-RSM52/WXS2204
FESTO,51EF44GCQWNMKBQNNMKBNMKBNMKBNMKBNGKAQFS`,valve terminal VSTA-F-FB Art.Nr. 547965,30186.34,0,0,https://www.google.com/search?tbm=isch&q=FESTO+51EF44GCQWNMKBQNNMKBNMKBNMKBNMKBNGKAQFS`
SMC,VV5QC41-10C10SD6F3N,VV5QC41-10C10SD6F3N Valve,30078.0,0,0,https://www.google.com/search?tbm=isch&q=SMC+VV5QC41-10C10SD6F3N
FESTO,51ENMKBNMKBNMKBNMKBQWF34GCQNNGKAQFS*,Valve Terminal VSTA-F-FB Art.Nr. 547965,30050.08,0,0,https://www.google.com/search?tbm=isch&q=FESTO+51ENMKBNMKBNMKBNMKBQWF34GCQNNGKAQFS*
SIEMENS,6ES7131-4BD01-0AB0,6ES7131-4BD01-0AB0 ELCTR.DIGIT.MODULE4DI,30028.95,0,0,https://www.google.com/search?tbm=isch&q=SIEMENS+6ES7131-4BD01-0AB0
SMC,VQC4401R-5-X92,VQC4401R-5-X92 5/2-Valve,30015.0,0,0,https://www.google.com/search?tbm=isch&q=SMC+VQC4401R-5-X92
TURCK,1600901,"BI7-Q08-VP6X2-0,3-RS4.4 Sensor",30015.0,0,0,https://www.google.com/search?tbm=isch&q=TURCK+1600901
TÜNKERS,KS2 100.6 SG A03 LH T12 10°,KS2 100.6 SG A03 LH T12 10° swivel unit,30000.0,0,0,https://www.google.com/search?tbm=isch&q=TÜNKERS+KS2+100.6+SG+A03+LH+T12+10°
TÜNKERS,KS 100.6 BD A03 LH T12 90°,KS 100.6 BD A03 LH T12 90°swivel unit,30000.0,0,0,https://www.google.com/search?tbm=isch&q=TÜNKERS+KS+100.6+BD+A03+LH+T12+90°
TÜNKERS,KS2 100.2 A01 T12 90°,KS2 100.2 A01 T12 90° swivel unit,30000.0,0,0,https://www.google.com/search?tbm=isch&q=TÜNKERS+KS2+100.2+A01+T12+90°
VARIOUS,NFC-FLEX110 30G0.5,NFC-FLEX110 30G0.5 Cable,29982.0,0,0,https://www.google.com/search?tbm=isch&q=VARIOUS+NFC-FLEX110+30G0.5
FESTO,170873,DFM-50-080-P-A-GF cilindro,29902.41,0,0,https://www.google.com/search?tbm=isch&q=FESTO+170873
LENZE,QEV111AGL51Y,"Motoranschlussleitung 7,5m",29846.58,0,0,https://www.google.com/search?tbm=isch&q=LENZE+QEV111AGL51Y
SEW EURODRIVE,08198748/3.0,"Hybridkabel, einseitig konfekt. 3m",29839.8,0,3,https://www.google.com/search?tbm=isch&q=SEW+EURODRIVE+08198748/3.0
FESTO,51ENMKBNMKBNMKBNMKBQWF44GCQNNGKAQFS*,Valve Terminal,29822.28,0,0,https://www.google.com/search?tbm=isch&q=FESTO+51ENMKBNMKBNMKBNMKBQWF44GCQNNGKAQFS*
FESTO,51EF44GCQWNMKBNMKBNDGSNGKAQFS,valve terminal VTSA-F art.no.547965,29791.5,0,0,https://www.google.com/search?tbm=isch&q=FESTO+51EF44GCQWNMKBNMKBNDGSNGKAQFS
EATON,266019,Lasttrennschalter 3p 400A BG3,29757.29,0,0,https://www.google.com/search?tbm=isch&q=EATON+266019
FESTO,51ET45NMKBNMKBNMKBQWF44GCQNNGKAQFS*,Valve Terminal,29603.56,0,0,https://www.google.com/search?tbm=isch&q=FESTO+51ET45NMKBNMKBNMKBQWF44GCQNNGKAQFS*
FESTO,51EF44GCQWNMKBQNNMKBNMKBNMKBNGKAQFS*4***,valve terminal VTSA-F art.no.547965,29587.04,0,0,https://www.google.com/search?tbm=isch&q=FESTO+51EF44GCQWNMKBQNNMKBNMKBNMKBNGKAQFS*4***
FEE,C100281.00,Clamp holder D12 for EGT 005,29578.2,0,0,https://www.google.com/search?tbm=isch&q=FEE+C100281.00
SMC,MGPA32-50Z-XC35,MGPA32-50Z-XC35 Cylinder,29546.0,0,0,https://www.google.com/search?tbm=isch&q=SMC+MGPA32-50Z-XC35
FESTO,51ENMKBNMKBNMKBNMKBQWF34GCQNNGKAQFS——,Valve island,29534.72,0,0,https://www.google.com/search?tbm=isch&q=FESTO+51ENMKBNMKBNMKBNMKBQWF34GCQNNGKAQFS——
SIEMENS,6GK1901-1BB20-2AE0,"IE FC RJ45 PLUG 90 2X2, RJ45",29523.64,0,0,https://www.google.com/search?tbm=isch&q=SIEMENS+6GK1901-1BB20-2AE0
LUETZE,381621F0004,"LSC-Air_Stream Rahmen (NS), 600mm (550)",29502.06,0,0,https://www.google.com/search?tbm=isch&q=LUETZE+381621F0004
LUMBERG,RSRK 50-6677/15M,"cable gray,5core,7/8 male-7/8female 15M",29487.2,0,0,https://www.google.com/search?tbm=isch&q=LUMBERG+RSRK+50-6677/15M
SKF,22232CC/W33,22232 CC/W33 bearing,29439.0,0,0,https://www.google.com/search?tbm=isch&q=SKF+22232CC/W33
FEE,EGT217,EGT_217 connection,29436.81,0,0,https://www.google.com/search?tbm=isch&q=FEE+EGT217
KTR,GS 55 98SHA-GS 6.0-50 6.0-50,GS 55 98SHA-GS 6.0-50 6.0-50 Coupling,29309.72,0,0,https://www.google.com/search?tbm=isch&q=KTR+GS+55+98SHA-GS+6.0-50+6.0-50
SANKYO,SOL-32X250 B,SOL-32x250 B Slide Guide,29309.44,0,0,https://www.google.com/search?tbm=isch&q=SANKYO+SOL-32X250+B
FESTO,51EF44GCQWNMKBNMKBNLKANGKAQFS,valve terminal VTSA-F art.no.547965,29255.16,0,1,https://www.google.com/search?tbm=isch&q=FESTO+51EF44GCQWNMKBNMKBNLKANGKAQFS
FESTO,51ENMKBNMKBNMKBNMKBQWF34GCQNNGKAQFS/4*,Valve Terminal VSTA-F-FB Art.Nr. 547965,29240.76,0,0,https://www.google.com/search?tbm=isch&q=FESTO+51ENMKBNMKBNMKBNMKBQWF34GCQNNGKAQFS/4*
FESTO,51ENMKBNMKBNMKBNMKBQWF44GCQNNGKAQFS,Valve Terminal,29236.42,0,0,https://www.google.com/search?tbm=isch&q=FESTO+51ENMKBNMKBNMKBNMKBQWF44GCQNNGKAQFS
FESTO,51EF34GCQWNMKBQNNMKBS/45PAVU2B2J2L,valve terminal CPX/VTSA-F,29193.48,0,0,https://www.google.com/search?tbm=isch&q=FESTO+51EF34GCQWNMKBQNNMKBS/45PAVU2B2J2L
FESTO,51EF34GCQWNMKBQNS/45PAVU1AJL,valve island,29184.05,0,0,https://www.google.com/search?tbm=isch&q=FESTO+51EF34GCQWNMKBQNS/45PAVU1AJL
FESTO,51EF44GCQWNMKBQNNMKBS/45PAVU3A3J3L,valve terminal VSTA-F-FB Art.Nr. 547965,29183.22,0,0,https://www.google.com/search?tbm=isch&q=FESTO+51EF44GCQWNMKBQNNMKBS/45PAVU3A3J3L
SIEMENS,6ES7132-4BD00-0AB0,6ES7132-4BD00-0AB0  TERMINAL MODULES,29157.52,0,0,https://www.google.com/search?tbm=isch&q=SIEMENS+6ES7132-4BD00-0AB0
FESTO,9484,NAS-1/4-1A-ISO Individual sub-base,29124.05,0,0,https://www.google.com/search?tbm=isch&q=FESTO+9484
FESTO,51EF34GCQWNMKBQNNMKBNMKBNLKAS/45PAVU3A,Valve island,29082.84,0,0,https://www.google.com/search?tbm=isch&q=FESTO+51EF34GCQWNMKBQNNMKBNMKBNLKAS/45PAVU3A
FESTO,51ENMKBNMKBQWF44GCQNNGKAQFS*,Valve Terminal,29058.25,0,0,https://www.google.com/search?tbm=isch&q=FESTO+51ENMKBNMKBQWF44GCQNNGKAQFS*
FESTO,51EF33GCQPNMKBNMKBT/45PAXSSME4BOZO*,valve terminal VTSA-F art.no.547965,29030.24,0,0,https://www.google.com/search?tbm=isch&q=FESTO+51EF33GCQPNMKBNMKBT/45PAXSSME4BOZO*
THK,RU297UUCC0X,RU297UUCC0X Bearing,29026.56,0,0,https://www.google.com/search?tbm=isch&q=THK+RU297UUCC0X
TURCK,RKC4.4T-5-RSC4.4T/TXL,RKC4.4T-5-RSC4.4T/TXL cable,29000.0,0,0,https://www.google.com/search?tbm=isch&q=TURCK+RKC4.4T-5-RSC4.4T/TXL
FESTO,51EF34GCQWNMKBNMKBS45PAVU3A4J2L,Ventilinsel CPX/VTSA-F,28979.88,0,0,https://www.google.com/search?tbm=isch&q=FESTO+51EF34GCQWNMKBNMKBS45PAVU3A4J2L
HELUKABEL,10091,"Steuerleitung 3G1,5qmm",28916.0,0,0,https://www.google.com/search?tbm=isch&q=HELUKABEL+10091
TÜNKERS,APH2 40 BR2 H A80 K00 T12,APH2 40 BR2 H A80 K00 T12 Clamp,28872.0,0,0,https://www.google.com/search?tbm=isch&q=TÜNKERS+APH2+40+BR2+H+A80+K00+T12
SIEMENS,6XV1870-8GN15,"6XV1870-8GN15 M12-90/M12-90, 15 m Cable",28866.0,0,0,https://www.google.com/search?tbm=isch&q=SIEMENS+6XV1870-8GN15
FESTO,51EF44GCQWNMKBNMKBS/45PAXSSME3ASKSK2J2L,Valve island,28848.68,0,0,https://www.google.com/search?tbm=isch&q=FESTO+51EF44GCQWNMKBNMKBS/45PAXSSME3ASKSK2J2L
TÜNKERS,K 25.1 A10 T12 105°,K 25.1 A10 T12 105° Mini Pneumatic Power,28800.0,0,0,https://www.google.com/search?tbm=isch&q=TÜNKERS+K+25.1+A10+T12+105°
FESTO,51EF44GCQWNMKBQNNMKBNGKAQFS/45PAVSMEPP*,Ventilinsel VTSA-F Art.Nr.547965,28763.86,0,0,https://www.google.com/search?tbm=isch&q=FESTO+51EF44GCQWNMKBQNNMKBNGKAQFS/45PAVSMEPP*
FESTO,51ENMKBQWF34GCQNNGKAQFS/45PA*****,valve terminal VTSA-F Art.Nr.547965,28706.42,0,0,https://www.google.com/search?tbm=isch&q=FESTO+51ENMKBQWF34GCQNNGKAQFS/45PA*****
SMC,C-VQM2-00000004-WP8-EBLÜX,C-VQM2-00000004-WP8-EBLÜX Valve Island,28620.0,0,0,https://www.google.com/search?tbm=isch&q=SMC+C-VQM2-00000004-WP8-EBLÜX
SEW EURODRIVE,1991981/5.0,1991981/5.0 Cable,28602.08,0,1,https://www.google.com/search?tbm=isch&q=SEW+EURODRIVE+1991981/5.0
TURCK,RKM52-10-RSM52/WXS2204,RKM52-10-RSM52/WXS2204 Cable,28600.0,0,0,https://www.google.com/search?tbm=isch&q=TURCK+RKM52-10-RSM52/WXS2204
DESTACO,82M-3E030050K8ARR25,82M-3E030050K8ARR25 clamp 135°,28597.45,0,0,https://www.google.com/search?tbm=isch&q=DESTACO+82M-3E030050K8ARR25
SCHMALZ,10.01.06.04899,SAOB 80x40 NBR-60 G1/4-IG FO suction cup,28577.12,0,0,https://www.google.com/search?tbm=isch&q=SCHMALZ+10.01.06.04899
PARKER,GR18/15LMSX3,GR18/15LMSX-3,28551.5,0,0,https://www.google.com/search?tbm=isch&q=PARKER+GR18/15LMSX3
SKF,22222E,22222 E Spherical roller bearings,28549.55,0,0,https://www.google.com/search?tbm=isch&q=SKF+22222E
SMC,C-VQM4-00000004-WP0-EXL,C-VQM4-00000004-WP0-EXL Valve Island,28548.0,0,0,https://www.google.com/search?tbm=isch&q=SMC+C-VQM4-00000004-WP0-EXL
SIEMENS,3SU1000-5SF01-0AA0,Key-operated switch BKS Lock No. E7 (VW),28503.12,0,0,https://www.google.com/search?tbm=isch&q=SIEMENS+3SU1000-5SF01-0AA0
PHOENIX,2904600,QUINT4-PS/1AC/24DC/5 Power supply 120VAC,28462.98,0,0,https://www.google.com/search?tbm=isch&q=PHOENIX+2904600
SEW EURODRIVE,01.8075991913.0001X21,/RDRL132MC4BE11HR/TF/AS7W Motor,28377.0,0,0,https://www.google.com/search?tbm=isch&q=SEW+EURODRIVE+01.8075991913.0001X21
SCHNEIDER ELECTRIC,LV432693,LV432693 Compact NSX400N Micrologic,28361.53,0,0,https://www.google.com/search?tbm=isch&q=SCHNEIDER+ELECTRIC+LV432693
ACE,MA600M-BV-T,MA600M-BV-T bumper,28356.0,0,0,https://www.google.com/search?tbm=isch&q=ACE+MA600M-BV-T
VARIOUS,DC50VA90S12,DC50VA90S12,28348.8,0,0,https://www.google.com/search?tbm=isch&q=VARIOUS+DC50VA90S12
RK ROSE&KRIEGER,13400000020,FS 40 Fußklemmstück,0,3334.44,0,https://www.google.com/search?tbm=isch&q=RK+ROSE&KRIEGER+13400000020
TURCK,RSM52-20M/WXS2204,RSM52-20M/WXS2204 Cable,28320.0,0,0,https://www.google.com/search?tbm=isch&q=TURCK+RSM52-20M/WXS2204
OBO BETTERMANN,6049276,6049276 AKL 25 E block,28286.41,0,0,https://www.google.com/search?tbm=isch&q=OBO+BETTERMANN+6049276
FESTO,51ENMKBNMKBNMKBQWF34GCQNNGKAQFS*,Valve island,28277.58,0,0,https://www.google.com/search?tbm=isch&q=FESTO+51ENMKBNMKBNMKBQWF34GCQNNGKAQFS*
SEW EURODRIVE,KT47_DRE80M4BE1HR/IS/TF_M2A,KT47 DRE80M4BE1HR/IS/TF M2A,28215.92,0,0,https://www.google.com/search?tbm=isch&q=SEW+EURODRIVE+KT47_DRE80M4BE1HR/IS/TF_M2A
FESTO,51EF44GCQWNMKBNMKBNGKAQFS/45PAVSMEPP**,Ventilinsel VTSA-F Art.Nr.547965,28197.6,0,0,https://www.google.com/search?tbm=isch&q=FESTO+51EF44GCQWNMKBNMKBNGKAQFS/45PAVSMEPP**
FESTO,51EF34GCQWD/32PTGLNMAHUAH4J4L+2TJ,Valve unit Art.Nr.: 530411,28195.56,0,0,https://www.google.com/search?tbm=isch&q=FESTO+51EF34GCQWD/32PTGLNMAHUAH4J4L+2TJ
GSEE,EK4 EZ4-5M/P01,EK4 EZ4-5M/P01 CABLE,28110.6,0,0,https://www.google.com/search?tbm=isch&q=GSEE+EK4+EZ4-5M/P01
FESTO,546769,VSVA-B-B52-H-A2-1R5L valve,28045.2,0,0,https://www.google.com/search?tbm=isch&q=FESTO+546769
SEW EURODRIVE,18255205,Bs-Gl.Richter BST0.7S-400V-0B,28035.36,0,0,https://www.google.com/search?tbm=isch&q=SEW+EURODRIVE+18255205
RUD,8500827,"VLBG 4,0t M24 Lastbock mit Schraube",0,3297.2,0,https://www.google.com/search?tbm=isch&q=RUD+8500827
DAMPTAC,DTK3035-B,DTK3035-B Buffer,28024.92,0,0,https://www.google.com/search?tbm=isch&q=DAMPTAC+DTK3035-B
TUCKER,M108971,SMB147.00.00 Massekontakt M183291,28013.92,0,0,https://www.google.com/search?tbm=isch&q=TUCKER+M108971
ESCHA,8021717,WAKC5K/9,27950.0,0,0,https://www.google.com/search?tbm=isch&q=ESCHA+8021717
SMC,C-VQM4-00000444WC0-EBBBBBLL,C-VQM4-00000444WC0-EBBBBBLL,27946.0,0,0,https://www.google.com/search?tbm=isch&q=SMC+C-VQM4-00000444WC0-EBBBBBLL
FESTO,51EF44GCQWNMKBNMKBS/45PAXSSME3ASKSKJ3L,Valve island,27847.68,0,0,https://www.google.com/search?tbm=isch&q=FESTO+51EF44GCQWNMKBNMKBS/45PAXSSME3ASKSKJ3L
FESTO,51ENMKBNMKBNMKBQWF44GCQNNGKAQFS*,Valve Terminal,27812.8,0,0,https://www.google.com/search?tbm=isch&q=FESTO+51ENMKBNMKBNMKBQWF44GCQNNGKAQFS*
TURCK,RKM52-15-RSM52/WXS2204,RKM52-15-RSM52/WXS2204 Cable,27680.0,0,0,https://www.google.com/search?tbm=isch&q=TURCK+RKM52-15-RSM52/WXS2204
BALLUFF,BAM032J,BMS CS-M-D12-ID30-04 angle holder,27649.34,0,0,https://www.google.com/search?tbm=isch&q=BALLUFF+BAM032J
FESTO,51EF44GCQWNMKBQNS/45PAXSSME3ASKSK3JL,Valve island,27634.52,0,0,https://www.google.com/search?tbm=isch&q=FESTO+51EF44GCQWNMKBQNS/45PAXSSME3ASKSK3JL
FESTO,51EF34GCQWNMKBQNNMKBNMKBNGKAQFS***,Valve island,27634.06,0,0,https://www.google.com/search?tbm=isch&q=FESTO+51EF34GCQWNMKBQNNMKBNMKBNGKAQFS***
APS,TN6-8-40,TN6-8-40 nut,27582.95,0,0,https://www.google.com/search?tbm=isch&q=APS+TN6-8-40
ITEM,0.0.265.30,"0.0.265.30 Klemmlasche D 80 , schwarz",27542.99,0,0,https://www.google.com/search?tbm=isch&q=ITEM+0.0.265.30
LAPP,3912001,PE wire（yellow/green）_25sqmm_3912001,27525.0,0,0,https://www.google.com/search?tbm=isch&q=LAPP+3912001
BALLUFF,BAM0255,Halterungen für Human Machine Interfaces,27495.0,0,0,https://www.google.com/search?tbm=isch&q=BALLUFF+BAM0255
RITTAL,3573.005,SV 3573.005,27467.02,0,0,https://www.google.com/search?tbm=isch&q=RITTAL+3573.005
SMC,MXQ16-30CF,MXQ16-30CF Cylinder,27456.0,0,0,https://www.google.com/search?tbm=isch&q=SMC+MXQ16-30CF
SEW EURODRIVE,A0000 0002 641F 99,4KW Movipro ADC,27430.09,0,0,https://www.google.com/search?tbm=isch&q=SEW+EURODRIVE+A0000+0002+641F+99
RITTAL,4638.6,TS4638.600 Pult for door 600mm,27417.88,0,0,https://www.google.com/search?tbm=isch&q=RITTAL+4638.6
HELUKABEL,17003,"17003 Cable Paartronic Cy 4X2X0.5, 350V",27325.0,0,0,https://www.google.com/search?tbm=isch&q=HELUKABEL+17003
VARIOUS,125MM*22*1.2,125x22.2x1.2 Cutting blade,27319.61,0,0,https://www.google.com/search?tbm=isch&q=VARIOUS+125MM*22*1.2
RITTAL,3329.5,Plus cabinet 2500W,27318.44,0,0,https://www.google.com/search?tbm=isch&q=RITTAL+3329.5
SMC,C-VQM4-00000044WC0-EBLL,C-VQM4-00000044WC0-EBLL,27304.0,0,0,https://www.google.com/search?tbm=isch&q=SMC+C-VQM4-00000044WC0-EBLL
TÜNKERS,1211492,MCP 80-C F3 Cylinder flange,27192.0,0,0,https://www.google.com/search?tbm=isch&q=TÜNKERS+1211492
FESTO,23393738,23393738 CN CS 3160308 Rip air+water,27169.04,0,0,https://www.google.com/search?tbm=isch&q=FESTO+23393738
RITTAL,9342.28,"SV9342.280 CONNECTION ADAPTOR, 3P 800A",27164.78,0,0,https://www.google.com/search?tbm=isch&q=RITTAL+9342.28
FESTO,51EF34GCQWNMKBQNNMKBNMKBS45PAVULX4B6J2L,Ventilinsel CPX/VTSA-F,27164.04,0,0,https://www.google.com/search?tbm=isch&q=FESTO+51EF34GCQWNMKBQNNMKBNMKBS45PAVULX4B6J2L
VARIOUS,EGT115,EGT_115 / 50RD40-X90 adapter,27149.03,0,0,https://www.google.com/search?tbm=isch&q=VARIOUS+EGT115
FESTO,8047702,"NEDU-L1R2-V2-M12G5-U-M12-0,5R-CS",27142.56,0,0,https://www.google.com/search?tbm=isch&q=FESTO+8047702
VARIOUS,KVVR 12G1,KVVR 12G1 cable,27054.0,0,0,https://www.google.com/search?tbm=isch&q=VARIOUS+KVVR+12G1
FESTO,51EF44GCQWNMKBNMKBNLKAS/45PAVSMEPP*,Ventilinsel VTSA-F Art.Nr.547965,27024.96,0,0,https://www.google.com/search?tbm=isch&q=FESTO+51EF44GCQWNMKBNMKBNLKAS/45PAVSMEPP*
ESCHA,8086443,AL-WWAK4P3.2-2-AL-WAS4/S370/S8080,27000.0,0,0,https://www.google.com/search?tbm=isch&q=ESCHA+8086443
TÜNKERS,SZKD 63.5 A23AM X 60 T12T,SZKD 63.5 A23AM T12T stroke 60 cylinder,26988.03,0,0,https://www.google.com/search?tbm=isch&q=TÜNKERS+SZKD+63.5+A23AM+X+60+T12T
FESTO,51EF34GCQWNMKBQNNMKBNMKBNMKBNGKAQFS/***:,Valve island,26984.1,0,0,https://www.google.com/search?tbm=isch&q=FESTO+51EF34GCQWNMKBQNNMKBNMKBNMKBNGKAQFS/***:
DANFOSS,FC-302P22KT5E20H2BGCXXXS067XALBRCXXXXDX,FC-302P22KT5E20H2BGCXXXS067XALBRCXXXXDX,26971.15,0,0,https://www.google.com/search?tbm=isch&q=DANFOSS+FC-302P22KT5E20H2BGCXXXS067XALBRCXXXXDX
FESTO,156553,ADVU-050-025-P-A compact cylinder,26878.24,0,0,https://www.google.com/search?tbm=isch&q=FESTO+156553
TURCK,4685725,"BIM-UNT-AP6X-0,3-RS4 Sensor",26860.0,0,0,https://www.google.com/search?tbm=isch&q=TURCK+4685725
ENIDINE,MF24108,ECO LROEM 1.25M X 1 shock absorber,26759.24,0,0,https://www.google.com/search?tbm=isch&q=ENIDINE+MF24108
WICKE,TE96/22-88/GS-S,WF-10-00.01-165 Mitnehmerscheibe,0,3147.95,0,https://www.google.com/search?tbm=isch&q=WICKE+TE96/22-88/GS-S
LAPP,101063,Steuerleitung 4x6mm² farbcodie,26715.0,0,0,https://www.google.com/search?tbm=isch&q=LAPP+101063
FESTO,51EF44GCQWNMKBNMKBS/45PAVU3A4J2L,valve terminal VTSA-F art.no.547965,26688.3,0,0,https://www.google.com/search?tbm=isch&q=FESTO+51EF44GCQWNMKBNMKBS/45PAVU3A4J2L
SIEMENS,6ES7132-6BF00-0CA0,SIMATIC ET 200SP Ausgangsmodul DO8x24VDC,26684.55,0,0,https://www.google.com/search?tbm=isch&q=SIEMENS+6ES7132-6BF00-0CA0
FESTO,9264,"SGS-M20X1,5 Rod eye",26641.98,0,0,https://www.google.com/search?tbm=isch&q=FESTO+9264
VARIOUS,DS(1800+200)*W800*D600-WDP,DS(1800+200)*W800*D600-WDP,26641.79,0,0,https://www.google.com/search?tbm=isch&q=VARIOUS+DS(1800+200)*W800*D600-WDP
FESTO,51EF44GCQWNMKBQNS/45PAXSSME3ASKSK2J2L,Valve island,26633.52,0,0,https://www.google.com/search?tbm=isch&q=FESTO+51EF44GCQWNMKBQNS/45PAXSSME3ASKSK2J2L
DESTACO,8BF-442-1,"8BF-442-1 centering pin ø19,00 -0,05",26565.12,0,0,https://www.google.com/search?tbm=isch&q=DESTACO+8BF-442-1
FESTO,534769_080-B-PPV-A-GF,DFM-50-080-B-PPV-A-GF cylinder,26547.84,0,0,https://www.google.com/search?tbm=isch&q=FESTO+534769_080-B-PPV-A-GF
LENZE,QEV111ACZJTN,"Anschlussleitg. 30m HAN Modular 40A,6mm²",26527.76,0,0,https://www.google.com/search?tbm=isch&q=LENZE+QEV111ACZJTN
ESCHA,AL-WAK4-1-AL-WAS4/S740,AL-WAK4-1-AL-WAS4/S740 Connector,26430.0,0,1,https://www.google.com/search?tbm=isch&q=ESCHA+AL-WAK4-1-AL-WAS4/S740
FESTO,51ENMKBNMKBQWF44GCQNNGKAQFS/45PAXP2SM,Valve Terminal,26401.54,0,0,https://www.google.com/search?tbm=isch&q=FESTO+51ENMKBNMKBQWF44GCQNNGKAQFS/45PAXP2SM
DESTACO,82L2G-303B705B,82L2G-303B705B Clamp 60°,26394.96,0,0,https://www.google.com/search?tbm=isch&q=DESTACO+82L2G-303B705B
FESTO,51EF34GCQWNMKBQNNMKBNMKBNGKAQFS/*-,Valve island,26389.92,0,0,https://www.google.com/search?tbm=isch&q=FESTO+51EF34GCQWNMKBQNNMKBNMKBNGKAQFS/*-
FESTO,51EF33GCQPNMKBNMKBNMKBT/45P-R-XS-SME-4B*,valve terminal VTSA-F-FB Art.Nr.547965,26376.44,0,0,https://www.google.com/search?tbm=isch&q=FESTO+51EF33GCQPNMKBNMKBNMKBT/45P-R-XS-SME-4B*
FESTO,191197,YSRW-16-26 Absorber,26358.37,0,0,https://www.google.com/search?tbm=isch&q=FESTO+191197
FESTO,51ENMKBNMKBNMKBQWF35GCQNT~~~,Ventilinsel VTSA-F-FB Art.Nr. 547965,26357.66,0,1,https://www.google.com/search?tbm=isch&q=FESTO+51ENMKBNMKBNMKBQWF35GCQNT~~~
PinGu,COTTON GLOVE,cotton glove,26330.4,0,0,https://www.google.com/search?tbm=isch&q=PinGu+COTTON+GLOVE
ACE,SC650M-9-V8-F313,SC650M-9-V8-F313,26324.76,0,0,https://www.google.com/search?tbm=isch&q=ACE+SC650M-9-V8-F313
MARVTECH,10250466,MF5-2-MM5/C00/YE/CYE Cable,26283.15,0,0,https://www.google.com/search?tbm=isch&q=MARVTECH+10250466
FESTO,51EF44GCQWNMKBQNNMKBNMKBNLKANGKAQFS/45P*,Valve island,26277.44,0,0,https://www.google.com/search?tbm=isch&q=FESTO+51EF44GCQWNMKBQNNMKBNMKBNLKANGKAQFS/45P*
GSEE,EK4 EZ4-15M/P01,EK4 EZ4-15M/P01 cable,26242.8,0,1,https://www.google.com/search?tbm=isch&q=GSEE+EK4+EZ4-15M/P01
JEAN MUELLER,PRT2M-24*8*1,PRT2M-24*8*1 Soft copper row,26217.63,0,0,https://www.google.com/search?tbm=isch&q=JEAN+MUELLER+PRT2M-24*8*1
ITEM,0.0.294.26,0.0.294.26 connector,26198.79,0,0,https://www.google.com/search?tbm=isch&q=ITEM+0.0.294.26
VEP AUTOMATION,RFM160.2-91-O-PX-P-G-X,RFM160.2-91-O-PX-P-G-X Swivel Unit,26175.73,0,0,https://www.google.com/search?tbm=isch&q=VEP+AUTOMATION+RFM160.2-91-O-PX-P-G-X
VEP AUTOMATION,RFM160.2-91-V/LS-PX-P-G-X,RFM160.2-91-V/LS-PX-P-G-X Swivel Unit,26175.73,0,0,https://www.google.com/search?tbm=isch&q=VEP+AUTOMATION+RFM160.2-91-V/LS-PX-P-G-X
LUMBERG,RST4-RKWT/LEDR4-9029/3M,RST4-RKWT/LEDR4-9029/3M CABLE,26160.0,0,0,https://www.google.com/search?tbm=isch&q=LUMBERG+RST4-RKWT/LEDR4-9029/3M
TURCK,46070,Bi4-M12-AP6X-H1141 Sensor,26136.0,0,0,https://www.google.com/search?tbm=isch&q=TURCK+46070
GSEE,EK4 EZ4-10M/P01,EK4 EZ4-10M/P01 CABLE,26132.94,0,1,https://www.google.com/search?tbm=isch&q=GSEE+EK4+EZ4-10M/P01
WEIDMUELLER,1397690000,"Y-Verteiler / Anschlusskupplung, FreeCon",26126.1,10886.0,0,https://www.google.com/search?tbm=isch&q=WEIDMUELLER+1397690000
SMC,C-VQM2-00000004-WP8-EBL,C-VQM2-00000004-WP8-EBL Valve Island,26116.0,0,0,https://www.google.com/search?tbm=isch&q=SMC+C-VQM2-00000004-WP8-EBL
VARIOUS,T0505000,T0505000 eblow,26104.75,0,0,https://www.google.com/search?tbm=isch&q=VARIOUS+T0505000
RITTAL,8186.235,"8186.235 Seitenwand verschraubbar,f.Schr",26099.71,0,0,https://www.google.com/search?tbm=isch&q=RITTAL+8186.235
GEBERIT,81713,"Übergang mit AG Ø 76,1 x R 2 1/2",0,3068.8,0,https://www.google.com/search?tbm=isch&q=GEBERIT+81713
JEAN MUELLER,AM-60/630/F/3,AM-60/630/F/3 module,26068.83,0,0,https://www.google.com/search?tbm=isch&q=JEAN+MUELLER+AM-60/630/F/3
THK,HSR30 A 2  SS +8720L-II,HSR30 A 2  SS +8720L-II,26017.68,0,0,https://www.google.com/search?tbm=isch&q=THK+HSR30+A+2++SS++8720L-II
VARIOUS,EGT140,EGT_140 CONNECTION_D40_D40_FORM_L90,25999.97,0,0,https://www.google.com/search?tbm=isch&q=VARIOUS+EGT140
TURCK,6631358,RKC4.4T-20-RSC4.4T/TXL3013,25944.0,0,0,https://www.google.com/search?tbm=isch&q=TURCK+6631358
FESTO,560234,HGPT-80-A-B parallel gripper,25927.68,0,0,https://www.google.com/search?tbm=isch&q=FESTO+560234
FESTO,51EF34GCQWNMKBQNNMKBNDGSNGKAQFS/45PAXP,Valve island,25911.47,0,0,https://www.google.com/search?tbm=isch&q=FESTO+51EF34GCQWNMKBQNNMKBNDGSNGKAQFS/45PAXP
ESCHA,8086442,AL-WWAK4P3.2-1-AL-WAS4/S370/S8080,25900.0,0,0,https://www.google.com/search?tbm=isch&q=ESCHA+8086442
FESTO,51EF34GCQWNMKBQNNMKBNMKBNMKBNMKBNLKANGK*,valve terminal CPX/VTSA-F Art.Nr. 547965,25870.7,0,0,https://www.google.com/search?tbm=isch&q=FESTO+51EF34GCQWNMKBQNNMKBNMKBNMKBNMKBNLKANGK*
DANFOSS,FC302P7K5T5E20H2BGCXXXSXXXXAXBXCXXXXDX,FC302P7K5T5E20H2BGCXXXSXXXXAXBXCXXXXDX,25846.72,0,0,https://www.google.com/search?tbm=isch&q=DANFOSS+FC302P7K5T5E20H2BGCXXXSXXXXAXBXCXXXXDX
EATON,266020,"Lasttrennschalter, 3p, 630A, Baugröße 3",25788.1,0,0,https://www.google.com/search?tbm=isch&q=EATON+266020
FESTO,548217_060-ELB-A-P-A,ADN-040-060-ELB-A-P-A cylinder,25775.54,0,0,https://www.google.com/search?tbm=isch&q=FESTO+548217_060-ELB-A-P-A
FESTO,51EF44GCQWNMKBQNNLKAS/45PAVSME*,Ventilinsel VTSA-F Art.Nr.547965,25759.32,0,0,https://www.google.com/search?tbm=isch&q=FESTO+51EF44GCQWNMKBQNNLKAS/45PAVSME*
SENSOPART,V10‐CR‐A3‐C‐2‐00,V10‐CR‐A3‐C‐2‐00  Code Reader,25745.2,0,0,https://www.google.com/search?tbm=isch&q=SENSOPART+V10‐CR‐A3‐C‐2‐00
TÜNKERS,APH2 40.5 H BR2 A10 T12,APH2 40.5 H BR2 A10 T12 10-120° Clamp,25742.4,0,0,https://www.google.com/search?tbm=isch&q=TÜNKERS+APH2+40.5+H+BR2+A10+T12
SMC,TRBU0805B-100,"TRBU0805B-100 HOSE FLAME RES, BLACK 8MM",25718.0,0,0,https://www.google.com/search?tbm=isch&q=SMC+TRBU0805B-100
VARIOUS,EGT001L=1048,EGT_001 / L=1048 octagon profile SW80,25695.66,0,0,https://www.google.com/search?tbm=isch&q=VARIOUS+EGT001L=1048
FESTO,51EF44GCQWNMKBQNNMKBS/45PAVU2B3JL,valve terminal VTSA-F art.no.547965,25639.51,0,0,https://www.google.com/search?tbm=isch&q=FESTO+51EF44GCQWNMKBQNNMKBS/45PAVU2B3JL
SCHUNK,371474,PGN-plus 160-2-IS universal gripper,25600.0,0,0,https://www.google.com/search?tbm=isch&q=SCHUNK+371474
MARVTECH,10250523,MF5-10-MM5/C13/YE/CYE Cable,25593.0,0,0,https://www.google.com/search?tbm=isch&q=MARVTECH+10250523
WEIDMUELLER,8000028513,FP Box ON/OFF16A FUSE R,25586.0,868.58,0,https://www.google.com/search?tbm=isch&q=WEIDMUELLER+8000028513
SEW EURODRIVE,01992023/5.0,01992023/5.0 Cable,25545.08,0,1,https://www.google.com/search?tbm=isch&q=SEW+EURODRIVE+01992023/5.0
FESTO,51ENMKBQWF44GCQNS/45PAXSMEAAJJLL,valve terminal VTSA-F art.no.547965,25543.05,0,0,https://www.google.com/search?tbm=isch&q=FESTO+51ENMKBQWF44GCQNS/45PAXSMEAAJJLL
SMC,C-VQM4-00000444WP0-EBBBBBBBL,C-VQM4-00000444WP0-EBBBBBBBLValve Island,25540.0,0,0,https://www.google.com/search?tbm=isch&q=SMC+C-VQM4-00000444WP0-EBBBBBBBL
SEW EURODRIVE,K77DRN80M4BE1HR/TF/AS7W,K77DRN80M4BE1HR/TF/AS7W,25537.63,0,0,https://www.google.com/search?tbm=isch&q=SEW+EURODRIVE+K77DRN80M4BE1HR/TF/AS7W
FESTO,51EF34GCQWNMKBQNNMKBNMKBS/45PAVULX3B5JL,Valve terminal VTSA-F Art.Nr. 547965,25443.92,0,0,https://www.google.com/search?tbm=isch&q=FESTO+51EF34GCQWNMKBQNNMKBNMKBS/45PAVULX3B5JL
VARIOUS,JBMB 300600155,JBMB 300600155,25422.95,0,0,https://www.google.com/search?tbm=isch&q=VARIOUS+JBMB+300600155
VARIOUS,EGT230,EGT_230 connection rip outside,25388.4,0,0,https://www.google.com/search?tbm=isch&q=VARIOUS+EGT230
FESTO,51EF44GCQWNMKBNMKBNLKAS/45PAVSMEPPATS2L.,valve terminal VTSA-F art.no.547965,25381.78,0,0,https://www.google.com/search?tbm=isch&q=FESTO+51EF44GCQWNMKBNMKBNLKAS/45PAVSMEPPATS2L.
IGUS,TC42.137.125/750.0,TC42.137.125/750.0,25326.0,0,0,https://www.google.com/search?tbm=isch&q=IGUS+TC42.137.125/750.0
WÜRTH,38593215,M32X1.5 SLOTTED_NUT,25300.0,0,0,https://www.google.com/search?tbm=isch&q=WÜRTH+38593215
RÄDER VOGEL,6493006001,217 F ALU PUR/200/50/5 PRO Lenkrolle,0,2973.76,0,https://www.google.com/search?tbm=isch&q=RÄDER+VOGEL+6493006001
TÜNKERS,V_50.1_BR3_A90_T12,V_50.1_BR3_A90_T12,25247.71,0,0,https://www.google.com/search?tbm=isch&q=TÜNKERS+V_50.1_BR3_A90_T12
FISCHERWERKE,FHB-A DYN M16X125/50,FHB-A dyn M16x125/50,25200.0,0,0,https://www.google.com/search?tbm=isch&q=FISCHERWERKE+FHB-A+DYN+M16X125/50
FESTO,51EF34GCQWNMKBQNNMKBNMKBNMKBNGKAQFS/*_*_,Valve island,25178.48,0,0,https://www.google.com/search?tbm=isch&q=FESTO+51EF34GCQWNMKBQNNMKBNMKBNMKBNGKAQFS/*_*_
THK,HSR30 A 2  SS +2960L-II,HSR30 A 2  SS +2960L-II,25061.92,0,0,https://www.google.com/search?tbm=isch&q=THK+HSR30+A+2++SS++2960L-II
LUMBERG,RST4-RKWT/LEDR4-9029/2.5M,RST4-RKWT/LEDR4-9029/2.5M CABLE,25032.0,0,0,https://www.google.com/search?tbm=isch&q=LUMBERG+RST4-RKWT/LEDR4-9029/2.5M
SIEMENS,3RT2024-1DB44-3MA0,"Schütz AC-3, 5,5KW/400V, 2S+2OE, DC 24V",25014.52,238.72,0,https://www.google.com/search?tbm=isch&q=SIEMENS+3RT2024-1DB44-3MA0
FESTO,51EF34GCQWNMKBQNS/45PAVU2A2J2L*,Valve terminal VTSA-F Art.No.547965,25002.48,0,0,https://www.google.com/search?tbm=isch&q=FESTO+51EF34GCQWNMKBQNS/45PAVU2A2J2L*
NSK,FCR-52,FCR-52 Guide Roller,24960.0,0,0,https://www.google.com/search?tbm=isch&q=NSK+FCR-52
FESTO,51EF34GCQWNMKBNMKBS__,valve terminal VTSA-F art.no.547965,24909.74,0,1,https://www.google.com/search?tbm=isch&q=FESTO+51EF34GCQWNMKBNMKBS__
VEP AUTOMATION,RFM125.1-129-V/LS-PX-P-G-X,RFM125_1_129_V/LSPXPGX Cylinder,24893.57,0,0,https://www.google.com/search?tbm=isch&q=VEP+AUTOMATION+RFM125.1-129-V/LS-PX-P-G-X
FESTO,534337,GRLA-1/8-QS-8-RS-D control valve,24889.24,0,0,https://www.google.com/search?tbm=isch&q=FESTO+534337
SEW EURODRIVE,MTF11A007-503-E21A-22/S12A/MTA11A-503-S*,MTF11A007-503-E21A-22/S12A/MTA11A-503-S*,24877.88,0,0,https://www.google.com/search?tbm=isch&q=SEW+EURODRIVE+MTF11A007-503-E21A-22/S12A/MTA11A-503-S*
FESTO,578346,NPQH-D-G38-Q10-P10 Push-in fitting,24865.44,0,0,https://www.google.com/search?tbm=isch&q=FESTO+578346
VARIOUS,NFC-FLEX110 12G1,NFC-FLEX110 12G1 Cable,24823.5,0,0,https://www.google.com/search?tbm=isch&q=VARIOUS+NFC-FLEX110+12G1
MITSUBISHI ELECTRIC,NF400-HEW 3P 200-400,NF400-HEW 3P 200-400 BREAKER,24823.04,0,0,https://www.google.com/search?tbm=isch&q=MITSUBISHI+ELECTRIC+NF400-HEW+3P+200-400
GSEE,EK4 EZ4-10M/P21/LG,EK4 EZ4-10M/P21/LG Cable,24810.0,0,0,https://www.google.com/search?tbm=isch&q=GSEE+EK4+EZ4-10M/P21/LG
RITTAL,3114.2,Digit.Schaltschrankinnentemperaturanzeig,24804.78,0,0,https://www.google.com/search?tbm=isch&q=RITTAL+3114.2
FESTO,51EF34GCQWNMKBQNNMKBNGKAQFS/45PAXP2-,Valve island,24784.74,0,0,https://www.google.com/search?tbm=isch&q=FESTO+51EF34GCQWNMKBQNNMKBNGKAQFS/45PAXP2-
LENZE,13554342,"Bremsmodul 180V DC, Baugr. 1-10",24783.6,0,0,https://www.google.com/search?tbm=isch&q=LENZE+13554342
FESTO,51EF44GCQWNMKBQNS/45PAXSSME2ASKSKJL,Valve island,24777.48,0,0,https://www.google.com/search?tbm=isch&q=FESTO+51EF44GCQWNMKBQNS/45PAXSSME2ASKSKJL
FESTO,51EF34GCQWNMKBQNNMKBNMKBNMKBNMKBNMK*****,Valve terminal VTSA-F Art.No.547965,24761.62,0,0,https://www.google.com/search?tbm=isch&q=FESTO+51EF34GCQWNMKBQNNMKBNMKBNMKBNMKBNMK*****
VARIOUS,1TEDN12B-RJ,1TEDN12B-RJ Tube Changzhou Ruijie,24760.0,0,0,https://www.google.com/search?tbm=isch&q=VARIOUS+1TEDN12B-RJ
VARIOUS,EGT001 L=1018,EGT_001 / L=1018 octagon profile SW80,24758.19,0,0,https://www.google.com/search?tbm=isch&q=VARIOUS+EGT001+L=1018
FESTO,51EF44GCQWNMKBNMKBNGKAQFS/45PAVSMEPM*,Ventilinsel VTSA-F Art.Nr.547965,24739.66,0,0,https://www.google.com/search?tbm=isch&q=FESTO+51EF44GCQWNMKBNMKBNGKAQFS/45PAVSMEPM*
TINGTE PIPE INDUSTRY,T0002500,T0002500 steel tube,24715.02,0,0,https://www.google.com/search?tbm=isch&q=TINGTE+PIPE+INDUSTRY+T0002500
WERMA,64420975,644 209 75 Continuous light element,24710.95,0,0,https://www.google.com/search?tbm=isch&q=WERMA+64420975
LEONI,LS-KU-A1-25M(PW),LS-KU-A1-25M(PW) Cable,24706.26,0,0,https://www.google.com/search?tbm=isch&q=LEONI+LS-KU-A1-25M(PW)
VARIOUS,BD491508RJ,BD491508RJ Connector Changzhou Ruijie,24702.6,0,0,https://www.google.com/search?tbm=isch&q=VARIOUS+BD491508RJ
GSEE,ELK4 EZ4-1M/P21/LG,ELK4 EZ4-1M/P21/LG Cable,24687.0,0,0,https://www.google.com/search?tbm=isch&q=GSEE+ELK4+EZ4-1M/P21/LG
SMC,MGPA63-50AZ,MGPA63-50AZ Cylinder,24682.0,0,0,https://www.google.com/search?tbm=isch&q=SMC+MGPA63-50AZ
STÄUBLI,100046315,100046315,24680.55,0,0,https://www.google.com/search?tbm=isch&q=STÄUBLI+100046315
SIEMENS,3SU1400-2AA10-3BA0,3SU1400-2AA10-3BA0 Contact module,24677.28,0,0,https://www.google.com/search?tbm=isch&q=SIEMENS+3SU1400-2AA10-3BA0
SEW EURODRIVE,13324551/50.0,"Geberkabel .m.2 St. MDX-B, 50m",24668.64,0,0,https://www.google.com/search?tbm=isch&q=SEW+EURODRIVE+13324551/50.0
LENZE,QEV111ACVON7,Netzfilter 18A,24665.84,0,0,https://www.google.com/search?tbm=isch&q=LENZE+QEV111ACVON7
VARIOUS,EGT001 L=1528,EGT_001 / L=1528 octagonal profile SW80,24644.14,0,0,https://www.google.com/search?tbm=isch&q=VARIOUS+EGT001+L=1528
SANKYO,15303500,SOBB-30 bush with collar,24624.0,0,0,https://www.google.com/search?tbm=isch&q=SANKYO+15303500
SMC,VV5QC41-09C10SD6F3N,VV5QC41-09C10SD6F3N VALVE,24574.0,0,0,https://www.google.com/search?tbm=isch&q=SMC+VV5QC41-09C10SD6F3N
GSEE,EK4 EZ4-1M/P01,EK4 EZ4-1M/P01 CABLE,24571.14,0,0,https://www.google.com/search?tbm=isch&q=GSEE+EK4+EZ4-1M/P01
SMC,VQC2201NR-5-X27,VQC2201NR-5-X27 solenoid valve,24529.0,0,0,https://www.google.com/search?tbm=isch&q=SMC+VQC2201NR-5-X27
PHOENIX,2866284,Mini DC/DC-Wandler primär getaktet,24510.75,0,0,https://www.google.com/search?tbm=isch&q=PHOENIX+2866284
FRONIUS,108253,108253 Prüfvorrichtung 500A und 330A,0,2882.76,0,https://www.google.com/search?tbm=isch&q=FRONIUS+108253
FESTO,51EF44GCQWNMKBQNNMKBNGKAQFS/45PAXP2,valve terminal VTSA-F art.no.547965,24498.18,0,0,https://www.google.com/search?tbm=isch&q=FESTO+51EF44GCQWNMKBQNNMKBNGKAQFS/45PAXP2
FESTO,51EF34GCQWNMKBQNNMKBNMKBNMKBNGKAQFS/4*'',valve terminal CPX/VTSA-F Art.Nr. 547965,24453.88,0,0,https://www.google.com/search?tbm=isch&q=FESTO+51EF34GCQWNMKBQNNMKBNMKBNMKBNGKAQFS/4*''
HARTING,9120063041,09120063041  Male insert Han Q 4/2,24440.0,0,0,https://www.google.com/search?tbm=isch&q=HARTING+9120063041
VARIOUS,TMLE2-2C10,TMLE2-2C10 Lock_Schlegel,24389.54,0,0,https://www.google.com/search?tbm=isch&q=VARIOUS+TMLE2-2C10
COLSON,6-6209-928-BRK1,6-6209-928-BRK1 Universal wheel,24310.0,0,0,https://www.google.com/search?tbm=isch&q=COLSON+6-6209-928-BRK1
SIEMENS,3RV2011-1DA10,"Leistungsschalt. S00, 2,2-3,2A",24301.28,0,0,https://www.google.com/search?tbm=isch&q=SIEMENS+3RV2011-1DA10
ESCHA,AL-WWAK4P3-3-AL-WAS4/S7400,M12 male straight connector/ 3M,24300.0,0,0,https://www.google.com/search?tbm=isch&q=ESCHA+AL-WWAK4P3-3-AL-WAS4/S7400
STÄUBLI,K81558228,K81558228 adapter flange 160/125 (BMW),24185.38,0,0,https://www.google.com/search?tbm=isch&q=STÄUBLI+K81558228
FESTO,51EF44GCQWNMKBNMKBNMKBNMKBNMKBNGKAQFS,51EF44GCQWNMKBNMKBNMKBNMKBNMKBNGKAQFS,24101.26,0,1,https://www.google.com/search?tbm=isch&q=FESTO+51EF44GCQWNMKBNMKBNMKBNMKBNMKBNGKAQFS
DESTACO,82L2G-303B700B,82L2G-303B700B clamp,24070.88,0,0,https://www.google.com/search?tbm=isch&q=DESTACO+82L2G-303B700B
SEW EURODRIVE,18118208/10.0,"Bremsmotorkabel DR, 10m",24057.61,0,1,https://www.google.com/search?tbm=isch&q=SEW+EURODRIVE+18118208/10.0
FESTO,51EF34GCQWNMKBQNNMKBNMKBNGKAQF-S/45PAXP*,valve terminal VTSA-F art.no.547965,24056.04,0,0,https://www.google.com/search?tbm=isch&q=FESTO+51EF34GCQWNMKBQNNMKBNMKBNGKAQF-S/45PAXP*
LEONI,B00761-00-27VS,B00761-00-27 Gelenkendstück,24054.0,0,0,https://www.google.com/search?tbm=isch&q=LEONI+B00761-00-27VS
DESTACO,82M-3E03H063L8,82M-3E03H063L8 POWER CLAMP,24033.74,0,0,https://www.google.com/search?tbm=isch&q=DESTACO+82M-3E03H063L8
VARIOUS,NFC-FLEX110 3G95,NFC-FLEX110 3G95 Cable,24013.0,0,0,https://www.google.com/search?tbm=isch&q=VARIOUS+NFC-FLEX110+3G95
TÜNKERS,319260,V 50.1 BR2 A80 T12 vario clamp,24000.0,0,0,https://www.google.com/search?tbm=isch&q=TÜNKERS+319260
SIEMENS,6AV2125-2JB23-0AX0,"SIMATIC HMI KTP900F MOBILE, 9.0'' TFT",23988.08,0,0,https://www.google.com/search?tbm=isch&q=SIEMENS+6AV2125-2JB23-0AX0
SCHNEIDER,VW3A3600,VW3A3600 Profinet communication card,23977.08,0,0,https://www.google.com/search?tbm=isch&q=SCHNEIDER+VW3A3600
FESTO,536372_125-A-P-A,ADN-100-125-A-P-A  Compact cylinder,23949.04,0,0,https://www.google.com/search?tbm=isch&q=FESTO+536372_125-A-P-A
SCHMALZ,10.02.02.03570,ASV SMPi/SCPi 2xM12-4 connector,23946.78,0,0,https://www.google.com/search?tbm=isch&q=SCHMALZ+10.02.02.03570
PARKER,3D082188B3,3D082-18-8B-3,23942.63,0,0,https://www.google.com/search?tbm=isch&q=PARKER+3D082188B3
HELUKABEL,10095,"Steuerleitung 5G1,5qmm",23917.08,0,0,https://www.google.com/search?tbm=isch&q=HELUKABEL+10095
FESTO,51EF34GCQWNMKBQNNMKBNMKBNMKBNGKAQFS/4**',valve terminal CPX/VTSA-F Art.Nr. 547965,23913.86,0,0,https://www.google.com/search?tbm=isch&q=FESTO+51EF34GCQWNMKBQNNMKBNMKBNMKBNGKAQFS/4**'
VARIOUS,347160,347160  Pipeline package,23893.8,0,0,https://www.google.com/search?tbm=isch&q=VARIOUS+347160
FEIN,ASW186PC,ASW 18-6 PC charging gun,23893.8,0,0,https://www.google.com/search?tbm=isch&q=FEIN+ASW186PC
VARIOUS,347168,347168 Pipeline package,23893.8,0,0,https://www.google.com/search?tbm=isch&q=VARIOUS+347168
ETA,X22375532,SET 18PLUS-30-V01,23847.2,0,0,https://www.google.com/search?tbm=isch&q=ETA+X22375532
SEW EURODRIVE,18250149,18250149 Interface box,23830.8,0,0,https://www.google.com/search?tbm=isch&q=SEW+EURODRIVE+18250149
WERMA,649.800.04,Signalsäule kpl. LED-Dauerlichtel. gn+bl,23809.44,0,0,https://www.google.com/search?tbm=isch&q=WERMA+649.800.04
DANFOSS,FC-302P7K5T5E20H2BGCXXXS067XALBRCXXXXD0,FC-302P7K5T5E20H2BGCXXXS067XALBRCXXXXD0,23806.2,0,0,https://www.google.com/search?tbm=isch&q=DANFOSS+FC-302P7K5T5E20H2BGCXXXS067XALBRCXXXXD0
FESTO,51ENMKBQWF44GCQNNGKAQFS/45PAXP2SMEPPBJLP,valve terminal VTSA-F art.no.547965,23734.77,0,0,https://www.google.com/search?tbm=isch&q=FESTO+51ENMKBQWF44GCQNNGKAQFS/45PAXP2SMEPPBJLP
VARIOUS,NFC-FLEX 803 CY 2X(2X0.75)+2X0.75,NFC-FLEX 803 CY 2x(2x0.75)+2x0.75 Cable,23715.0,0,0,https://www.google.com/search?tbm=isch&q=VARIOUS+NFC-FLEX+803+CY+2X(2X0.75)+2X0.75
ESCHA,AL-WWAK4P3.1-1-AL-WAS4/S740,AL-WWAK4P3.1-1-AL-WAS4/S740 Connector,23700.0,0,0,https://www.google.com/search?tbm=isch&q=ESCHA+AL-WWAK4P3.1-1-AL-WAS4/S740
DESTACO,82M-3E030050K8ALR25,82M-3E030050K8ALR25 clamp 135°,23695.03,0,0,https://www.google.com/search?tbm=isch&q=DESTACO+82M-3E030050K8ALR25
HIRSCHMANN,26450,SFLCP35 Trunnion,0,2782.08,0,https://www.google.com/search?tbm=isch&q=HIRSCHMANN+26450
BREMER,224 5001/101 1961,"NTZ 200 s intermediate cam H=12,5 mm",23643.99,138.24,0,https://www.google.com/search?tbm=isch&q=BREMER+224+5001/101+1961
FESTO,51EF34GCQWNMKBQNNMKBNMKBNMKBNMKBNGKAQFS?,Valve terminal VTSA-F Art.No.547965,23586.06,0,0,https://www.google.com/search?tbm=isch&q=FESTO+51EF34GCQWNMKBQNNMKBNMKBNMKBNMKBNGKAQFS?
LUMBERG,RST4-RKWT/LEDR4-9029/2M,RST4-RKWT/LEDR4-9029/2M CABLE,23560.0,0,0,https://www.google.com/search?tbm=isch&q=LUMBERG+RST4-RKWT/LEDR4-9029/2M
FESTO,51EF44GCQWNMKBNLKAS/45PAVSMEPPATS2LJLVBW,valve terminal VTSA-F art.no.547965,23541.9,0,0,https://www.google.com/search?tbm=isch&q=FESTO+51EF44GCQWNMKBNLKAS/45PAVSMEPPATS2LJLVBW
EUCHNER,95993,Leitung mit Buchsenstecker 30m,23536.85,0,0,https://www.google.com/search?tbm=isch&q=EUCHNER+95993
FESTO,51EF44GCQWNMKBQNNMKBNLKAS/45PAXSSME3A***,valve terminal VSTA-F-FB Art.Nr. 547965,23522.16,0,0,https://www.google.com/search?tbm=isch&q=FESTO+51EF44GCQWNMKBQNNMKBNLKAS/45PAXSSME3A***
INA,KRV30-X-PP,KRV-30-X-PP ZYLINDRISCHE ROLLE,23520.0,0,0,https://www.google.com/search?tbm=isch&q=INA+KRV30-X-PP
VARIOUS,PTM40X75,PTM40X75,23500.0,0,0,https://www.google.com/search?tbm=isch&q=VARIOUS+PTM40X75
SMC,C-VQM2-00000444W28-EBBBLLUXX,C-VQM2-00000444W28-EBBBLLUXX Valve,23470.0,0,0,https://www.google.com/search?tbm=isch&q=SMC+C-VQM2-00000444W28-EBBBLLUXX
VARIOUS,DC63VA92S12,DC63VA92S12,23454.41,0,0,https://www.google.com/search?tbm=isch&q=VARIOUS+DC63VA92S12
FESTO,51EF34GCQWNMKBQNNMKBNMKBNMKBNMKBNLKAS/,valve terminal VTSA-F art.no.547965,23350.22,0,0,https://www.google.com/search?tbm=isch&q=FESTO+51EF34GCQWNMKBQNNMKBNMKBNMKBNMKBNLKAS/
JEAN MUELLER,P30*5-2400,P30*5-2400 Bust,23286.09,0,0,https://www.google.com/search?tbm=isch&q=JEAN+MUELLER+P30*5-2400
FESTO,51EF44GCQWNMKBQN-6NMKB-NGKAQFS**,Ventilinsel VTSA-F Art.Nr.547965,23273.33,0,0,https://www.google.com/search?tbm=isch&q=FESTO+51EF44GCQWNMKBQN-6NMKB-NGKAQFS**
THK,HSR30 A 2  SS +5760L-II,HSR30 A 2  SS +5760L-II,23256.64,0,0,https://www.google.com/search?tbm=isch&q=THK+HSR30+A+2++SS++5760L-II
WOEHNER,32157,32157 adapter,23250.96,0,0,https://www.google.com/search?tbm=isch&q=WOEHNER+32157
BELDEN,3G10 G8U,3G10 G8U  CABLE,23250.0,0,0,https://www.google.com/search?tbm=isch&q=BELDEN+3G10+G8U
EATON,286052,"Hilfsschalter 1S+1Ö, 230V",23223.96,0,0,https://www.google.com/search?tbm=isch&q=EATON+286052
EAGTOP ELECTRONIC,R.BRU.10K0.0025.A0012A,(10KW/25R)*1  Braking resistance,23203.55,0,0,https://www.google.com/search?tbm=isch&q=EAGTOP+ELECTRONIC+R.BRU.10K0.0025.A0012A
FESTO,2900543,CPX-CTEL-2-M12-5POL-LK Conex. eléctrica,23195.77,0,0,https://www.google.com/search?tbm=isch&q=FESTO+2900543
SIEMENS,3RT2016-1BB44-3MA0,3RT2016-1BB44-3MA0 Contactor,23187.2,0,0,https://www.google.com/search?tbm=isch&q=SIEMENS+3RT2016-1BB44-3MA0
LEUZE,53800130,BTU800M Mounting system,23181.49,0,0,https://www.google.com/search?tbm=isch&q=LEUZE+53800130
FESTO,539162,VSVA-B-P53C-ZD-A1-1T1L Solenoid valve,23135.8,0,0,https://www.google.com/search?tbm=isch&q=FESTO+539162
NORELEM,"08900-A45,00X30","DIN179_08900_A45,00x30 DRILL BUSH",23109.76,0,1,"https://www.google.com/search?tbm=isch&q=NORELEM+08900-A45,00X30"
LENZE,E84AVTCE2234VB0,E84AVTCE2234VB0  Converter,23083.51,0,0,https://www.google.com/search?tbm=isch&q=LENZE+E84AVTCE2234VB0
FESTO,51EF44GCQWNMKBQNNMKBNMKBNMKBNMKBNMKBNMK*,valve terminal VTSA-F art.no.547965,23069.87,0,0,https://www.google.com/search?tbm=isch&q=FESTO+51EF44GCQWNMKBQNNMKBNMKBNMKBNMKBNMKBNMK*
FESTO,51EF44GCQWNMKBQN-6NMKB-NGKAQFS*,Ventilinsel VTSA-F Art.Nr.547965,23069.87,0,0,https://www.google.com/search?tbm=isch&q=FESTO+51EF44GCQWNMKBQN-6NMKB-NGKAQFS*
AUTOSTAT,77001551,Typ 7230/6 Federzug 16-21kg AUTOSTAT,0,2713.52,0,https://www.google.com/search?tbm=isch&q=AUTOSTAT+77001551
FESTO,51EF34GCQWNMKBQNNMKBNMKBNGKAQFS/45PAVU-,Valve island,23043.2,0,0,https://www.google.com/search?tbm=isch&q=FESTO+51EF34GCQWNMKBQNNMKBNMKBNGKAQFS/45PAVU-
LUMBERG,RST4-RKT4-9029/4M,RST4-RKT4-9029/4M CABLE,23028.0,0,0,https://www.google.com/search?tbm=isch&q=LUMBERG+RST4-RKT4-9029/4M
TÜNKERS,EGT_TYP-A,EGT_TYP-A,23016.0,0,0,https://www.google.com/search?tbm=isch&q=TÜNKERS+EGT_TYP-A
RITTAL,9343.01,SV9343.010 Circuit-breaker component ada,22998.66,0,0,https://www.google.com/search?tbm=isch&q=RITTAL+9343.01
FESTO,51EF33GCQPNMKBNMKBNMKBT/45P-R-XS-SME-3B-,valve terminal VTSA-F-FB Art.Nr.547965,22992.68,0,0,https://www.google.com/search?tbm=isch&q=FESTO+51EF33GCQPNMKBNMKBNMKBT/45P-R-XS-SME-3B-
FESTO,51EF44GCQWNMKBQNNMKBNMKBS/45PAVU4B7JL,valve terminal VTSA-F art.no.547965,22988.37,0,0,https://www.google.com/search?tbm=isch&q=FESTO+51EF44GCQWNMKBQNNMKBNMKBS/45PAVU4B7JL
ESCHA,AL-WAK4.5-5-AL-WAS4/S740YE/S600,AL-WAK4.5-5-AL-WAS4/S740YE/S600 Cable,22950.0,0,0,https://www.google.com/search?tbm=isch&q=ESCHA+AL-WAK4.5-5-AL-WAS4/S740YE/S600
SMC,TRB1209B20,TRB1209B-20 Tube black - flame-resist.,22946.0,0,0,https://www.google.com/search?tbm=isch&q=SMC+TRB1209B20
FIBRO,2085.71.055.040,2085.71.055.040 Führungsbuchse mit Bund,0,2695.28,0,https://www.google.com/search?tbm=isch&q=FIBRO+2085.71.055.040
LENZE,QEV111ACZJIM,"Motorleitung Servoumrichter 9400, 15m",22906.3,0,0,https://www.google.com/search?tbm=isch&q=LENZE+QEV111ACZJIM
LAPP,35172,Unitronic Liyy 4x2x0.5mm²,22897.0,0,0,https://www.google.com/search?tbm=isch&q=LAPP+35172
JEAN MUELLER,D0002602,"Neozed fuse link 400V gl.size D02,25A",22884.93,0,0,https://www.google.com/search?tbm=isch&q=JEAN+MUELLER+D0002602
FESTO,51EF34GCQWNMKBQNNMKBNMKBNMKBNMKBNGKAQFS%,Valve terminal VTSA-F Art.No.547965,22882.5,0,0,https://www.google.com/search?tbm=isch&q=FESTO+51EF34GCQWNMKBQNNMKBNMKBNMKBNMKBNGKAQFS%
FESTO,174414,ZNCF-63 Trunnion flange,22879.7,0,0,https://www.google.com/search?tbm=isch&q=FESTO+174414
SMC,MHM-25D-P3DWASE,MHM-25D-P3DWASE MAGNET,22854.0,0,0,https://www.google.com/search?tbm=isch&q=SMC+MHM-25D-P3DWASE
RITTAL,3525.01,"PLS 800 Spezial-Sammelschie.,Länge:895mm",22812.16,0,0,https://www.google.com/search?tbm=isch&q=RITTAL+3525.01
GSEE,EK4 EZ4-2M/GSC,EK4 EZ4-2M/GSC,22797.6,0,0,https://www.google.com/search?tbm=isch&q=GSEE+EK4+EZ4-2M/GSC
SMC,CVQM400000444WP0EBBBBBBLL,C-VQM4-00000444WP0-EBBBBBBLL valve islan,22792.0,0,0,https://www.google.com/search?tbm=isch&q=SMC+CVQM400000444WP0EBBBBBBLL
FESTO,51EF34GCQWNMKBQNS/45PAVU2A2J2L,valve unit,22784.4,0,0,https://www.google.com/search?tbm=isch&q=FESTO+51EF34GCQWNMKBQNS/45PAVU2A2J2L
SMC,C-VQM4-00000444WC0-EBBLL,C-VQM4-00000444WC0-EBBLL,22730.0,0,0,https://www.google.com/search?tbm=isch&q=SMC+C-VQM4-00000444WC0-EBBLL
DESTACO,52H-3E03H050K8AMS25,52H-3E03H050K8AMS25 clamp 120°,22701.36,0,0,https://www.google.com/search?tbm=isch&q=DESTACO+52H-3E03H050K8AMS25
ESCHA,8086445,AL-WWAK4P3.2-5-AL-WAS4/S370/S8080,22700.0,0,0,https://www.google.com/search?tbm=isch&q=ESCHA+8086445
HILTI,293053,TE-YX 18/52 Hammer Driller,22689.02,0,0,https://www.google.com/search?tbm=isch&q=HILTI+293053
MARVTECH,13120119,T-MM5-2MF5/HBK Connector,22655.0,0,0,https://www.google.com/search?tbm=isch&q=MARVTECH+13120119
VARIOUS,LC 5G6,LC 5G6 Cable,22629.01,0,0,https://www.google.com/search?tbm=isch&q=VARIOUS+LC+5G6
FESTO,51EF34GCQWNMKBQNNMKBNMKBNMKBNGKAQFS/4***,Valve terminal VTSA-F Art.No.547965,22622.9,0,0,https://www.google.com/search?tbm=isch&q=FESTO+51EF34GCQWNMKBQNNMKBNMKBNMKBNGKAQFS/4***
LEUZE,50129537,HT10L1.3/L69-M12 Taster Hintergrunda.,22619.4,0,0,https://www.google.com/search?tbm=isch&q=LEUZE+50129537
FESTO,51EF34GCQWNMKBQNNMKBNGKAQFS/45PAVLUX4B4J,Valve island,22609.88,0,0,https://www.google.com/search?tbm=isch&q=FESTO+51EF34GCQWNMKBQNNMKBNGKAQFS/45PAVLUX4B4J
VARIOUS,NFC-FLEX110 5G1,NFC-FLEX110 5G1 Cable,22572.0,0,0,https://www.google.com/search?tbm=isch&q=VARIOUS+NFC-FLEX110+5G1
LAPP,4521003,4521003 H07V-K 50mm² GNYE cable,22550.0,0,0,https://www.google.com/search?tbm=isch&q=LAPP+4521003
SIEMENS,6EP4436-8XB00-0CY0,SITOP CNX8600 4x5A Erweiterungsmodul,22550.0,0,0,https://www.google.com/search?tbm=isch&q=SIEMENS+6EP4436-8XB00-0CY0
FESTO,51EF34GCQWNMKBQNNMKBNMKBNLKANGKAQFS/_',Valve island,22543.58,0,0,https://www.google.com/search?tbm=isch&q=FESTO+51EF34GCQWNMKBQNNMKBNMKBNLKANGKAQFS/_'
KUNSHAN SVLEC ELECTRIC,940041YE-155-0060,Cable M12 M12 0.6m yellow 5-pin yellow,22539.0,0,3,https://www.google.com/search?tbm=isch&q=KUNSHAN+SVLEC+ELECTRIC+940041YE-155-0060
FESTO,51EF34GCQWNMKBQNNMKBNGKAQFS/45PAVLUX6B4J,Valve island,22515.98,0,0,https://www.google.com/search?tbm=isch&q=FESTO+51EF34GCQWNMKBQNNMKBNGKAQFS/45PAVLUX6B4J
VARIOUS,ZRMST20MM,ZRMST20MM Fireproof felt tape,22502.66,0,0,https://www.google.com/search?tbm=isch&q=VARIOUS+ZRMST20MM
NSK,FCR-80,FCR-80 guide roller,22500.0,0,0,https://www.google.com/search?tbm=isch&q=NSK+FCR-80
VARIOUS,NFC-FLEX110 CY 4G1.5,NFC-FLEX110 CY 4G1.5 Cable,22497.6,0,0,https://www.google.com/search?tbm=isch&q=VARIOUS+NFC-FLEX110+CY+4G1.5
FESTO,197386,"PUN-H-10x1,5-BL plastic tubing",22493.84,0,0,https://www.google.com/search?tbm=isch&q=FESTO+197386
BALLUFF,BNL02HT,BNL 5307-120-06-0090 Nockenleiste,22457.16,0,0,https://www.google.com/search?tbm=isch&q=BALLUFF+BNL02HT
CAMOZZI,652210-3/8,6522 10-3/8 connector,22442.94,0,0,https://www.google.com/search?tbm=isch&q=CAMOZZI+652210-3/8
FESTO,51EF34GCQWNMKBQNNMKBNMKBNGKAQFS/45PA**,valve terminal CPX/VTSA-F Art.Nr. 547965,22369.42,0,0,https://www.google.com/search?tbm=isch&q=FESTO+51EF34GCQWNMKBQNNMKBNMKBNGKAQFS/45PA**
FESTO,51EF44GCQWNMKBQNNMKBS/45PAVU2A2J2L,valve terminal VSTA-F-FB Art.Nr. 547965,22347.05,0,0,https://www.google.com/search?tbm=isch&q=FESTO+51EF44GCQWNMKBQNNMKBS/45PAVU2A2J2L
FESTO,51EF34GCQWNMKBNMKBNMKBNGKAQFS/45PAVU3B5J,valve island,22318.24,0,0,https://www.google.com/search?tbm=isch&q=FESTO+51EF34GCQWNMKBNMKBNMKBNGKAQFS/45PAVU3B5J
FESTO,51ENMKBQWF34GCQNNGKAQFS/45PA****,valve terminal VTSA-F Art.Nr.547965,22289.66,0,0,https://www.google.com/search?tbm=isch&q=FESTO+51ENMKBQWF34GCQNNGKAQFS/45PA****
RITTAL,3584,"SV3584.000 BUSBAR, 30x5mm",22283.54,0,0,https://www.google.com/search?tbm=isch&q=RITTAL+3584
SVS SCHWEIßTECHNIK,59237616,59237616 Elektrodenfräseinrichtung,0,2619.71,0,https://www.google.com/search?tbm=isch&q=SVS+SCHWEIßTECHNIK+59237616
RITTAL,8602.8,TS8602.800 base for cabinet (front back),22254.45,0,0,https://www.google.com/search?tbm=isch&q=RITTAL+8602.8
TINGTE PIPE INDUSTRY,T1306518,T1306518 connector,22248.72,0,0,https://www.google.com/search?tbm=isch&q=TINGTE+PIPE+INDUSTRY+T1306518
FESTO,51EF34GCQWNMKBQNNMKBNMKBNMKBNGKAQF-S***,Valve terminal VTSA-F Art.No.547965,22246.4,0,0,https://www.google.com/search?tbm=isch&q=FESTO+51EF34GCQWNMKBQNNMKBNMKBNMKBNGKAQF-S***
MARVTECH,10122125,EDM4-2-EDM4/PN21/HBK Cable,22245.3,0,0,https://www.google.com/search?tbm=isch&q=MARVTECH+10122125
FESTO,1383580,DSBC-063-0050-PPVA-N3 Cylinder,22213.24,0,0,https://www.google.com/search?tbm=isch&q=FESTO+1383580
SIEMENS,3RV2021-1JA15,"Circuit breaker, S00, class 10, 7-10A, 1",22193.3,0,0,https://www.google.com/search?tbm=isch&q=SIEMENS+3RV2021-1JA15
KOCO,FL8D,FL8D Wheel,22190.0,0,0,https://www.google.com/search?tbm=isch&q=KOCO+FL8D
VARIOUS,RV 16MM² GNYE,RV 16mm² GNYE cable,22188.0,0,0,https://www.google.com/search?tbm=isch&q=VARIOUS+RV+16MM²+GNYE
SCHMALZ,10.06.02.00633,10.06.02.00633  sensor,22126.6,0,0,https://www.google.com/search?tbm=isch&q=SCHMALZ+10.06.02.00633
SMC,CVQM400000044WP0EBBBL,C-VQM4-00000044WP0-EBBBL valve island,22124.0,0,0,https://www.google.com/search?tbm=isch&q=SMC+CVQM400000044WP0EBBBL
RITTAL,1376.5,AE1376.500 COMPACT ENCL. 600x760x350mm,22123.5,0,0,https://www.google.com/search?tbm=isch&q=RITTAL+1376.5
SEW EURODRIVE,MTA11A-503-S523-D01-00,Movifit SC， ABOX power unit,22090.11,0,0,https://www.google.com/search?tbm=isch&q=SEW+EURODRIVE+MTA11A-503-S523-D01-00
FESTO,176948,SNCB-80-R3,22089.6,0,0,https://www.google.com/search?tbm=isch&q=FESTO+176948
MITSUBISHI ELECTRIC,NF30-CS 3P 30A WW,NF30-CS 3P 30A WW Breaker,22084.09,0,0,https://www.google.com/search?tbm=isch&q=MITSUBISHI+ELECTRIC+NF30-CS+3P+30A+WW
FESTO,51EF44GCQWNMKBNMKBNMKBNMKBNMKBS/**,ValveTerminal Art.Nr.547965,22081.42,0,0,https://www.google.com/search?tbm=isch&q=FESTO+51EF44GCQWNMKBNMKBNMKBNMKBNMKBS/**
SMC,VQC4701R-5-X11,"VQC4701R-5-X11 SOLENOID VALVE, 5-PORT",22076.0,0,0,https://www.google.com/search?tbm=isch&q=SMC+VQC4701R-5-X11
PARKER,VW39D12566RL,VW39D1256-6-RL self-fastening hose,22050.0,0,0,https://www.google.com/search?tbm=isch&q=PARKER+VW39D12566RL
SMC,SY7220-5DZ-C10,SY7220-5DZ-C10,22050.0,0,0,https://www.google.com/search?tbm=isch&q=SMC+SY7220-5DZ-C10
VARIOUS,MMSTH 8-95,sikaflex-11fc(pro)white 600ml,22007.79,0,0,https://www.google.com/search?tbm=isch&q=VARIOUS+MMSTH+8-95
KTR,RADEX 80 70,RADEX 80 70 coupling,0,2586.48,0,https://www.google.com/search?tbm=isch&q=KTR+RADEX+80+70
FESTO,150292,FENG-50-400-KF bracket,21971.82,0,0,https://www.google.com/search?tbm=isch&q=FESTO+150292
VARIOUS,M23-12FS-B7410-35M,M23-12FS-B7410-35M cable,21960.0,0,0,https://www.google.com/search?tbm=isch&q=VARIOUS+M23-12FS-B7410-35M
FESTO,51EF34GCQWNMKBQNNMKBS* *,valve terminal CPX/VTSA-F Art.Nr. 547965,21945.66,0,0,https://www.google.com/search?tbm=isch&q=FESTO+51EF34GCQWNMKBQNNMKBS*+*
MULTI CONTACT,30.4058,30.4058 RobiFix-A-TAE1 Adapt.Welding gun,21936.97,0,0,https://www.google.com/search?tbm=isch&q=MULTI+CONTACT+30.4058
FESTO,51EF44GCQWNMKBQNNMKBNMKBNMKBS/45PAVU4B6_,valve terminal VSTA-F-FB Art.Nr. 547965,21930.27,0,0,https://www.google.com/search?tbm=isch&q=FESTO+51EF44GCQWNMKBQNNMKBNMKBNMKBS/45PAVU4B6_
DESTACO,82M-3E03006AL8,82M-3E03006AL8 clamp,21881.12,0,0,https://www.google.com/search?tbm=isch&q=DESTACO+82M-3E03006AL8
MARVTECH,10121946,EAF5-5-EAM5/RF01/HBK Cable,21876.0,0,0,https://www.google.com/search?tbm=isch&q=MARVTECH+10121946
VARIOUS,DCM63VA90S00,DCM63VA90S00,21866.0,0,0,https://www.google.com/search?tbm=isch&q=VARIOUS+DCM63VA90S00
SMC,MGPM63TF-50Z,MGPM63TF-50Z cylinder,21860.0,0,0,https://www.google.com/search?tbm=isch&q=SMC+MGPM63TF-50Z
INA,22230-E1-XL-K,22230-E1-XL-K bearing,21858.4,0,0,https://www.google.com/search?tbm=isch&q=INA+22230-E1-XL-K
FESTO,51EF44GCQWNMKBNMKBNMKBNMKBNMKBNGKAQFS***,Ventilinsel VTSA-F Art.Nr.547965,21838.06,0,0,https://www.google.com/search?tbm=isch&q=FESTO+51EF44GCQWNMKBNMKBNMKBNMKBNMKBNGKAQFS***
FESTO,6842,U-1/4-B silencer,21833.83,0,0,https://www.google.com/search?tbm=isch&q=FESTO+6842
FESTO,51EF34GCQWNMKBNMKBS45PAVU4A6J2L,valve terminal VTSA-F art.no.547965,21790.88,0,0,https://www.google.com/search?tbm=isch&q=FESTO+51EF34GCQWNMKBNMKBS45PAVU4A6J2L
VARIOUS,NFC-FLEX110 18G1,NFC-FLEX110 18G1 Cable,21732.0,0,0,https://www.google.com/search?tbm=isch&q=VARIOUS+NFC-FLEX110+18G1
VARIOUS,NSX400F/3P 400A(MIC2.3),EBC-Ⅲ-NSX400F/3P400A(Mic2.3),21727.04,0,0,https://www.google.com/search?tbm=isch&q=VARIOUS+NSX400F/3P+400A(MIC2.3)
UNIVER,UBP50VEE,UBP50VEE Universal clamp size 50,21700.0,0,0,https://www.google.com/search?tbm=isch&q=UNIVER+UBP50VEE
ROSE,17.0410908,"Klemmkast. PCF für 35 Klemmen,",21699.1,0,0,https://www.google.com/search?tbm=isch&q=ROSE+17.0410908
EUCHNER,77025,RC18EF-C1825 Female plug RC18,21690.06,0,0,https://www.google.com/search?tbm=isch&q=EUCHNER+77025
VARIOUS,347369,347369  Pipeline package,21681.42,0,0,https://www.google.com/search?tbm=isch&q=VARIOUS+347369
VARIOUS,347368,347368 Pipeline package,21681.42,0,0,https://www.google.com/search?tbm=isch&q=VARIOUS+347368
FESTO,151180,GRLA-3/4-B One-way flow control valve,21655.68,0,0,https://www.google.com/search?tbm=isch&q=FESTO+151180
TURCK,RKM52-20-RSM52/WXS2204,RKM52-20-RSM52/WXS2204 Cable,21625.0,0,0,https://www.google.com/search?tbm=isch&q=TURCK+RKM52-20-RSM52/WXS2204
FESTO,558672,NPQM-D-G12-Q12-P10 Push-in fitting,21594.19,0,0,https://www.google.com/search?tbm=isch&q=FESTO+558672
FESTO,51EF44GCQWNMKBQNNMKBNMKBNLKANGKAQFS/45PA,Valve island,21587.24,0,0,https://www.google.com/search?tbm=isch&q=FESTO+51EF44GCQWNMKBQNNMKBNMKBNLKANGKAQFS/45PA
SMC,C-VQM2-00000444W28-EBBLLUX,C-VQM2-00000444W28-EBBLLUX Valve,21562.0,0,0,https://www.google.com/search?tbm=isch&q=SMC+C-VQM2-00000444W28-EBBLLUX
FESTO,51EF44GCQWNMKBQNNMKBNMKBNLKANGKAQFS/4*,Valve island,21526.8,0,0,https://www.google.com/search?tbm=isch&q=FESTO+51EF44GCQWNMKBQNNMKBNMKBNLKANGKAQFS/4*
FESTO,51EF44GCQWNMKBQNNMKBNMKBNMKBS/45PAXSLSME,Valve island,21525.16,0,0,https://www.google.com/search?tbm=isch&q=FESTO+51EF44GCQWNMKBQNNMKBNMKBNMKBS/45PAXSLSME
FESTO,51EF44GCQWNMKBNMKBNMKBNMKBNMKBNLKANGKAQF,valve terminal VTSA-F art.no.547965,21471.64,0,0,https://www.google.com/search?tbm=isch&q=FESTO+51EF44GCQWNMKBNMKBNMKBNMKBNMKBNLKANGKAQF
SIEMENS,3RK1903-3BA02,Powermodul PM-D F,21451.34,0,0,https://www.google.com/search?tbm=isch&q=SIEMENS+3RK1903-3BA02
SICK,1211472,C4C-EA06010A10000 LICHTVORHANG,21402.66,0,0,https://www.google.com/search?tbm=isch&q=SICK+1211472
TÜNKERS,V 80.1 A10 T12 45-135°,V 80.1 A10 T12 45-135° clamp,21400.0,0,0,https://www.google.com/search?tbm=isch&q=TÜNKERS+V+80.1+A10+T12+45-135°
AUTO,ATB-009A,ATB-009A Balancer,21371.7,0,0,https://www.google.com/search?tbm=isch&q=AUTO+ATB-009A
CONTRINEX,620-200-578,LTS-1180L-104 Näherungsschalter,0,2512.8,0,https://www.google.com/search?tbm=isch&q=CONTRINEX+620-200-578
AUTOSTAT,77000610,Typ 7230/3 Federzug 6-10kg AUTOSTAT,0,2505.91,0,https://www.google.com/search?tbm=isch&q=AUTOSTAT+77000610
MISUMI,LHFC40,LHFC40 Bearing,21228.0,0,0,https://www.google.com/search?tbm=isch&q=MISUMI+LHFC40
FESTO,51EF34GCQWNMKBQNNGKAQFS/45PAXP2UPN2BOZO*,Valve island,21204.08,0,0,https://www.google.com/search?tbm=isch&q=FESTO+51EF34GCQWNMKBQNNGKAQFS/45PAXP2UPN2BOZO*
TÜNKERS,MSZK 40 T00 40 HUB,MSZK 40 T00 stroke 40 pin cylinder,21200.0,0,0,https://www.google.com/search?tbm=isch&q=TÜNKERS+MSZK+40+T00+40+HUB
SIEMENS,6AV7674-1ME00-0AA0,6AV7674-1ME00-0AA0,21196.48,0,0,https://www.google.com/search?tbm=isch&q=SIEMENS+6AV7674-1ME00-0AA0
SMC,ASP530F-F03-10S,"ASP530F-F03-10S stop valve 3/8""",21174.0,0,0,https://www.google.com/search?tbm=isch&q=SMC+ASP530F-F03-10S
ROLLON,DSS35-14101454,DSS35-14101454 rail,21136.0,0,0,https://www.google.com/search?tbm=isch&q=ROLLON+DSS35-14101454
DESTACO,86P60-205D800B,86P60-205D800B pin cylinder,21135.14,0,0,https://www.google.com/search?tbm=isch&q=DESTACO+86P60-205D800B
MISUMI,CHJSM65,CHJSM65 casters,21095.88,0,0,https://www.google.com/search?tbm=isch&q=MISUMI+CHJSM65
BOSCH,602494601,ANGLE EXACT ION 15-500 screwdriver,21088.94,0,0,https://www.google.com/search?tbm=isch&q=BOSCH+602494601
DESTACO,82M-3E230080K8ULS20,82M-3E230080K8ULS20 power clamp 105°,21085.29,0,0,https://www.google.com/search?tbm=isch&q=DESTACO+82M-3E230080K8ULS20
PHOENIX,3031322,3031322 Spr.Clamp Y/G ST2.5 Quattro PE,21075.0,0,0,https://www.google.com/search?tbm=isch&q=PHOENIX+3031322
SMC,MGPA63-50Z,MGPA63-50Z Cylinder,21072.0,0,0,https://www.google.com/search?tbm=isch&q=SMC+MGPA63-50Z
FESTO,51EF44GCQWNMKBQNNMKBNGKAQFS/45PAXP2SMEP*,Ventilinsel VTSA-F Art.Nr.547965,21054.32,0,0,https://www.google.com/search?tbm=isch&q=FESTO+51EF44GCQWNMKBQNNMKBNGKAQFS/45PAXP2SMEP*
SEW EURODRIVE,CMP71S/BP/PK/AK1H/SB1,CMP71S/BP/PK/AK1H/SB1 Synchronmotor,21053.1,0,0,https://www.google.com/search?tbm=isch&q=SEW+EURODRIVE+CMP71S/BP/PK/AK1H/SB1
FESTO,1365947,1365947 Verkettungsblock LWL Repeater,21000.0,0,0,https://www.google.com/search?tbm=isch&q=FESTO+1365947
TURCK,RKC4.5T-5-RSC4.5T/TXO,RKC4.5T-5-RSC4.5T/TXO Cable,21000.0,0,0,https://www.google.com/search?tbm=isch&q=TURCK+RKC4.5T-5-RSC4.5T/TXO
FESTO,6822,SEU-1/2 Schnellentlüftungsventil,20999.5,0,0,https://www.google.com/search?tbm=isch&q=FESTO+6822
EAGTOP ELECTRONIC,R.BRU.2K60.ZZ05.A0012A,(500W/100R)*4+(600W/100R)*1 resistance,20987.78,0,0,https://www.google.com/search?tbm=isch&q=EAGTOP+ELECTRONIC+R.BRU.2K60.ZZ05.A0012A
FESTO,184587,HAB-3/8 MANUAL OVERRIDE 184587,20983.36,0,0,https://www.google.com/search?tbm=isch&q=FESTO+184587
FESTO,51EF34GCQWNMKBQNNMKBNMKBNMKBNLKAS*****,valve terminal VTSA-F art.no.547965,20958.92,0,0,https://www.google.com/search?tbm=isch&q=FESTO+51EF34GCQWNMKBQNNMKBNMKBNMKBNLKAS*****
TÜNKERS,3010102985,3010102985 K 60 UZ T12 A19.9 L4=70+5.5 C,20932.56,0,0,https://www.google.com/search?tbm=isch&q=TÜNKERS+3010102985
FESTO,51EF44GCQWNMKBNMKBNGKAQFS/45PAXP2SMEPM3B,valve terminal VTSA-F art.no.547965,20921.52,0,0,https://www.google.com/search?tbm=isch&q=FESTO+51EF44GCQWNMKBNMKBNGKAQFS/45PAXP2SMEPM3B
FESTO,193151,GRLA-3/8-QS-10-D one-way flow control,20908.24,0,0,https://www.google.com/search?tbm=isch&q=FESTO+193151
LUMBERG,RSRK 50-6677/20M,cable gray 5core 7/8 male-7/8female 20M,20890.0,0,0,https://www.google.com/search?tbm=isch&q=LUMBERG+RSRK+50-6677/20M
LENZE,QEV111ACZJIQ,"Motorleitung Servoumrichter 9400,  25m",20884.22,0,0,https://www.google.com/search?tbm=isch&q=LENZE+QEV111ACZJIQ
SEW EURODRIVE,28218264,2 821 826 4 PZM2xA-A220-D04-00,20869.63,0,0,https://www.google.com/search?tbm=isch&q=SEW+EURODRIVE+28218264
WEIDMUELLER,2599690000,UR67-PN-V14-POF-8DIDO-12 Sensor,20830.8,0,0,https://www.google.com/search?tbm=isch&q=WEIDMUELLER+2599690000
VARIOUS,PTM50X100,PTM50X100,20800.0,0,0,https://www.google.com/search?tbm=isch&q=VARIOUS+PTM50X100
CAPTRON,CHT4-05XP-H/TG-SR,CHT4-05XP-H/TG-SR reset button,0,2447.0,0,https://www.google.com/search?tbm=isch&q=CAPTRON+CHT4-05XP-H/TG-SR
SMC,C-VQM4-00000444WC0-EBBBL,C-VQM4-00000444WC0-EBBBL Valve,20788.0,0,0,https://www.google.com/search?tbm=isch&q=SMC+C-VQM4-00000444WC0-EBBBL
FRONIUS,108326,108326 Verschleißteilpaket 500A,0,2444.63,0,https://www.google.com/search?tbm=isch&q=FRONIUS+108326
THK,SHS55C2ZZ+300L G=30,SHS55C2ZZ+300L G=30 Rail,20700.0,0,0,https://www.google.com/search?tbm=isch&q=THK+SHS55C2ZZ+300L+G=30
FESTO,567806,CPX-M-GE-EV-FVO interconnecting block,20697.82,0,0,https://www.google.com/search?tbm=isch&q=FESTO+567806
SMC,Y511B8222L,Y511B8222L Valve,20652.0,0,0,https://www.google.com/search?tbm=isch&q=SMC+Y511B8222L
FESTO,51EF44GCQWNMKBNMKBNGKAQFS/45PAXP2****,Ventilinsel VTSA-F Art.Nr.547965,20622.32,0,0,https://www.google.com/search?tbm=isch&q=FESTO+51EF44GCQWNMKBNMKBNGKAQFS/45PAXP2****
SICK,1042125,CLV650-6120,20608.5,0,0,https://www.google.com/search?tbm=isch&q=SICK+1042125
IFM,E21128,E21128 Halter Lichttaster,20591.44,0,0,https://www.google.com/search?tbm=isch&q=IFM+E21128
SCHMALZ,10.01.03.00352,SAUG-ANB G1 / 4-AG 80 FO suction connect,20580.48,0,0,https://www.google.com/search?tbm=isch&q=SCHMALZ+10.01.03.00352
FESTO,174415,ZNCF-80 Trunnion flange,20570.44,0,0,https://www.google.com/search?tbm=isch&q=FESTO+174415
VARIOUS,EGT001 L=0958,EGT_001 / L=0958 octagon profile SW80,20569.84,0,0,https://www.google.com/search?tbm=isch&q=VARIOUS+EGT001+L=0958
IGUS,E4.56.08.135/390.0 L=2.184M+E4.560.08.2.,E4.56.08.135/390.0 L2.184M+E4.560.08.2.1,20546.81,0,0,https://www.google.com/search?tbm=isch&q=IGUS+E4.56.08.135/390.0+L=2.184M+E4.560.08.2.
SCHMALZ,10.01.06.01196,SAB 30 NBR-60 G1/4-IG suction cup,20546.74,0,0,https://www.google.com/search?tbm=isch&q=SCHMALZ+10.01.06.01196
RITTAL,9343.11,"NH-Trenner Gr.1, 250A, 690V 60 mm, Schra",20522.04,0,0,https://www.google.com/search?tbm=isch&q=RITTAL+9343.11
SMC,C-VQM4-00000044-WP0-EBBLÜXX,C-VQM4-00000044-WP0-EBBLÜXX Valve Island,20516.0,0,0,https://www.google.com/search?tbm=isch&q=SMC+C-VQM4-00000044-WP0-EBBLÜXX
FESTO,51EF34GCQWNMKBQNNMKBNMKBNMKBNMKBS/4***,valve terminal CPX/VTSA-F Art.Nr. 547965,20503.98,0,0,https://www.google.com/search?tbm=isch&q=FESTO+51EF34GCQWNMKBQNNMKBNMKBNMKBNMKBS/4***
FESTO,51EF44GCQWNMKBNDGSNGKAQFS,valve terminal VTSA-F art.no.547965,20481.68,0,0,https://www.google.com/search?tbm=isch&q=FESTO+51EF44GCQWNMKBNDGSNGKAQFS
SMC,C-VQM4-00000444WB0-EBBBBBBLL,C-VQM4-00000444WB0-EBBBBBBLL,20478.0,0,0,https://www.google.com/search?tbm=isch&q=SMC+C-VQM4-00000444WB0-EBBBBBBLL
FESTO,51ENMKBQWF34GCQNNGKAQFS/45PA**,valve terminal VTSA-F Art.Nr.547965,20439.12,0,0,https://www.google.com/search?tbm=isch&q=FESTO+51ENMKBQWF34GCQNNGKAQFS/45PA**
RITTAL,1549.5,"EB E-Box, 200x200x120,",20438.88,0,0,https://www.google.com/search?tbm=isch&q=RITTAL+1549.5
FESTO,51ENMKBNMKBNMKBNMKBNMKBF44GCQWS/45PAXSME,valve terminal,20395.96,0,0,https://www.google.com/search?tbm=isch&q=FESTO+51ENMKBNMKBNMKBNMKBNMKBF44GCQWS/45PAXSME
TÜNKERS,SZKD 40 BR3 A18 T12,SZKD 40 BR3 A18 T12 stroke 40 pin cyl.,20376.0,0,0,https://www.google.com/search?tbm=isch&q=TÜNKERS+SZKD+40+BR3+A18+T12
FESTO,51EF33GCQPNMKBNMKBNMKBS/45PNXSLX3BOZOWH4,valve terminal VTSA-F-FB Art.Nr.547965,20371.59,0,0,https://www.google.com/search?tbm=isch&q=FESTO+51EF33GCQPNMKBNMKBNMKBS/45PNXSLX3BOZOWH4
SIMONSWERK,0260001/1813102/5030816007002,MULTI 3D VN 3130 Multi 3D Scharnier,0,2395.68,0,https://www.google.com/search?tbm=isch&q=SIMONSWERK+0260001/1813102/5030816007002
APS,8-40120 L=1340MM,8-40120 L=1340MM Aluminum profiles,20289.21,0,0,https://www.google.com/search?tbm=isch&q=APS+8-40120+L=1340MM
WOEHNER,1753,Anschlussklemmenplatte fuer Fl,20274.54,0,0,https://www.google.com/search?tbm=isch&q=WOEHNER+1753
VARIOUS,NSX250H TMD 200 3P3D F,NSX250H TMD 200 3P3D F BOX,20272.56,0,0,https://www.google.com/search?tbm=isch&q=VARIOUS+NSX250H+TMD+200+3P3D+F
FESTO,51EF44GCQWNMKBQNNMKBNMKBNGKAQFS/45PAXS**,Valve island,20261.64,0,0,https://www.google.com/search?tbm=isch&q=FESTO+51EF44GCQWNMKBQNNMKBNMKBNGKAQFS/45PAXS**
VARIOUS,EGT001 L=1468,EGT_001 / L=1468 octagonal profile SW80,20254.01,0,0,https://www.google.com/search?tbm=isch&q=VARIOUS+EGT001+L=1468
SMC,C-VQM2-00000044WC8-EBBBLL,C-VQM2-00000044WC8-EBBBLL,20215.0,0,0,https://www.google.com/search?tbm=isch&q=SMC+C-VQM2-00000044WC8-EBBBLL
MARVTECH,10122841,EDM4-10-EDM4/PN23/HBK Cable,20176.8,0,0,https://www.google.com/search?tbm=isch&q=MARVTECH+10122841
MARVTECH,10250467,MF5-5-MM5/C00/YE/CYE Cable,20176.8,0,0,https://www.google.com/search?tbm=isch&q=MARVTECH+10250467
FESTO,9484 NAS-1/4-1A-ISO,9484 NAS-1/4-1A-ISO,20167.2,0,0,https://www.google.com/search?tbm=isch&q=FESTO+9484+NAS-1/4-1A-ISO
PFANNENBERG,13048098436,DTS8031A Evaporator,20160.0,0,0,https://www.google.com/search?tbm=isch&q=PFANNENBERG+13048098436
ICOTEK,36815,Schirmklemme SFS/SKL 3-6,0,2360.0,0,https://www.google.com/search?tbm=isch&q=ICOTEK+36815
FESTO,51ENMKBNMKBNMKBQWF35GCQNT/~~,valve terminal VTSA-F-FB Art.Nr.547965,20052.68,0,0,https://www.google.com/search?tbm=isch&q=FESTO+51ENMKBNMKBNMKBQWF35GCQNT/~~
MISUMI,LLT3.5,LLT3.5 SIMPLIFIED LIENAR LOCK,20048.0,0,0,https://www.google.com/search?tbm=isch&q=MISUMI+LLT3.5
SMC,C-VQM4-00000444-WP0-EBBBB,C-VQM4-00000444-WP0-EBBBB Valve Island,20036.0,0,0,https://www.google.com/search?tbm=isch&q=SMC+C-VQM4-00000444-WP0-EBBBB
HILTI,425375,425375 percussion drilling,20031.16,0,0,https://www.google.com/search?tbm=isch&q=HILTI+425375
ITEM,7.0.003.12,7.0.003.12 U40x40 E Kanalprofil natur,0,2356.35,0,https://www.google.com/search?tbm=isch&q=ITEM+7.0.003.12
TÜNKERS,KS_80.3_BR2_A03_LH_T12_50°,KS_80.3_BR2_A03_LH_T12_50° Cylinder,20000.0,0,0,https://www.google.com/search?tbm=isch&q=TÜNKERS+KS_80.3_BR2_A03_LH_T12_50°
LENZE,13570424_,g500-B2700 / m550-P90/L4 motor,19993.16,0,0,https://www.google.com/search?tbm=isch&q=LENZE+13570424_
FESTO,1578512,DRRD-32-180-FH-PA Schwenkantrieb,19977.86,0,0,https://www.google.com/search?tbm=isch&q=FESTO+1578512
VARIOUS,DC63VA91S12,DC63VA91S12,19961.2,0,0,https://www.google.com/search?tbm=isch&q=VARIOUS+DC63VA91S12
DATALOGIC,937900004,MATRIX 220 382-010 1.2MP DPM-R 7MM,19935.39,0,0,https://www.google.com/search?tbm=isch&q=DATALOGIC+937900004
FESTO,51EF44GCQWNMKBNLKAS/45PAVSMEPM-4ATS4L,Ventilinsel VTSA-F Art.Nr.547965,19922.78,0,0,https://www.google.com/search?tbm=isch&q=FESTO+51EF44GCQWNMKBNLKAS/45PAVSMEPM-4ATS4L
STÄUBLI,K81558275,Boom deposit station,19903.49,0,0,https://www.google.com/search?tbm=isch&q=STÄUBLI+K81558275
FESTO,3570,B-3/8 Blanking plug DIN908,19864.5,0,0,https://www.google.com/search?tbm=isch&q=FESTO+3570
FESTO,1646769_125-PPVA-N3-170V,DSBG-080-125-PPVA-N3-170V Cylinder,19830.51,0,0,https://www.google.com/search?tbm=isch&q=FESTO+1646769_125-PPVA-N3-170V
SEW EURODRIVE,K87DRL132S4BE11HR/TF/AS7Y,K87DRL132S4BE11HR/TF/AS7Y   Motor,19745.98,0,0,https://www.google.com/search?tbm=isch&q=SEW+EURODRIVE+K87DRL132S4BE11HR/TF/AS7Y
FESTO,23393748,23393748 CN_CS 3160312 Hip water,19745.37,0,0,https://www.google.com/search?tbm=isch&q=FESTO+23393748
SANKYO,118030030,SOBF-30x40x30 bush with collar,19744.35,0,0,https://www.google.com/search?tbm=isch&q=SANKYO+118030030
SMC,C-VQM2-00000044W28-EBLLUXX,C-VQM2-00000044W28-EBLLUXX Valve,19718.0,0,0,https://www.google.com/search?tbm=isch&q=SMC+C-VQM2-00000044W28-EBLLUXX
LENZE,QEV111AHSUBE,"EYF0020A0300F01S05 SYS-CABLE-RES 30,0MDC",19712.5,0,0,https://www.google.com/search?tbm=isch&q=LENZE+QEV111AHSUBE
FESTO,51EF34GCQWNMKBQNT45T45NGKAQFS/45P-A-XS-U,valve terminal VTSA-F art.no.547965,19703.78,0,0,https://www.google.com/search?tbm=isch&q=FESTO+51EF34GCQWNMKBQNT45T45NGKAQFS/45P-A-XS-U
LENZE,13019061,EYP0025A0050H01Q01 power cable 5m,19659.17,0,0,https://www.google.com/search?tbm=isch&q=LENZE+13019061
SEW EURODRIVE,18166563/1.0,Braking resistor cable 1m,19619.8,0,0,https://www.google.com/search?tbm=isch&q=SEW+EURODRIVE+18166563/1.0
FESTO,51ENDGSNDGSNDGSNLKANMKBNMKBNMKBQWF34GCQ.,valve island,19611.13,0,0,https://www.google.com/search?tbm=isch&q=FESTO+51ENDGSNDGSNDGSNLKANMKBNMKBNMKBQWF34GCQ.
TÜNKERS,V 63.1 ZL A10 T00 45~120,V 63.1 ZL A10 T00 45~120° Clamp,19594.0,0,0,https://www.google.com/search?tbm=isch&q=TÜNKERS+V+63.1+ZL+A10+T00+45~120
SMC,TRB1209B-100_,TRB1209B-100 tube,19569.0,0,0,https://www.google.com/search?tbm=isch&q=SMC+TRB1209B-100_
RÄDER VOGEL,6503006001,218 ALU PUR/200/50/5 PRO Bockrolle,0,2296.96,0,https://www.google.com/search?tbm=isch&q=RÄDER+VOGEL+6503006001
TURCK,6930492,YB2-FSM5-2FKM5.4 Splitter J-box  M12,19500.0,0,0,https://www.google.com/search?tbm=isch&q=TURCK+6930492
CARL STAHL KROMER,7241080002.C,7241080002.C(20-30kg) Blance,19469.02,0,0,https://www.google.com/search?tbm=isch&q=CARL+STAHL+KROMER+7241080002.C
MOELLER,294357,"PL10-C4/1 Circuit breaker 1pol, C4A",19465.5,0,0,https://www.google.com/search?tbm=isch&q=MOELLER+294357
TURCK,RSM52-10M/WXS2204,RSM52-10M/WXS2204 Cable,19452.0,0,0,https://www.google.com/search?tbm=isch&q=TURCK+RSM52-10M/WXS2204
EUCHNER,112000,HC26EF,19451.62,0,0,https://www.google.com/search?tbm=isch&q=EUCHNER+112000
SEW EURODRIVE,18204163,BW018-015-P Bremswiderstand kompl.,19451.3,0,0,https://www.google.com/search?tbm=isch&q=SEW+EURODRIVE+18204163
PARKER,837-10BLK-RL,837-10BLK-RL Push-Lok Schlauch,19428.2,0,0,https://www.google.com/search?tbm=isch&q=PARKER+837-10BLK-RL
FESTO,51ENMKBNMKBQWF44GCQNNGKAQFS/45PAXP2SMEPP,valve terminal VTSA-F-FB Art.Nr.547965,19399.1,0,0,https://www.google.com/search?tbm=isch&q=FESTO+51ENMKBNMKBQWF44GCQNNGKAQFS/45PAXP2SMEPP
ESCHA,AL-WWAK4P3.1-10-AL-WAS4/S740,AL-WWAK4P3.1-10-AL-WAS4/S740 Connector,19360.0,0,0,https://www.google.com/search?tbm=isch&q=ESCHA+AL-WWAK4P3.1-10-AL-WAS4/S740
BULL,CABLE_REELS_30M_220V,cable_reels_30m_220v,19330.1,0,0,https://www.google.com/search?tbm=isch&q=BULL+CABLE_REELS_30M_220V
SIEMENS,6AG4012-2AA20-0XX0,6AG4012-2AA20-0XX0  SIMATIC IPC347G,19309.42,0,0,https://www.google.com/search?tbm=isch&q=SIEMENS+6AG4012-2AA20-0XX0
WEIDMUELLER,1315550000,UR20-4RO-C0-255,19305.0,0,0,https://www.google.com/search?tbm=isch&q=WEIDMUELLER+1315550000
TURCK,RJ45S-RJ45S-4422-10M,RJ45S-RJ45S-4422-10M Cable,19304.0,0,0,https://www.google.com/search?tbm=isch&q=TURCK+RJ45S-RJ45S-4422-10M
FESTO,560205,HGPT-25-A-B-G1 Parallel gripper,19285.12,0,0,https://www.google.com/search?tbm=isch&q=FESTO+560205
FESTO,51EF44GCQWNMKBNDGSNGKAQFS/45PAXP2SMEP,Ventilinsel VTSA-F Art.Nr.547965,19239.4,0,0,https://www.google.com/search?tbm=isch&q=FESTO+51EF44GCQWNMKBNDGSNGKAQFS/45PAXP2SMEP
SMC,VQC2401NR-5-X74,VQC2401NR-5-X74 vacuum solenoid valve,19206.0,0,0,https://www.google.com/search?tbm=isch&q=SMC+VQC2401NR-5-X74
ESCHA,AL-WWAK4P3-2-AL-WAS4/S7400,M12 male straight connector/ 2M,19200.0,0,0,https://www.google.com/search?tbm=isch&q=ESCHA+AL-WWAK4P3-2-AL-WAS4/S7400
LUMBERG,RST4-RKWT/LEDR4-9029/5M,RST4-RKWT/LEDR4-9029/5M CABLE,19182.5,0,0,https://www.google.com/search?tbm=isch&q=LUMBERG+RST4-RKWT/LEDR4-9029/5M
MENZEL,9661151024,MS VT5-1 O 24 V/DC INDUTEC Ventileinheit,0,2253.42,0,https://www.google.com/search?tbm=isch&q=MENZEL+9661151024
SEW EURODRIVE,18201393,18201393 BW018-075-T,19131.68,0,0,https://www.google.com/search?tbm=isch&q=SEW+EURODRIVE+18201393
NORELEM,"08910-A20,00X20","DIN172_08910_A20,00x20 bush with collar",19127.32,0,0,"https://www.google.com/search?tbm=isch&q=NORELEM+08910-A20,00X20"
FESTO,51EF34GCQWNMKBNMKBNLKAS/45PAVU2A2J2L,valve terminal VTSA-F art.no.547965,19106.68,0,0,https://www.google.com/search?tbm=isch&q=FESTO+51EF34GCQWNMKBNMKBNLKAS/45PAVU2A2J2L
VEP AUTOMATION,RFM100.2-121-O-PX-P-G-X,RFM100.2-121-O-PX-P-G-X Swivel Unit,19091.56,0,0,https://www.google.com/search?tbm=isch&q=VEP+AUTOMATION+RFM100.2-121-O-PX-P-G-X
FESTO,51EF34GCQWNMKBQNNMKBNGKAQFS/45PAXP2UPM3_,valve terminal VTSA-F art.no.547965,19084.56,0,0,https://www.google.com/search?tbm=isch&q=FESTO+51EF34GCQWNMKBQNNMKBNGKAQFS/45PAXP2UPM3_
SEW EURODRIVE,25.8021713001.0003.21,R37CM71S_BR_HR_TF_AK1H_SB50,19084.11,0,0,https://www.google.com/search?tbm=isch&q=SEW+EURODRIVE+25.8021713001.0003.21
SEW EURODRIVE,08199728/3.0,08199728/3.0 Cable,19070.8,0,2,https://www.google.com/search?tbm=isch&q=SEW+EURODRIVE+08199728/3.0
FESTO,51EF44GCQWNMKBNMKBNMKBNMKBNLKANGKAQFS/,valve terminal VTSA-F art.no.547965,19068.27,0,0,https://www.google.com/search?tbm=isch&q=FESTO+51EF44GCQWNMKBNMKBNMKBNMKBNLKANGKAQFS/
ACE,MC225M-PP225,MC225M-PP225,19037.64,0,0,https://www.google.com/search?tbm=isch&q=ACE+MC225M-PP225
GESIPA,1457964,Blindniet-Setzgerät TAURUS 4,0,2238.76,0,https://www.google.com/search?tbm=isch&q=GESIPA+1457964
FESTO,51EF34GCQWNMKBQNNMKBNGKAQFS/45PAXP2UPM_,valve terminal VTSA-F art.no.547965,18985.4,0,0,https://www.google.com/search?tbm=isch&q=FESTO+51EF34GCQWNMKBQNNMKBNGKAQFS/45PAXP2UPM_
FRANKE,94066A,LVA0200 bearing assembly,18948.0,0,0,https://www.google.com/search?tbm=isch&q=FRANKE+94066A
MULTI CONTACT,30.0101,"30.0101 BP8/35, SOCKET PIN 35mm2 150A",18899.1,1161.0,0,https://www.google.com/search?tbm=isch&q=MULTI+CONTACT+30.0101
BLICKLE,885340,LO-ALTH 200K-ST-FS Schwerlast-Lenkrolle,0,2221.94,0,https://www.google.com/search?tbm=isch&q=BLICKLE+885340
FESTO,51EF44GCQWNMKBQNNMKBNLKAS/45PAVSMEPPATS,Ventilinsel VTSA-F Art.Nr.547965,18856.64,0,0,https://www.google.com/search?tbm=isch&q=FESTO+51EF44GCQWNMKBQNNMKBNLKAS/45PAVSMEPPATS
FESTO,51EF44GCQWNMKBNMKBNLKAS/,51EF44GCQWNMKBNMKBNLKAS/45P-A-V-SMEPP--,18819.44,0,0,https://www.google.com/search?tbm=isch&q=FESTO+51EF44GCQWNMKBNMKBNLKAS/
WOEHNER,1760,Connection clamps 120-300mm3,18813.46,0,0,https://www.google.com/search?tbm=isch&q=WOEHNER+1760
FESTO,51EF44GCQWNMKBQNNGKAQFS/45PAXP2*,Ventilinsel VTSA-F Art.Nr.547965,18796.29,0,0,https://www.google.com/search?tbm=isch&q=FESTO+51EF44GCQWNMKBQNNGKAQFS/45PAXP2*
WOEHNER,1318,Connection clamps 95-185mm2,18768.86,0,0,https://www.google.com/search?tbm=isch&q=WOEHNER+1318
LUMBERG,5G6 G8U 200M,5G6 G8U 200M CABLE,18750.0,0,0,https://www.google.com/search?tbm=isch&q=LUMBERG+5G6+G8U+200M
FESTO,51EF44GCQWNMKBNMKBNMKBNGKAQFS/45PAXSSME,Valve island,18749.58,0,0,https://www.google.com/search?tbm=isch&q=FESTO+51EF44GCQWNMKBNMKBNMKBNGKAQFS/45PAXSSME
FESTO,51EF34GCQWNMKBQNNMKBNGKAQFS/45PAVU2B3JL,Valve island,18748.5,0,0,https://www.google.com/search?tbm=isch&q=FESTO+51EF34GCQWNMKBQNNMKBNGKAQFS/45PAVU2B3JL
FESTO,51EF44GCQWNMKBNMKBNMKBNGKAQFS*45PAVSMEPP,valve terminal VTSA-F art.no.547965,18724.02,0,0,https://www.google.com/search?tbm=isch&q=FESTO+51EF44GCQWNMKBNMKBNMKBNGKAQFS*45PAVSMEPP
FESTO,51EF44GCQWNMKBNMKBNMKBNGKAQFS/45PAVSMEPP,Ventilinsel VTSA-F Art.Nr.547965,18724.02,0,0,https://www.google.com/search?tbm=isch&q=FESTO+51EF44GCQWNMKBNMKBNMKBNGKAQFS/45PAVSMEPP
FISCHERWERKE,FIS V360S,FIS V360S Glue,18700.0,0,0,https://www.google.com/search?tbm=isch&q=FISCHERWERKE+FIS+V360S
BALS,BS512326,BS512326 box W300*H560*D160,18690.28,0,0,https://www.google.com/search?tbm=isch&q=BALS+BS512326
THK,SHS25V2QZSS+356L-II (G28G28),SHS25V2QZSS+356L-II (G28g28) RAIL,18690.24,0,0,https://www.google.com/search?tbm=isch&q=THK+SHS25V2QZSS+356L-II+(G28G28)
VARIOUS,B8 0560 0548011,B8 0560 0548011 ABSTIMMPLATTE 42X13X5,18660.83,0,0,https://www.google.com/search?tbm=isch&q=VARIOUS+B8+0560+0548011
VARIOUS,30X30X6000,30X30X6000 square tube,18619.38,0,0,https://www.google.com/search?tbm=isch&q=VARIOUS+30X30X6000
TURCK,6626034,WKC4.4T-P7X3.2-1-RSC4.4T/TXL,18610.0,0,0,https://www.google.com/search?tbm=isch&q=TURCK+6626034
VARIOUS,RVVY 5G10,RVVY 5G10 cable,18602.4,0,0,https://www.google.com/search?tbm=isch&q=VARIOUS+RVVY+5G10
PARKER,80112GRNRL,"801-12-GRN-RL 3/4"" Parker Push-Lok Hose",18576.0,0,0,https://www.google.com/search?tbm=isch&q=PARKER+80112GRNRL
PARKER,80112REDRL,"801-12-RED-RL 3/4"" Parker Push-Lok Hose",18576.0,0,0,https://www.google.com/search?tbm=isch&q=PARKER+80112REDRL
WEIDMUELLER,2457700000,"Kabel, Leitung (Teile)",18556.2,0,0,https://www.google.com/search?tbm=isch&q=WEIDMUELLER+2457700000
HELUKABEL,10034,"PVC-Steuerleitung OZ-500 4x0,75mm²",18550.0,0,0,https://www.google.com/search?tbm=isch&q=HELUKABEL+10034
WALTHER,157327,1-95815-9-00029-AAAA-Z05-FL flange,0,2181.7,0,https://www.google.com/search?tbm=isch&q=WALTHER+157327
VARIOUS,20076,Z1027T connector,18525.0,0,0,https://www.google.com/search?tbm=isch&q=VARIOUS+20076
SMC,Y510B8222L,Y510B8222L Valve,18508.0,0,0,https://www.google.com/search?tbm=isch&q=SMC+Y510B8222L
FESTO,51EF44GCQWNMKBQNNMKBNMKBS/45PAVU3B5JL,valve terminal VSTA-F-FB Art.Nr. 547965,18498.72,0,0,https://www.google.com/search?tbm=isch&q=FESTO+51EF44GCQWNMKBQNNMKBNMKBS/45PAVU3B5JL
VARIOUS,M183291,M183291 Motor shanghai jingmiao,18480.0,0,1,https://www.google.com/search?tbm=isch&q=VARIOUS+M183291
SEW EURODRIVE,8135584,Ausgangsdrossel HD003,18470.42,0,0,https://www.google.com/search?tbm=isch&q=SEW+EURODRIVE+8135584
TURCK,RJ45S-RJ45S-4422-25M,RJ45S-RJ45S-4422-25M Cable,18468.0,0,0,https://www.google.com/search?tbm=isch&q=TURCK+RJ45S-RJ45S-4422-25M
SICK,1213808,MLG05A-1345R10501 Light Curtains,18465.75,0,0,https://www.google.com/search?tbm=isch&q=SICK+1213808
FESTO,51EF34GCQWNMKBQNNMKBNMKBNMKBNMKBNGKAQFS!,Valve island,18465.71,0,0,https://www.google.com/search?tbm=isch&q=FESTO+51EF34GCQWNMKBQNNMKBNMKBNMKBNMKBNGKAQFS!
UNIVER,W1000500025M,W1000500025M Cylinder,18458.0,0,0,https://www.google.com/search?tbm=isch&q=UNIVER+W1000500025M
IGUS,E4.21.040.075.0 L=1895,E4.21.040.075.0 L=1895mm__21,18450.64,0,0,https://www.google.com/search?tbm=isch&q=IGUS+E4.21.040.075.0+L=1895
FESTO,8154389,VOFA-M52-MH-G3/8-1C1-CS control air valv,18450.36,0,0,https://www.google.com/search?tbm=isch&q=FESTO+8154389
SIEMENS,3SU1401-1BB60-1AA0,"LED module 24VAC/DC, white, screw termin",18445.14,0,0,https://www.google.com/search?tbm=isch&q=SIEMENS+3SU1401-1BB60-1AA0
TUCKER,61234008,61234008 Receiver,18439.34,0,0,https://www.google.com/search?tbm=isch&q=TUCKER+61234008
EATON,207246,T5B-4-15682/I4/SVB Switch,18416.7,0,0,https://www.google.com/search?tbm=isch&q=EATON+207246
FESTO,51EF34GCQWNMKBQNNMKBNGKAQFS/45PAVLU***,valve terminal CPX/VTSA-F Art.Nr. 547965,18412.68,0,0,https://www.google.com/search?tbm=isch&q=FESTO+51EF34GCQWNMKBQNNMKBNGKAQFS/45PAVLU***
TURCK,6627995_,CABLE4X0.34-XX-PUR-BK-500M/TXL,18408.96,0,0,https://www.google.com/search?tbm=isch&q=TURCK+6627995_
FESTO,51ET45NMKBNMKBNMKBNMKBQWF44GCQNNGKAQFS*,Valve Terminal,18406.41,0,0,https://www.google.com/search?tbm=isch&q=FESTO+51ET45NMKBNMKBNMKBNMKBQWF44GCQNNGKAQFS*
TÜNKERS,V2 80.1 A40 T12 45-105°,V2 80.1 A40 T12 45-105° Spanner,18400.0,0,0,https://www.google.com/search?tbm=isch&q=TÜNKERS+V2+80.1+A40+T12+45-105°
EISELE,AJPC10-G04-FY,AJPC10-G04-FY,18400.0,0,0,https://www.google.com/search?tbm=isch&q=EISELE+AJPC10-G04-FY
LENZE,16648095,g500-B600-m550-P100/L4 MOTOR,18397.18,0,0,https://www.google.com/search?tbm=isch&q=LENZE+16648095
SMC,C-VQM4-00000044-WP0-EBBBB,C-VQM4-00000044-WP0-EBBBB Valve Island,18378.0,0,0,https://www.google.com/search?tbm=isch&q=SMC+C-VQM4-00000044-WP0-EBBBB
WENGLOR,P1NL302,P1NL302 sensor,18349.21,0,0,https://www.google.com/search?tbm=isch&q=WENGLOR+P1NL302
SIEMENS,3NA6820-6,"NH-Sicherungseinsatz, NH00, In: 50 A",18347.37,83.88,0,https://www.google.com/search?tbm=isch&q=SIEMENS+3NA6820-6
PUNCH INDUSTRY,MMSTP6-25,MMSTP6-25 Pin,18333.5,0,2,https://www.google.com/search?tbm=isch&q=PUNCH+INDUSTRY+MMSTP6-25
VARIOUS,RV 6MM² GNYE,RV 6mm² GNYE cable,18276.0,0,0,https://www.google.com/search?tbm=isch&q=VARIOUS+RV+6MM²+GNYE
SCHMALZ,FSTE G1_4-25-AG VG,FSTE G1_4-25-AG VG,18270.78,0,0,https://www.google.com/search?tbm=isch&q=SCHMALZ+FSTE+G1_4-25-AG+VG
TÜNKERS,EGT252,EGT252 ANSCHLAGMITTEL,18260.0,0,0,https://www.google.com/search?tbm=isch&q=TÜNKERS+EGT252
SMC,C-VQM4-00000044WC0-EBBBBLL,C-VQM4-00000044WC0-EBBBBLL,18257.0,0,0,https://www.google.com/search?tbm=isch&q=SMC+C-VQM4-00000044WC0-EBBBBLL
FESTO,51EF44GCQWNMKBNGKAQFS/45PAXP2SMEPP1BJLP1,Ventilinsel VTSA-F Art.Nr.547965,18232.13,0,0,https://www.google.com/search?tbm=isch&q=FESTO+51EF44GCQWNMKBNGKAQFS/45PAXP2SMEPP1BJLP1
MARVTECH,10250465,MF5-1-MM5/C00/YE/CYE Cable,18212.0,0,0,https://www.google.com/search?tbm=isch&q=MARVTECH+10250465
FESTO,51EF34GCQWNMKBQNNGKAQFS/45PAVU3B4B2L,Valve island,18182.82,0,0,https://www.google.com/search?tbm=isch&q=FESTO+51EF34GCQWNMKBQNNGKAQFS/45PAVU3B4B2L
FESTO,51EF44GCQWNMKBQNNMKBS/45PAVU2B2J2L,valve terminal VSTA-F-FB Art.Nr. 547965,18162.24,0,0,https://www.google.com/search?tbm=isch&q=FESTO+51EF44GCQWNMKBQNNMKBS/45PAVU2B2J2L
FESTO,51EF44GCQWNMKBQNNMKBUKANLKAS/45PAXSSME3A,Valve island,18147.44,0,0,https://www.google.com/search?tbm=isch&q=FESTO+51EF44GCQWNMKBQNNMKBUKANLKAS/45PAXSSME3A
SMC,KQB2L10-G03,KQB2L10-G03 CONECTOR CODO DE 3/8G - 10,18142.0,0,0,https://www.google.com/search?tbm=isch&q=SMC+KQB2L10-G03
SEW EURODRIVE,13331213/5.0,13331213/5.0,18111.54,0,1,https://www.google.com/search?tbm=isch&q=SEW+EURODRIVE+13331213/5.0
SIEMENS,6ES7515-2FM01-0AB0,6ES7515-2FM01-0AB0,18110.0,0,0,https://www.google.com/search?tbm=isch&q=SIEMENS+6ES7515-2FM01-0AB0
FESTO,51EF44GCQWNMKBNMKBNMKBNLKAS/,51EF44GCQWNMKBNMKBNMKBNLKAS/,18062.3,0,0,https://www.google.com/search?tbm=isch&q=FESTO+51EF44GCQWNMKBNMKBNMKBNLKAS/
SIEMENS,3RH6131-1KB40,3RH6131-1KB40 relay,18042.08,0,0,https://www.google.com/search?tbm=isch&q=SIEMENS+3RH6131-1KB40
SMC,C-VQM4-00000444WC0-EBBBLLUX,C-VQM4-00000444WC0-EBBBLLUX,18002.0,0,0,https://www.google.com/search?tbm=isch&q=SMC+C-VQM4-00000444WC0-EBBBLLUX
TÜNKERS,V 63.1 PTH 1-4 T12 105°,V 63.1 PTH 1-4 T12 105° stamping clamp,18000.0,0,0,https://www.google.com/search?tbm=isch&q=TÜNKERS+V+63.1+PTH+1-4+T12+105°
TÜNKERS,APH 63 BR5 H A00 T12,APH 63 BR5 H A00 T12  15-135°  Clamp,18000.0,0,0,https://www.google.com/search?tbm=isch&q=TÜNKERS+APH+63+BR5+H+A00+T12
VARIOUS,DC40HA12S12,DC40HA12S12,17991.1,0,0,https://www.google.com/search?tbm=isch&q=VARIOUS+DC40HA12S12
FESTO,51EF44GCQWNMKBNLKAS/45PAVSMEPPATSL**,Ventilinsel VTSA-F Art.Nr.547965,17968.9,0,0,https://www.google.com/search?tbm=isch&q=FESTO+51EF44GCQWNMKBNLKAS/45PAVSMEPPATSL**
VARIOUS,LC-M 4G2.5,LC-M 4G2.5 Cable,17954.99,0,0,https://www.google.com/search?tbm=isch&q=VARIOUS+LC-M+4G2.5
WEIDMUELLER,1547450000,IE-CL240W-PP-Remote Contactless power,17935.24,0,0,https://www.google.com/search?tbm=isch&q=WEIDMUELLER+1547450000
LENZE,QEV111ACZJIO,Motorleitung Servoumrichter 9400 20m,17904.14,0,0,https://www.google.com/search?tbm=isch&q=LENZE+QEV111ACZJIO
SIEMENS,3SU1401-2BB60-3AA0,3SU1401-2BB60-3AA0 LED-Modul,17847.57,0,0,https://www.google.com/search?tbm=isch&q=SIEMENS+3SU1401-2BB60-3AA0
FESTO,51EF34GCQWNMKBQNNMKBNMKBNMKBNMKBS/45PAV-,valve terminal VTSA-F art.no.547965,17813.02,0,0,https://www.google.com/search?tbm=isch&q=FESTO+51EF34GCQWNMKBQNNMKBNMKBNMKBNMKBS/45PAV-
ShangGong,JB/3869_4,reamer JB/3869_4,17800.19,0,8,https://www.google.com/search?tbm=isch&q=ShangGong+JB/3869_4
MARVTECH,10123225,EAF5-10-EAM5/RF01/HBK Cable,17787.5,0,0,https://www.google.com/search?tbm=isch&q=MARVTECH+10123225
PNEUMAX,01OT0814,01OT0814 Connector,17776.01,0,0,https://www.google.com/search?tbm=isch&q=PNEUMAX+01OT0814
FESTO,532317_040-B-PPV-A-GF,DFM-25-040-B-PPV-A-GF cylinder,17772.0,0,0,https://www.google.com/search?tbm=isch&q=FESTO+532317_040-B-PPV-A-GF
FESTO,51ENMKBNMKBQWF44GCQNNGKAQFS/45P***,valve terminal VTSA-F art.no.547965,17757.04,0,0,https://www.google.com/search?tbm=isch&q=FESTO+51ENMKBNMKBQWF44GCQNNGKAQFS/45P***
FESTO,1509036_S-1TMB-PN,EMCA-EC-67-S-1TMB-PN integrated drive,17751.92,0,0,https://www.google.com/search?tbm=isch&q=FESTO+1509036_S-1TMB-PN
FESTO,51EF34GCQWNMKBNMKBS/45PAVU2A3JL,valve terminal VTSA-F art.no.547965,17742.12,0,0,https://www.google.com/search?tbm=isch&q=FESTO+51EF34GCQWNMKBNMKBS/45PAVU2A3JL
IFM,GI855S,GI855S Sensor,17714.0,0,0,https://www.google.com/search?tbm=isch&q=IFM+GI855S
FESTO,561701,PUN-V0-12x2-SW-C Plastic tubing,17708.0,0,0,https://www.google.com/search?tbm=isch&q=FESTO+561701
STÄUBLI,100048096,100048096  Female Gas,17700.0,0,0,https://www.google.com/search?tbm=isch&q=STÄUBLI+100048096
FESTO,51ENDGSNDGST45T45NLKANLKANMKBNMKBQWF34G*,Ventilinsel VTSA-F Art.Nr.547965,17680.63,0,0,https://www.google.com/search?tbm=isch&q=FESTO+51ENDGSNDGST45T45NLKANLKANMKBNMKBQWF34G*
SCHNEIDER ELECTRIC,XCKJ167D,XCK-J167D Rollenstösselschalter,17665.55,0,0,https://www.google.com/search?tbm=isch&q=SCHNEIDER+ELECTRIC+XCKJ167D
WEIDMUELLER,1072910000,1072910000 IE-PS-V14M-HYB-10P plug,17655.3,189.7,0,https://www.google.com/search?tbm=isch&q=WEIDMUELLER+1072910000
SIEMENS,5SU1356-6KK16,5SU1356-6KK16 FI-Schutzschalter,17652.29,0,0,https://www.google.com/search?tbm=isch&q=SIEMENS+5SU1356-6KK16
FESTO,51EF44GCQWNMKBQNNMKBUKANLKAS/45PAXS***,valve terminal VSTA-F-FB Art.Nr. 547965,17646.94,0,0,https://www.google.com/search?tbm=isch&q=FESTO+51EF44GCQWNMKBQNNMKBUKANLKAS/45PAXS***
SICK,1211471,C4C-SA06010A10000 LICHTVORHANG,17619.44,0,0,https://www.google.com/search?tbm=isch&q=SICK+1211471
FESTO,156671,ADVU-100-080-A-P-A Zylinder,17616.28,0,0,https://www.google.com/search?tbm=isch&q=FESTO+156671
TURCK,RJ45S-RJ45S-4422-15M,RJ45S-RJ45S-4422-15M Cable,17596.0,0,0,https://www.google.com/search?tbm=isch&q=TURCK+RJ45S-RJ45S-4422-15M
SEW EURODRIVE,01995405/5.0,01995405/5.0 assembled cable,17586.98,0,0,https://www.google.com/search?tbm=isch&q=SEW+EURODRIVE+01995405/5.0
FESTO,51ENMKBF44GCQWS/45PAXP2SMEPM3AURAOZOWJSD,valve terminal,17573.16,0,0,https://www.google.com/search?tbm=isch&q=FESTO+51ENMKBF44GCQWS/45PAXP2SMEPM3AURAOZOWJSD
SIEMENS,6ES7134-6PA20-0BD0,"SIMATIC ET 200SP, Analog Eingabemodul AI",17540.26,0,0,https://www.google.com/search?tbm=isch&q=SIEMENS+6ES7134-6PA20-0BD0
WEIDMUELLER,2457730000,"Kabel, Leitung (Teile)",17514.2,0,0,https://www.google.com/search?tbm=isch&q=WEIDMUELLER+2457730000
SEW EURODRIVE,8281602,BMKB1.5,17506.12,0,0,https://www.google.com/search?tbm=isch&q=SEW+EURODRIVE+8281602
LENZE,QEV111ADJEDN,"EYF0020A0500F01S05 SYS-CABLE-RES 50,0MDC",17488.83,0,0,https://www.google.com/search?tbm=isch&q=LENZE+QEV111ADJEDN
SMC,C-VQM4-00000004WP0-EBBBBBLL,C-VQM4-00000004WP0-EBBBBBLL,17470.0,0,0,https://www.google.com/search?tbm=isch&q=SMC+C-VQM4-00000004WP0-EBBBBBLL
FESTO,8000210,"SPBA-P2R-G18-2P-M12-0,25X pressureswitch",17439.86,0,0,https://www.google.com/search?tbm=isch&q=FESTO+8000210
FESTO,51EF44GCQWNMKBQNNGKAQFS___,Valve island,17438.1,0,0,https://www.google.com/search?tbm=isch&q=FESTO+51EF44GCQWNMKBQNNGKAQFS___
SIEMENS,3RV2011-0EA10,"Leistungsschalter S00, 0,28A-0,4A, 5,2A",17424.08,54.94,2,https://www.google.com/search?tbm=isch&q=SIEMENS+3RV2011-0EA10
GSEE,10091220,EK4238-0/9  Connector,17401.8,0,0,https://www.google.com/search?tbm=isch&q=GSEE+10091220
FESTO,554039,VPPM-6L-L-1-G18-0L6H-V1P-S1 regulators,17391.52,0,0,https://www.google.com/search?tbm=isch&q=FESTO+554039
GSEE,EIZ4 EIZ4-10M/F21/LG,EIZ4 EIZ4-10M/F21/LG Profinet,17388.0,0,0,https://www.google.com/search?tbm=isch&q=GSEE+EIZ4+EIZ4-10M/F21/LG
RITTAL,5368,PC Schrank SE 600x1600x800,17381.88,0,0,https://www.google.com/search?tbm=isch&q=RITTAL+5368
VARIOUS,BPH02-D12-PP,BPH02-d12-PP,17370.8,0,0,https://www.google.com/search?tbm=isch&q=VARIOUS+BPH02-D12-PP
FESTO,51EF34GCQWNMKBQNNMKBS/45PAVU4A6J2L,VTSA-F Ventilinsel,17364.8,0,0,https://www.google.com/search?tbm=isch&q=FESTO+51EF34GCQWNMKBQNNMKBS/45PAVU4A6J2L
HELUKABEL,10076,10076 CABLE JZ-500 18G1,17363.4,0,0,https://www.google.com/search?tbm=isch&q=HELUKABEL+10076
MARVTECH,10126156,EAF5-20-EAM5/RF01/HBK Cable,17345.25,0,0,https://www.google.com/search?tbm=isch&q=MARVTECH+10126156
FESTO,578407,NPQH-BK-G14-P10 Verschlussschraube,17343.3,0,0,https://www.google.com/search?tbm=isch&q=FESTO+578407
WERMA,890.220.55,890.220.55 LED-Instantlight green,17330.94,0,0,https://www.google.com/search?tbm=isch&q=WERMA+890.220.55
WEIDMUELLER,1318150000,Han PP SCRJ Genderchanger,17316.75,0,0,https://www.google.com/search?tbm=isch&q=WEIDMUELLER+1318150000
FESTO,51EF34GCQWNMKBNMKBNMKBNLKANLKAS_______'',valve terminal VTSA-F art.no.547965,17315.46,0,0,https://www.google.com/search?tbm=isch&q=FESTO+51EF34GCQWNMKBNMKBNMKBNLKANLKAS_______''
OBO BETTERMANN,6059846,SKSMU 150 FS Cable tray,17315.16,0,0,https://www.google.com/search?tbm=isch&q=OBO+BETTERMANN+6059846
SMC,AC40-04CG-V-B,AC40-04CG-V-B Triple,17280.0,0,0,https://www.google.com/search?tbm=isch&q=SMC+AC40-04CG-V-B
SMC,ISA3-GFP-M6B-L1,ISA3-GFP-M6B-L1 Sensor,17272.0,0,0,https://www.google.com/search?tbm=isch&q=SMC+ISA3-GFP-M6B-L1
SIEMENS,6ES7590-1AC40-0AA0,Profilschiene für S7-1500 Länge 245mm,17255.76,203.76,0,https://www.google.com/search?tbm=isch&q=SIEMENS+6ES7590-1AC40-0AA0
HELUKABEL,16465,Y-CY-JZ 4G50 mm²  Cable,17251.0,0,0,https://www.google.com/search?tbm=isch&q=HELUKABEL+16465
SCHMALZ,10.01.06.00891,SAOB 60x30 NBR-60 G1/4-IG suction cup,17242.57,0,0,https://www.google.com/search?tbm=isch&q=SCHMALZ+10.01.06.00891
GSEE,EIZ4 EIZ4-25M/F21/LG,EIZ4 EIZ4-25M/F21/LG Profinet,17221.4,0,0,https://www.google.com/search?tbm=isch&q=GSEE+EIZ4+EIZ4-25M/F21/LG
hongrun,FIREPROOF FABRIC 9M X4.5M,Fireproof fabric 9m X4.5m,17220.0,0,0,https://www.google.com/search?tbm=isch&q=hongrun+FIREPROOF+FABRIC+9M+X4.5M
PHOENIX,2866802,power supply 24V DC/40 A,17215.86,0,0,https://www.google.com/search?tbm=isch&q=PHOENIX+2866802
CHOLIFT,550MM 2.5T,pallet jack-550mm 2.5T,17200.91,0,0,https://www.google.com/search?tbm=isch&q=CHOLIFT+550MM+2.5T
SMC,C-VQM2-00000044WP8-EBBBBBLL,C-VQM2-00000044WP8-EBBBBBLL,17196.0,0,0,https://www.google.com/search?tbm=isch&q=SMC+C-VQM2-00000044WP8-EBBBBBLL
LENZE,QEV111AGI4SU,QEV111AGI4SU Z35BBBARBAM230FA1S,17181.81,0,0,https://www.google.com/search?tbm=isch&q=LENZE+QEV111AGI4SU
ICOTEK,44104,44104 Flange plate size 5 with brush str,17176.0,658.0,0,https://www.google.com/search?tbm=isch&q=ICOTEK+44104
THK,HSR30C1QZSS+150L_G35_0_B-M6F_26,HSR 30C 1 QZ SS+150L_G35_0_B-M6F_26 Gail,17171.84,0,0,https://www.google.com/search?tbm=isch&q=THK+HSR30C1QZSS+150L_G35_0_B-M6F_26
FESTO,51EF44GCQWNMKBNMKBNGKAQFS/45PAXSSMEA2B**,Valve island,17149.56,0,0,https://www.google.com/search?tbm=isch&q=FESTO+51EF44GCQWNMKBNMKBNGKAQFS/45PAXSSMEA2B**
FESTO,51EF34GCQWNMKBNLKAS/45PAVU2A3JL,valve terminal VTSA-F art.no.547965,17144.56,0,0,https://www.google.com/search?tbm=isch&q=FESTO+51EF34GCQWNMKBNLKAS/45PAVU2A3JL
SMC,TRBU1208W-100,TRBU1208W-100 tube,17088.0,0,0,https://www.google.com/search?tbm=isch&q=SMC+TRBU1208W-100
EUCHNER,92726,"connecting cable PUR, L=15m, 18pol+PE",17077.8,0,0,https://www.google.com/search?tbm=isch&q=EUCHNER+92726
FESTO,51EF34GCQWNMKBQNNMKBNMKBNMKBNMKBNGKAQFS(,Valve island,17072.15,0,0,https://www.google.com/search?tbm=isch&q=FESTO+51EF34GCQWNMKBQNNMKBNMKBNMKBNMKBNGKAQFS(
WOEHNER,1620,01620 cable,17045.43,0,0,https://www.google.com/search?tbm=isch&q=WOEHNER+1620
VARIOUS,DC40HA11S12,DC40HA11S12,17044.2,0,0,https://www.google.com/search?tbm=isch&q=VARIOUS+DC40HA11S12
SMC,C-VQM2-00000044-WP8-EBBLLÜX,C-VQM2-00000044-WP8-EBBLLÜX valve,17010.0,0,0,https://www.google.com/search?tbm=isch&q=SMC+C-VQM2-00000044-WP8-EBBLLÜX
RITTAL,3418.04,"SV3418.040 FUSE BASE, 63A 400VAC (5 PCS)",16994.01,0,0,https://www.google.com/search?tbm=isch&q=RITTAL+3418.04
ELCO,OSM42-KL1200V2B6Q12.1/S292,OSM42-KL1200V2B6Q12.1/S292 Sensor,16991.2,0,0,https://www.google.com/search?tbm=isch&q=ELCO+OSM42-KL1200V2B6Q12.1/S292
HHB,82906100,Seillängengeber 6m digital DT2,0,1997.33,0,https://www.google.com/search?tbm=isch&q=HHB+82906100
SKF,NATR 15,NATR 15 roll,16954.0,0,0,https://www.google.com/search?tbm=isch&q=SKF+NATR+15
WOEHNER,1515,01515 base plate UL 0.70 m long,16926.02,0,0,https://www.google.com/search?tbm=isch&q=WOEHNER+1515
LENZE,QEV111ACZJFF,Motorleitung Servoumrichter 9400 20m,16914.15,0,0,https://www.google.com/search?tbm=isch&q=LENZE+QEV111ACZJFF
SEW EURODRIVE,18222781,handle 270-Option MP,16912.16,0,0,https://www.google.com/search?tbm=isch&q=SEW+EURODRIVE+18222781
GSEE,10084000,MZ5-2MK5/HYE Terminating resistor,16905.15,0,0,https://www.google.com/search?tbm=isch&q=GSEE+10084000
VARIOUS,EGT005_N176N,EGT_005 / L=N176N AL-Profil-40,16882.98,0,0,https://www.google.com/search?tbm=isch&q=VARIOUS+EGT005_N176N
FESTO,51EF34GCQWNMKBQNNMKBNMKBNMKBNMKBNM......,Valve island,16844.71,0,0,https://www.google.com/search?tbm=isch&q=FESTO+51EF34GCQWNMKBQNNMKBNMKBNMKBNMKBNM......
TURCK,RKM52-40-RSM52/WXS2204,RKM52-40-RSM52/WXS2204 Cable,16830.0,0,0,https://www.google.com/search?tbm=isch&q=TURCK+RKM52-40-RSM52/WXS2204
TURCK,RKC4.5T-1-RSC4.5T/TXO,RKC4.5T-1-RSC4.5T/TXO Cable,16800.0,0,0,https://www.google.com/search?tbm=isch&q=TURCK+RKC4.5T-1-RSC4.5T/TXO
THK,SHS45LR2QZSS+680L-II,SHS45LR2QZSS+680L-II Rail,16792.96,0,0,https://www.google.com/search?tbm=isch&q=THK+SHS45LR2QZSS+680L-II
PHILIPS,34980099,CoreLine LED-Feuchtraumleuchte,0,1974.57,0,https://www.google.com/search?tbm=isch&q=PHILIPS+34980099
MISUMI,C-MUBZ40-40,"3206 A-2RS1TN9/MT33 bearings,",16772.66,0,0,https://www.google.com/search?tbm=isch&q=MISUMI+C-MUBZ40-40
WEIDMUELLER,2490240150,SAIL-M12GM12G-TS-1.5U,16760.96,0,0,https://www.google.com/search?tbm=isch&q=WEIDMUELLER+2490240150
EATON,207297,P1-25/I2/SVB/HI11,16737.84,0,0,https://www.google.com/search?tbm=isch&q=EATON+207297
TUCKER,61150072,61150072 Sensor,16730.88,0,0,https://www.google.com/search?tbm=isch&q=TUCKER+61150072
FESTO,51EF34GCQWNMKBQNNMKBNMKBNDGSNGKAQFS/,Valve island,16716.55,0,0,https://www.google.com/search?tbm=isch&q=FESTO+51EF34GCQWNMKBQNNMKBNMKBNDGSNGKAQFS/
RITTAL,1036599-BHMI,1036599-BHMI,16713.0,0,0,https://www.google.com/search?tbm=isch&q=RITTAL+1036599-BHMI
SMC,C-VQM2-00000044WC8-EBBBBBBBLLUX,C-VQM2-00000044WC8-EBBBBBBBLLUX,16703.0,0,0,https://www.google.com/search?tbm=isch&q=SMC+C-VQM2-00000044WC8-EBBBBBBBLLUX
IGUS,E4.48L.112.200/210.0 L=1943+E4.481.112.1,1.943ME4.48L.112.200/210.0+E4481112112A,16702.9,0,0,https://www.google.com/search?tbm=isch&q=IGUS+E4.48L.112.200/210.0+L=1943+E4.481.112.1
TINGTE PIPE INDUSTRY,T0605000,T0605000 eblow,16694.59,0,0,https://www.google.com/search?tbm=isch&q=TINGTE+PIPE+INDUSTRY+T0605000
RITTAL,2820.082,AX2820.082,16686.87,0,0,https://www.google.com/search?tbm=isch&q=RITTAL+2820.082
BANNER,83423,"Rundum LED-Anzeige, grün/gelb",16680.25,0,0,https://www.google.com/search?tbm=isch&q=BANNER+83423
WOEHNER,1759,Expandable connection clip,16651.8,0,0,https://www.google.com/search?tbm=isch&q=WOEHNER+1759
FESTO,1312503_0800-PPV-A-GK,DGC-K-40-800-PPV-A-GK Cylinder,16629.7,0,0,https://www.google.com/search?tbm=isch&q=FESTO+1312503_0800-PPV-A-GK
TURCK,6626028,WKC4.4T-P7X3.2-0.6-RSC4.4T/TXL,16620.0,0,0,https://www.google.com/search?tbm=isch&q=TURCK+6626028
GSEE,SRJ45S EIZ4-10M/F21/LG,SRJ45S EIZ4-10M/F21/LG Profinet,16609.0,0,0,https://www.google.com/search?tbm=isch&q=GSEE+SRJ45S+EIZ4-10M/F21/LG
TUCKER,61235022,61235022 Rivet,16607.8,0,0,https://www.google.com/search?tbm=isch&q=TUCKER+61235022
SIEMENS,3RT6023-1BB40,3RT6023-1BB40 connector,16567.66,0,0,https://www.google.com/search?tbm=isch&q=SIEMENS+3RT6023-1BB40
FESTO,51EF34GCQWNMKBQNNGKAQFS/45PAVU2B3JL,Valve island,16561.38,0,0,https://www.google.com/search?tbm=isch&q=FESTO+51EF34GCQWNMKBQNNGKAQFS/45PAVU2B3JL
FESTO,51EF33GCQPNMKBT/45PAXSLSME3AURAOZOW,valve terminal VTSA-F-FB Art.Nr.547965,16561.02,0,0,https://www.google.com/search?tbm=isch&q=FESTO+51EF33GCQPNMKBT/45PAXSLSME3AURAOZOW
ESCHA,AL-WWAK4P3-5-AL-WAS4/S7400,M12 male straight connector/ 5M,16500.0,0,0,https://www.google.com/search?tbm=isch&q=ESCHA+AL-WWAK4P3-5-AL-WAS4/S7400
FESTO,170860,DFM-32-100-P-A-GF Führungszylinder,16494.09,0,0,https://www.google.com/search?tbm=isch&q=FESTO+170860
TURCK,6625607,RKC4.4T-1-RSC4.4T/TXL,16488.0,0,0,https://www.google.com/search?tbm=isch&q=TURCK+6625607
SENSOPART,631-9119,V10-OB-A3-R-M-M2-L-00 sensor,16481.0,0,0,https://www.google.com/search?tbm=isch&q=SENSOPART+631-9119
LEONI,LS-KU-A1-15M(PW),LS-KU-A1-15M(PW) Cable,16470.84,0,0,https://www.google.com/search?tbm=isch&q=LEONI+LS-KU-A1-15M(PW)
APS,CE-SB4040-8,CE-SB4040-8 Bracket,16459.3,0,0,https://www.google.com/search?tbm=isch&q=APS+CE-SB4040-8
GSEE,EIZ4 EIZ4-15M/F21/LG,EIZ4 EIZ4-15M/F21/LG Profinet,16441.6,0,0,https://www.google.com/search?tbm=isch&q=GSEE+EIZ4+EIZ4-15M/F21/LG
SIEMENS,6ES7132-6BD20-0BA0,"SIMATIC DP, ET200SP , DQ 4 x 24VDC / 2A",16439.86,0,0,https://www.google.com/search?tbm=isch&q=SIEMENS+6ES7132-6BD20-0BA0
TÜNKERS,SZKD 40 BR3 A28 T12,SZKD 40 BR3 A28 T12 stroke 40 cylinder,16438.0,0,0,https://www.google.com/search?tbm=isch&q=TÜNKERS+SZKD+40+BR3+A28+T12
ESCHA,AL-WAK4-3-AL-WAS4/S7400,M12 male straight connector/ 3M,16400.0,0,0,https://www.google.com/search?tbm=isch&q=ESCHA+AL-WAK4-3-AL-WAS4/S7400
DESTACO,82M-3E230080K8URS20,82M-3E230080K8URS20 power clamp 105°,16399.67,0,0,https://www.google.com/search?tbm=isch&q=DESTACO+82M-3E230080K8URS20
HARTING,9320006108,"Crimp-Leistungskontakte, 6mm²,",16380.0,0,0,https://www.google.com/search?tbm=isch&q=HARTING+9320006108
LUMBERG,ZKS1,ZKS 1  Mounting-clip set M12x1,16380.0,0,0,https://www.google.com/search?tbm=isch&q=LUMBERG+ZKS1
FESTO,51EF44GCQWNMKBQNNMKBS/45PAXSSME4ASKSK4J*,Valve island,16345.3,0,0,https://www.google.com/search?tbm=isch&q=FESTO+51EF44GCQWNMKBQNNMKBS/45PAXSSME4ASKSK4J*
PEPPERL&FUCHS,297856,"NDS7-30GM50-2PP-IO-0,3M-V1-Y sensor",16337.7,0,0,https://www.google.com/search?tbm=isch&q=PEPPERL&FUCHS+297856
LUMBERG,5G25 G8U 100M,5G25 G8U 100M CABLE,16330.0,0,0,https://www.google.com/search?tbm=isch&q=LUMBERG+5G25+G8U+100M
FESTO,51EF44GCQWNMKBQNNMKBNMKBNMKBNMKBNMKBNGK*,valve terminal VTSA-F art.no.547965,16322.83,0,0,https://www.google.com/search?tbm=isch&q=FESTO+51EF44GCQWNMKBQNNMKBNMKBNMKBNMKBNMKBNGK*
SMC,AS2201-01-F08S-X737,AS2201-01-F08S-X737 Controlador de flujo,16320.0,0,0,https://www.google.com/search?tbm=isch&q=SMC+AS2201-01-F08S-X737
SMC,MGPL40-25Z-XC35,MGPL40-25Z-XC35 cylinder,16320.0,0,0,https://www.google.com/search?tbm=isch&q=SMC+MGPL40-25Z-XC35
FESTO,51EF34GCQWNMKBQNNMKBNMKBNGKAQFS/45PAVU**,Valve terminal VTSA-F Art.No.547965,16317.6,0,0,https://www.google.com/search?tbm=isch&q=FESTO+51EF34GCQWNMKBQNNMKBNMKBNGKAQFS/45PAVU**
SCHMALZ,10.01.01.11441,SAF 50 NBR-45 G1/4-IG suction cup,16316.28,0,0,https://www.google.com/search?tbm=isch&q=SCHMALZ+10.01.01.11441
SIEMENS,6ES7193-4CA50-0AA0,6ES7193-4CA50-0AA0 TERMINAL TM-E15C26-A1,16309.82,0,0,https://www.google.com/search?tbm=isch&q=SIEMENS+6ES7193-4CA50-0AA0
SIEMENS,3RK1301-0AB13-1AA4,"Motorstarter F-RS1e-X (0,3-3A) revers.",16296.72,0,0,https://www.google.com/search?tbm=isch&q=SIEMENS+3RK1301-0AB13-1AA4
WEIDMUELLER,2540890000,525-230 ENERGY METER Energiemessgerät,0,1916.46,0,https://www.google.com/search?tbm=isch&q=WEIDMUELLER+2540890000
RITTAL,2388.2,Shielding clip,16288.23,0,0,https://www.google.com/search?tbm=isch&q=RITTAL+2388.2
HILTI,2062716_,HIT-HY 200-R,16278.99,0,0,https://www.google.com/search?tbm=isch&q=HILTI+2062716_
EUCHNER,"C-M12F05-05X034PU10,0-M12M05-119947","C-M12F05-05X034PU10,0-M12M05-119947",16271.72,0,0,"https://www.google.com/search?tbm=isch&q=EUCHNER+C-M12F05-05X034PU10,0-M12M05-119947"
FESTO,1463495_0200-C-PPVA,DSBC-080-0200-C-PPVA cylinder,16268.35,0,0,https://www.google.com/search?tbm=isch&q=FESTO+1463495_0200-C-PPVA
FESTO,51EF34GCQWNMKBQNNMKBUKAPKAS/45PAVU4A7JL,valve terminal CPX/VTSA-F Art.Nr. 547965,16234.2,0,0,https://www.google.com/search?tbm=isch&q=FESTO+51EF34GCQWNMKBQNNMKBUKAPKAS/45PAVU4A7JL
IGUS,2600.06.075.0 L=4424MM+ 2606.34PZ.A2,2600.06.075.0 L=4424mm+ 2606.34PZ.A2,16229.49,0,0,https://www.google.com/search?tbm=isch&q=IGUS+2600.06.075.0+L=4424MM++2606.34PZ.A2
FESTO,51EF44GCQWNMKBQNNGKAQFS/45PAXP2SMEPP2B2J,valve terminal VTSA-F art.no.547965,16226.72,0,0,https://www.google.com/search?tbm=isch&q=FESTO+51EF44GCQWNMKBQNNGKAQFS/45PAXP2SMEPP2B2J
VARIOUS,JQ510120019,JQ510120019,16205.28,0,0,https://www.google.com/search?tbm=isch&q=VARIOUS+JQ510120019
LUMBERG,5M2F2-9056/1M,AL-WAK5-1-AL-WAS5/S7400/S8080,16205.0,0,0,https://www.google.com/search?tbm=isch&q=LUMBERG+5M2F2-9056/1M
LENZE,QEV111AC6M7F,QEV111AC6M7F,16192.42,0,0,https://www.google.com/search?tbm=isch&q=LENZE+QEV111AC6M7F
FESTO,51EF34GCQWNMKBQNNLKAS/45PAVU2A2J2L,valve unit VTSA-F,16160.14,0,0,https://www.google.com/search?tbm=isch&q=FESTO+51EF34GCQWNMKBQNNLKAS/45PAVU2A2J2L
FESTO,51EF34GCQWNMKBQNNMKBS/45PAVU3A5JL,valve unit,16156.2,0,0,https://www.google.com/search?tbm=isch&q=FESTO+51EF34GCQWNMKBQNNMKBS/45PAVU3A5JL
LUMBERG,RST4-RKWT/LEDR4-9029/1.5M,RST4-RKWT/LEDR4-9029/1.5M CABLE,16140.0,0,0,https://www.google.com/search?tbm=isch&q=LUMBERG+RST4-RKWT/LEDR4-9029/1.5M
SANKYO,27038075,UWP-38x75 slide plate,16128.0,0,0,https://www.google.com/search?tbm=isch&q=SANKYO+27038075
HELUKABEL,10123,"Steuerleitung 4G2,5qmm nummeriert",16115.0,0,0,https://www.google.com/search?tbm=isch&q=HELUKABEL+10123
ESCHA,8054040,"I/O-junction box, M12x8, with 20m cable",16092.0,0,0,https://www.google.com/search?tbm=isch&q=ESCHA+8054040
VARIOUS,P325M30,EM-21-10.40-07 Zahnscheibe,0,1889.4,0,https://www.google.com/search?tbm=isch&q=VARIOUS+P325M30
ROLLON,DSS43-1970-2206,DSS43-1970-2206 Rail,16052.99,0,0,https://www.google.com/search?tbm=isch&q=ROLLON+DSS43-1970-2206
FESTO,51EF44GCQWNMKBQNNMKBNMKBNMKBNMKBS/45PAVU,valve terminal VTSA-F art.no.547965,16047.8,0,0,https://www.google.com/search?tbm=isch&q=FESTO+51EF44GCQWNMKBQNNMKBNMKBNMKBNMKBS/45PAVU
THK,RU297UUC0X,RU297UUC0X Bearing,16000.0,0,0,https://www.google.com/search?tbm=isch&q=THK+RU297UUC0X
TURCK,6626716,RKC4.4T-15-RSC4.4T/TXL,15995.0,0,0,https://www.google.com/search?tbm=isch&q=TURCK+6626716
LENZE,13019112,"Anschlussleitung LCU1,5mm²,10m",15985.13,0,0,https://www.google.com/search?tbm=isch&q=LENZE+13019112
FESTO,51EF33GCQPNMKBNMKBNMKBT/45P-R-XS-SME-2B*,valve terminal VTSA-F-FB Art.Nr.547965,15980.1,0,0,https://www.google.com/search?tbm=isch&q=FESTO+51EF33GCQPNMKBNMKBNMKBT/45P-R-XS-SME-2B*
RITTAL,8885.5,Schaltschrank BHT: 800x1800x50,15976.4,0,0,https://www.google.com/search?tbm=isch&q=RITTAL+8885.5
VARIOUS,NFC-FLEX110 5G10,NFC-FLEX110 5G10 Cable,15972.0,0,0,https://www.google.com/search?tbm=isch&q=VARIOUS+NFC-FLEX110+5G10
FESTO,31769,LQG-040 BRACKET,15962.06,0,0,https://www.google.com/search?tbm=isch&q=FESTO+31769
HELUKABEL,JZ-HF 3G1 MM² GY,JZ-HF 3G1 mm² GY Cable,15962.0,0,0,https://www.google.com/search?tbm=isch&q=HELUKABEL+JZ-HF+3G1+MM²+GY
TURCK,WKC4.4T-2-RSC4.4T/TXL,WKC4.4T-2-RSC4.4T/TXL cable,15960.0,0,0,https://www.google.com/search?tbm=isch&q=TURCK+WKC4.4T-2-RSC4.4T/TXL
TUCKER,M016424,SMB151.00.00 MASS RAIL BGR M016424,15946.44,0,0,https://www.google.com/search?tbm=isch&q=TUCKER+M016424
KEYENCE,GL-R74F,GL-R74F Raster,15929.22,0,0,https://www.google.com/search?tbm=isch&q=KEYENCE+GL-R74F
SANKYO,21042200,SOL32-250 slide plate L Typ B drilled,15908.1,0,0,https://www.google.com/search?tbm=isch&q=SANKYO+21042200
FESTO,51EF34GCQWNMKBQNNMKBNMKBNMKBS/45PAVU4A6J,Valve terminal VTSA-F Art.No.547965,15903.56,0,0,https://www.google.com/search?tbm=isch&q=FESTO+51EF34GCQWNMKBQNNMKBNMKBNMKBS/45PAVU4A6J
OBO BETTERMANN,6249850,6249850 KSR 60060,15887.11,0,0,https://www.google.com/search?tbm=isch&q=OBO+BETTERMANN+6249850
FESTO,186513,HE-1/4-D-MIDI Handventil entlüftet,15881.74,0,0,https://www.google.com/search?tbm=isch&q=FESTO+186513
FESTO,51EF34GCQWNMKBQNNMKBNMKBNMKBS*****,valve island,15869.72,0,0,https://www.google.com/search?tbm=isch&q=FESTO+51EF34GCQWNMKBQNNMKBNMKBNMKBS*****
VARIOUS,KVVR 18G1,KVVR 18G1 cable,15868.0,0,0,https://www.google.com/search?tbm=isch&q=VARIOUS+KVVR+18G1
GSEE,EIZ4 EIZ4-5M/F21/LG,EIZ4 EIZ4-5M/F21/LG Profinet,15856.1,0,0,https://www.google.com/search?tbm=isch&q=GSEE+EIZ4+EIZ4-5M/F21/LG
FESTO,51EF44GCQWNMKBNMKBS/45PAXSSME4ASKSK4J2L,Valve island,15852.86,0,0,https://www.google.com/search?tbm=isch&q=FESTO+51EF44GCQWNMKBNMKBS/45PAXSSME4ASKSK4J2L
FESTO,51EF44GCQWNMKBQNNMKBNMKBNMKBNGKAQFS*45*,valve terminal VTSA-F art.no.547965,15851.06,0,0,https://www.google.com/search?tbm=isch&q=FESTO+51EF44GCQWNMKBQNNMKBNMKBNMKBNGKAQFS*45*
ESCHA,8086427,AL-WAK4-2-AL-WAS4/S370/S8080,15850.0,0,0,https://www.google.com/search?tbm=isch&q=ESCHA+8086427
RITTAL,1613,1613.000 Bus enclosure 800x300x155 mm,15825.66,0,0,https://www.google.com/search?tbm=isch&q=RITTAL+1613
FESTO,51EF34GCQWNMKBQNT45NGKAQFS/45PAXSS***,valve terminal CPX/VTSA-F Art.Nr. 547965,15810.22,0,0,https://www.google.com/search?tbm=isch&q=FESTO+51EF34GCQWNMKBQNT45NGKAQFS/45PAXSS***
TURCK,1634240,Bi3U-MT12-AP6X-H1141 sensor inductiv,15796.57,0,0,https://www.google.com/search?tbm=isch&q=TURCK+1634240
IGUS,"E4.56.15.250.0+E4.560.15.2.12.C 9,282M","E4.56.15.250.0+E4.560.15.2.12.C 9,282m",15784.44,0,0,"https://www.google.com/search?tbm=isch&q=IGUS+E4.56.15.250.0+E4.560.15.2.12.C+9,282M"
TUCKER,61250277,61250277 Sensor,15783.9,0,0,https://www.google.com/search?tbm=isch&q=TUCKER+61250277
TUCKER,61250276,61250276 Sensor,15783.9,0,0,https://www.google.com/search?tbm=isch&q=TUCKER+61250276
TUCKER,61250275,61250275 Sensor,15783.9,0,0,https://www.google.com/search?tbm=isch&q=TUCKER+61250275
ESCHA,"AL-WWAK4P3.1-7,5-AL-WAS4/S740","AL-WWAK4P3.1-7,5-AL-WAS4/S740 Connector",15760.0,0,0,"https://www.google.com/search?tbm=isch&q=ESCHA+AL-WWAK4P3.1-7,5-AL-WAS4/S740"
TURCK,WKC4.4T-3-RSC4.4T/TXL,WKC4.4T-3-RSC4.4T/TXL cable,15750.0,0,0,https://www.google.com/search?tbm=isch&q=TURCK+WKC4.4T-3-RSC4.4T/TXL
RITTAL,5368.05,PC5368.050 PC enclosure system,15662.02,0,0,https://www.google.com/search?tbm=isch&q=RITTAL+5368.05
FESTO,561702,PUN-V0-06x2-BL-C tube,15657.15,0,0,https://www.google.com/search?tbm=isch&q=FESTO+561702
EATON,K2X240/3*1+H-K2X240/5*1+D-K240*3,K2x240/3-W terminal board,15642.18,0,0,https://www.google.com/search?tbm=isch&q=EATON+K2X240/3*1+H-K2X240/5*1+D-K240*3
SIEMENS,6ES7158-3AD01-0XA0,6ES7158-3AD01-0XA0 PN/PN COUPLER,15621.24,0,0,https://www.google.com/search?tbm=isch&q=SIEMENS+6ES7158-3AD01-0XA0
MARVTECH,10122561,EDM4-1-EDM4/PN21/HBK Cable,15611.0,0,0,https://www.google.com/search?tbm=isch&q=MARVTECH+10122561
FEE,1271379,1271379 Additional NH in-line fuse switc,0,1836.0,0,https://www.google.com/search?tbm=isch&q=FEE+1271379
TÜNKERS,SZK 63.1 BR3 B X 60 T12,SZK 63.1 BR3 B x 60 T12 pin cylinder,15600.0,0,0,https://www.google.com/search?tbm=isch&q=TÜNKERS+SZK+63.1+BR3+B+X+60+T12
TÜNKERS,SZVD 50 Z A13 T12,SZVD 50 Z A13 T12 40 Retract pin cylind.,15600.0,0,0,https://www.google.com/search?tbm=isch&q=TÜNKERS+SZVD+50+Z+A13+T12
FESTO,51EF34GCQWNMKBQNNGKAQFS/45PAVU2BOJ2L,Valve island,15599.72,0,0,https://www.google.com/search?tbm=isch&q=FESTO+51EF34GCQWNMKBQNNGKAQFS/45PAVU2BOJ2L
DESTACO,82M-3E030040K8ALR25,82M-3E030040K8ALR25 clamp 135°,15598.62,0,0,https://www.google.com/search?tbm=isch&q=DESTACO+82M-3E030040K8ALR25
Jianxin,4-12MM,pin puller_4-12mm,15595.87,0,0,https://www.google.com/search?tbm=isch&q=Jianxin+4-12MM
VARIOUS,EGT084,EGT_084 cross connection SW50/SW50,15593.72,0,0,https://www.google.com/search?tbm=isch&q=VARIOUS+EGT084
FESTO,6147,"SG-M20X1,5 Rod clevis",15589.81,0,0,https://www.google.com/search?tbm=isch&q=FESTO+6147
FESTO,174416,ZNCF-100 Trunnion flange,15585.48,0,0,https://www.google.com/search?tbm=isch&q=FESTO+174416
SIEMENS,4NC5228-2FE21,4NC5228-2FE21 transformer,15580.95,0,0,https://www.google.com/search?tbm=isch&q=SIEMENS+4NC5228-2FE21
FESTO,51EF44GCQWNMKBQNNGKAQFS/***,ValveTerminal Art.Nr.547965,15562.4,0,0,https://www.google.com/search?tbm=isch&q=FESTO+51EF44GCQWNMKBQNNGKAQFS/***
SCHMALZ,10.01.03.00309,HTR-UNI 2N G2 200 Universal holder,15556.58,0,0,https://www.google.com/search?tbm=isch&q=SCHMALZ+10.01.03.00309
PATLITE,LKEH-302FV,LKEH-302FV alarm,15552.0,0,0,https://www.google.com/search?tbm=isch&q=PATLITE+LKEH-302FV
TÜNKERS,APH2 40.5 H BR2 A60 T12,APH2 40.5 H BR2 A60 T12 10-120° Clamp,15547.0,0,0,https://www.google.com/search?tbm=isch&q=TÜNKERS+APH2+40.5+H+BR2+A60+T12
FESTO,51EF34GCQWNMKBQNUKAPKAS/45PAVU2A2J2L,Valve island,15534.26,0,0,https://www.google.com/search?tbm=isch&q=FESTO+51EF34GCQWNMKBQNUKAPKAS/45PAVU2A2J2L
SEW EURODRIVE,18166571/1.0,Cable prefabricado 1.0 m,15518.7,0,0,https://www.google.com/search?tbm=isch&q=SEW+EURODRIVE+18166571/1.0
SICK,2092106,DOL-1208G30MD25KM1,15511.5,0,0,https://www.google.com/search?tbm=isch&q=SICK+2092106
SEW EURODRIVE,18222803,handle 390-Option MP 18222803,15505.15,0,0,https://www.google.com/search?tbm=isch&q=SEW+EURODRIVE+18222803
UNIVER,UCBP50VESK0,UCBP50VESK0 Cylinder,15500.0,0,0,https://www.google.com/search?tbm=isch&q=UNIVER+UCBP50VESK0
SIEMENS,3RT2026-1BB44-3MA0,3RT2026-1BB44-3MA0 Contactor,15497.3,0,0,https://www.google.com/search?tbm=isch&q=SIEMENS+3RT2026-1BB44-3MA0
LAPP,83011320400,"ÖLFLEX® SERVO PLCY 4 G 2,5",15492.0,0,0,https://www.google.com/search?tbm=isch&q=LAPP+83011320400
FESTO,51ENMKBNMKBQWF35GCQNT/45PRXSLX3BOZOWH2J3,valve island,15487.52,0,0,https://www.google.com/search?tbm=isch&q=FESTO+51ENMKBNMKBQWF35GCQNT/45PRXSLX3BOZOWH2J3
SEW EURODRIVE,13324535/10.0,13324535/10.0 Konfektioniertes Kabel 10m,15485.83,0,3,https://www.google.com/search?tbm=isch&q=SEW+EURODRIVE+13324535/10.0
FESTO,8155658,I.7-MS6-WE maintenance unit,15484.4,0,0,https://www.google.com/search?tbm=isch&q=FESTO+8155658
VARIOUS,W1200*H(1600+200)*D600,W1200*H(1600+200)*D600 Cabinet Dong'an,15483.2,0,0,https://www.google.com/search?tbm=isch&q=VARIOUS+W1200*H(1600+200)*D600
FESTO,51EF44GCQWNMKBNMKBNLKAS/45PAVSMEPP**,Ventilinsel VTSA-F Art.Nr.547965,15477.39,0,0,https://www.google.com/search?tbm=isch&q=FESTO+51EF44GCQWNMKBNMKBNLKAS/45PAVSMEPP**
FESTO,SFAB10UWQ82SVM12,SFAB-10U-WQ8-2SV-M12 Flow sensors SFAH,15471.6,0,0,https://www.google.com/search?tbm=isch&q=FESTO+SFAB10UWQ82SVM12
SEW EURODRIVE,18201369,BW039-012-T Bremswiderstand kpl.,15469.04,0,0,https://www.google.com/search?tbm=isch&q=SEW+EURODRIVE+18201369
FESTO,51EF44GCQWNMKBNMKBNLKANGKAQFS/45PAV*,Ventilinsel VTSA-F Art.Nr.547965,15412.62,0,0,https://www.google.com/search?tbm=isch&q=FESTO+51EF44GCQWNMKBNMKBNLKANGKAQFS/45PAV*
HELUKABEL,707232,TOPSERV® 113 PUR (4G6+(2x1)) mm² OG,15407.52,0,0,https://www.google.com/search?tbm=isch&q=HELUKABEL+707232
TURCK,WKC4.5T-P7X3.1-2-RSC4.5T/TXO,WKC4.5T-P7X3.1-2-RSC4.5T/TXO Cable,15400.0,0,0,https://www.google.com/search?tbm=isch&q=TURCK+WKC4.5T-P7X3.1-2-RSC4.5T/TXO
VARIOUS,PD63A13S12H25,PD63A13S12H25,15400.0,0,0,https://www.google.com/search?tbm=isch&q=VARIOUS+PD63A13S12H25
SMC,ASP630F-F04-10S,"ASP630F-F04-10S stop valve 1/2""",15399.0,0,0,https://www.google.com/search?tbm=isch&q=SMC+ASP630F-F04-10S
FESTO,51EF33GCQPNMKBNMKBT/45PAXSSME3BOZO*,valve terminal VTSA-F-FB Art.Nr.547965,15396.18,0,0,https://www.google.com/search?tbm=isch&q=FESTO+51EF33GCQPNMKBNMKBT/45PAXSSME3BOZO*
MULTI CONTACT,33002380,ROBIFIX-W Befestigungswinkel / Angle,15371.08,0,0,https://www.google.com/search?tbm=isch&q=MULTI+CONTACT+33002380
FESTO,51ENMKBQWF35GCQNT/45PRXSLX2AOZOWH2JL,Ventilinsel VTSA-F-FB Art.Nr.: 547965,15366.02,0,0,https://www.google.com/search?tbm=isch&q=FESTO+51ENMKBQWF35GCQNT/45PRXSLX2AOZOWH2JL
FESTO,51EF44GCQWNMKBNMKBNMKBNLKANGKAQFS/45PAV*,Ventilinsel VTSA-F Art.Nr.547965,15361.84,0,0,https://www.google.com/search?tbm=isch&q=FESTO+51EF44GCQWNMKBNMKBNMKBNLKANGKAQFS/45PAV*
PARKER,80112BLKRL,"801-12-BLK-RL 3/4"" Parker Push-Lok Hose",15352.8,0,0,https://www.google.com/search?tbm=isch&q=PARKER+80112BLKRL
GEBERIT,83306,Bogen 90° Ø 35  I/A,0,1803.8,0,https://www.google.com/search?tbm=isch&q=GEBERIT+83306
SIEMENS,3RH2122-2BB40,SIRIUS HS   22E 2S+2Ö  24VDC Varistor mi,15331.84,0,0,https://www.google.com/search?tbm=isch&q=SIEMENS+3RH2122-2BB40
FESTO,1646711,DSBG-050-050-PPVA-N3 cylinder,15323.87,0,0,https://www.google.com/search?tbm=isch&q=FESTO+1646711
VARIOUS,EGT200,EGT-200 T-nut,15300.0,0,0,https://www.google.com/search?tbm=isch&q=VARIOUS+EGT200
VARIOUS,NFC-FLEX110 4G1.5,NFC-FLEX110 4G1.5 Cable,15300.0,0,0,https://www.google.com/search?tbm=isch&q=VARIOUS+NFC-FLEX110+4G1.5
FESTO,51EF44GCQWNMKBQNNMKBS/45PAVSME2A3JL,Ventilinsel VTSA-F Art.Nr.547965,15272.84,0,0,https://www.google.com/search?tbm=isch&q=FESTO+51EF44GCQWNMKBQNNMKBS/45PAVSME2A3JL
SMC,MHM-16D1-P3DWASE,MHM-16D1-P3DWASE MAGNET,15272.0,0,0,https://www.google.com/search?tbm=isch&q=SMC+MHM-16D1-P3DWASE
MARVTECH,10122412,EDM4-5-EDM4/PN21/HBK Cable,15264.0,0,0,https://www.google.com/search?tbm=isch&q=MARVTECH+10122412
FESTO,51EF44GCQWNMKBQNNMKBNLKAS/45PAXSSME2ASKS,Valve island,15253.94,0,0,https://www.google.com/search?tbm=isch&q=FESTO+51EF44GCQWNMKBQNNMKBNLKAS/45PAXSSME2ASKS
FESTO,51ENMKBQWF34GCQNNGKAQFS/45PAXP2SMEPP1BJL,valve terminal VTSA-F-FB Art.Nr. 547965,15250.96,0,0,https://www.google.com/search?tbm=isch&q=FESTO+51ENMKBQWF34GCQNNGKAQFS/45PAXP2SMEPP1BJL
VARIOUS,DN150*DN65,DN150*DN65 flange,15246.0,0,0,https://www.google.com/search?tbm=isch&q=VARIOUS+DN150*DN65
FESTO,51EF34GCQWNMKBQNNMKBS/45PAXP2UPM3B,valve terminal CPX/VTSA-F Art.Nr. 547965,15229.8,0,0,https://www.google.com/search?tbm=isch&q=FESTO+51EF34GCQWNMKBQNNMKBS/45PAXP2UPM3B
SCHMALZ,10.01.17.00316,SGM-HP 30 G1/8-IG magnet gripper,15226.68,0,0,https://www.google.com/search?tbm=isch&q=SCHMALZ+10.01.17.00316
LEONI,FR1410-BU,FR 14x10-BU Hose,15203.0,0,0,https://www.google.com/search?tbm=isch&q=LEONI+FR1410-BU
LEONI,FR1410CBC-WH,FR 14x10CBC-WH Hose,15203.0,0,0,https://www.google.com/search?tbm=isch&q=LEONI+FR1410CBC-WH
LUMBERG,STL 9056/500M,STL 9056/500M Cable,15200.0,0,0,https://www.google.com/search?tbm=isch&q=LUMBERG+STL+9056/500M
SEW EURODRIVE,18201407,18201407 Bremswiderstand,15157.52,0,0,https://www.google.com/search?tbm=isch&q=SEW+EURODRIVE+18201407
SENSOPART,532-51104,V10/V20 Illumination cable 2x M12/12-pol,15155.2,0,0,https://www.google.com/search?tbm=isch&q=SENSOPART+532-51104
TÜNKERS,V2 63.1 Z A10 T12 45-105°,V2 63.1 Z A10 T12 45-105° Cylinder,15150.0,0,0,https://www.google.com/search?tbm=isch&q=TÜNKERS+V2+63.1+Z+A10+T12+45-105°
SIEMENS,2KJ4205-1DC23-3AG1-Z,2KJ4205-1DC23-3AG1-Z,15139.12,0,0,https://www.google.com/search?tbm=isch&q=SIEMENS+2KJ4205-1DC23-3AG1-Z
SMC,C-VQM2-00000004WP8-EBBL,C-VQM2-00000004WP8-EBBL Valve Island,15128.0,0,0,https://www.google.com/search?tbm=isch&q=SMC+C-VQM2-00000004WP8-EBBL
DESTACO,85D5-2C4L810HS4,85D5-2C4L810HS4 double pin cylinder,15115.31,0,0,https://www.google.com/search?tbm=isch&q=DESTACO+85D5-2C4L810HS4
SEW EURODRIVE,PSBF321CMP63L/BK/PK/AK1H/SB1,PSBF321CMP63L/BK/PK/AK1H/SB1 GEARMOTOR,15103.54,0,0,https://www.google.com/search?tbm=isch&q=SEW+EURODRIVE+PSBF321CMP63L/BK/PK/AK1H/SB1
FESTO,51ENDGSNMKBNMKBNMKBQWF34GCQNNGKAQFS/45P*,valve terminal VTSA-F art.no.547965,15041.51,0,0,https://www.google.com/search?tbm=isch&q=FESTO+51ENDGSNMKBNMKBNMKBQWF34GCQNNGKAQFS/45P*
SMC,58495,VR1220F-10 shuttle valve,15040.0,0,0,https://www.google.com/search?tbm=isch&q=SMC+58495
MARVTECH,10250607,MF5-15-MM5/C00/YE/CYE Cable,15022.0,0,0,https://www.google.com/search?tbm=isch&q=MARVTECH+10250607
TURCK,RJ45S-RJ45S-4422-35M,RJ45S-RJ45S-4422-35M Cable,15019.0,0,0,https://www.google.com/search?tbm=isch&q=TURCK+RJ45S-RJ45S-4422-35M
LENZE,QEV111ACSJDW,"Bremswiderstand 27Ohm, 600W",15012.07,0,0,https://www.google.com/search?tbm=isch&q=LENZE+QEV111ACSJDW
SKF,6002-2Z,6002-2Z Bearing,15006.08,0,0,https://www.google.com/search?tbm=isch&q=SKF+6002-2Z
SCHMALZ,10.02.02.05400,SCPi-FS 15 NO RP M12-5 compact ejector,15000.0,0,0,https://www.google.com/search?tbm=isch&q=SCHMALZ+10.02.02.05400
YANGZHOU RUIJIE HYDRAULIC TECHNOLOGY,RT08/RT08,RT08/RT08,15000.0,0,0,https://www.google.com/search?tbm=isch&q=YANGZHOU+RUIJIE+HYDRAULIC+TECHNOLOGY+RT08/RT08
FESTO,51EF44GCQWNMKBNMKBNMKBNLKAS/45PAVSMEPP3,valve terminal VTSA-F art.no.547965,14987.97,0,0,https://www.google.com/search?tbm=isch&q=FESTO+51EF44GCQWNMKBNMKBNMKBNLKAS/45PAVSMEPP3
BOSCH REXROTH,3842993139_0386,3 842 993 139 L=0386 Profil 40X120L,0,1762.6,1,https://www.google.com/search?tbm=isch&q=BOSCH+REXROTH+3842993139_0386
SMC,C-VQM2-00000044W28-EBLL,C-VQM2-00000044W28-EBLL Valve,14972.0,0,0,https://www.google.com/search?tbm=isch&q=SMC+C-VQM2-00000044W28-EBLL
FESTO,560194,HGPT-16-A-B-G2 Parallelgreifer,14969.85,0,0,https://www.google.com/search?tbm=isch&q=FESTO+560194
FESTO,51ENDGSNDGSNDGSNLKANMKBNMKBNMKBQWF34G...,valve island,14944.89,0,0,https://www.google.com/search?tbm=isch&q=FESTO+51ENDGSNDGSNDGSNLKANMKBNMKBNMKBQWF34G...
FESTO,1722457_0400-C-PPVA,DSBC-125-0400-C-PPVA Zylinder,14936.12,0,0,https://www.google.com/search?tbm=isch&q=FESTO+1722457_0400-C-PPVA
FESTO,51EF44GCQWNMKBNMKBNGKAQFS/45PAXP2*,Ventilinsel VTSA-F Art.Nr.547965,14930.24,0,0,https://www.google.com/search?tbm=isch&q=FESTO+51EF44GCQWNMKBNMKBNGKAQFS/45PAXP2*
SIEMENS,6AV7674-1MA00-0AA0,6AV7674-1MA00-0AA0 EMERGENCY STOP button,14899.61,0,0,https://www.google.com/search?tbm=isch&q=SIEMENS+6AV7674-1MA00-0AA0
TÜNKERS,MK 63.1 A40 T12 90°,MK 63.1 A40 T12 090° clamp,14896.0,0,0,https://www.google.com/search?tbm=isch&q=TÜNKERS+MK+63.1+A40+T12+90°
LENZE,QEV111ACZJTL,"Anschlussleitung 6mm², 25m, HAN Modular",14884.01,0,0,https://www.google.com/search?tbm=isch&q=LENZE+QEV111ACZJTL
SMC,C-VQM2-00000044WC8-EBBBBBBLL,C-VQM2-00000044WC8-EBBBBBBLL,14865.0,0,0,https://www.google.com/search?tbm=isch&q=SMC+C-VQM2-00000044WC8-EBBBBBBLL
SICK,2015623,2015623 MOUNTING KIT 1,14840.02,0,0,https://www.google.com/search?tbm=isch&q=SICK+2015623
TURCK,RJ45S-RJ45S-4422-50M,RJ45S-RJ45S-4422-50M Cable,14824.0,0,0,https://www.google.com/search?tbm=isch&q=TURCK+RJ45S-RJ45S-4422-50M
OBO BETTERMANN,6067157,6067157 RU VK 11O FS plate,14817.83,0,0,https://www.google.com/search?tbm=isch&q=OBO+BETTERMANN+6067157
FESTO,51EF34GCQWNMKBQNNMKBNMKBS/45PAVU4A7JL,valve terminal CPX/VTSA-F Art.Nr. 547965,14804.02,0,0,https://www.google.com/search?tbm=isch&q=FESTO+51EF34GCQWNMKBQNNMKBNMKBS/45PAVU4A7JL
BELDEN,3G1.5 G8U,3G1.5 G8U CABLE,14800.0,0,0,https://www.google.com/search?tbm=isch&q=BELDEN+3G1.5+G8U
TÜNKERS,V 63.1 ZR A10 T00 45°-120°,V 63.1 ZR A10 T00 45°-120° clamp,14794.0,0,0,https://www.google.com/search?tbm=isch&q=TÜNKERS+V+63.1+ZR+A10+T00+45°-120°
SMC,VM131-01-01SA,VM131-01-01SA MECHANICAL VALVE,14784.0,0,0,https://www.google.com/search?tbm=isch&q=SMC+VM131-01-01SA
VARIOUS,2.2MX0.9M,2.2mx0.9m white Color steel tile,14783.92,0,0,https://www.google.com/search?tbm=isch&q=VARIOUS+2.2MX0.9M
FESTO,51EF34GCQWNMKBS/45PAVU3A3O3L,valve terminal VTSA-F art.no.547965,14771.6,0,0,https://www.google.com/search?tbm=isch&q=FESTO+51EF34GCQWNMKBS/45PAVU3A3O3L
RITTAL,2379.8,Tastatur-Klapplade mit Mousepad,14757.9,0,0,https://www.google.com/search?tbm=isch&q=RITTAL+2379.8
WEIDMUELLER,2493720250,SAIL-M12GM12G-CD-2.5TV,14745.38,0,0,https://www.google.com/search?tbm=isch&q=WEIDMUELLER+2493720250
SMC,JMHZ2-20D-M9P,JMHZ2-20D-M9P cylinder,14742.0,0,0,https://www.google.com/search?tbm=isch&q=SMC+JMHZ2-20D-M9P
OBO BETTERMANN,6049248,6049248 SPHS 4.8*9.5G screw,14717.42,0,0,https://www.google.com/search?tbm=isch&q=OBO+BETTERMANN+6049248
FESTO,51EF34GCQWNMKBQNNMKBNMKBNLKAS/45PAVU3A5J,Valve terminal VTSA-F Art.No.547965,14684.54,0,0,https://www.google.com/search?tbm=isch&q=FESTO+51EF34GCQWNMKBQNNMKBNMKBNLKAS/45PAVU3A5J
SCHNEIDER,ATV340U40N4,ATV340U40N4 Frequency converter,14666.28,0,0,https://www.google.com/search?tbm=isch&q=SCHNEIDER+ATV340U40N4
FESTO,51EF44GCQWNMKBS/,valve terminal VTSA-F art.no.547965,14655.64,0,0,https://www.google.com/search?tbm=isch&q=FESTO+51EF44GCQWNMKBS/
GSEE,10091021,EZ4112-0/9 CABLE,14655.6,0,0,https://www.google.com/search?tbm=isch&q=GSEE+10091021
PEPPERL&FUCHS,284439,V1-W-BK15M-PUR-U5/ABG-V1-W cable,14654.76,0,0,https://www.google.com/search?tbm=isch&q=PEPPERL&FUCHS+284439
INA,PWKR902RSXL,PWKR90-2RS-XL KURVENROLLE,14640.0,0,0,https://www.google.com/search?tbm=isch&q=INA+PWKR902RSXL
HILTI,2022697,HIT-HY 200-A 500/2 Injektionsmörtel,14632.8,0,0,https://www.google.com/search?tbm=isch&q=HILTI+2022697
SIEMENS,6ES7390-1AB60-0AA0,6ES7390-1AB60-0AA0 S7-300 RAIL L=160MM,14632.63,0,0,https://www.google.com/search?tbm=isch&q=SIEMENS+6ES7390-1AB60-0AA0
THK,SHS55C4ZZ+2600L G=35,SHS55C4ZZ+2600L G=35 Rail,14600.0,0,0,https://www.google.com/search?tbm=isch&q=THK+SHS55C4ZZ+2600L+G=35
TURCK,WKC4.5T-P7X3.1-1-RSC4.5T/TXO,WKC4.5T-P7X3.1-1-RSC4.5T/TXO Cable,14600.0,0,0,https://www.google.com/search?tbm=isch&q=TURCK+WKC4.5T-P7X3.1-1-RSC4.5T/TXO
SEW EURODRIVE,28125673/40M,28125673/40m Cable,14593.56,0,0,https://www.google.com/search?tbm=isch&q=SEW+EURODRIVE+28125673/40M
THK,HSR20C1SS+220L,HSR20C1SS+220L Rail,14562.88,0,0,https://www.google.com/search?tbm=isch&q=THK+HSR20C1SS+220L
SKF,KRE 40 PPA,KRE-40-PPA cam roller,14560.0,0,0,https://www.google.com/search?tbm=isch&q=SKF+KRE+40+PPA
FESTO,578350,NPQH-D-G12-Q12 Push-in fitting,14559.37,0,0,https://www.google.com/search?tbm=isch&q=FESTO+578350
VARIOUS,RST0822RJ,RST0822RJ Connector Changzhou Ruijie,14526.0,0,0,https://www.google.com/search?tbm=isch&q=VARIOUS+RST0822RJ
IFM,E10076,E10076 Befestigungsschelle,14516.8,0,0,https://www.google.com/search?tbm=isch&q=IFM+E10076
FESTO,51EF34GCQWNMKBQNNMKBNGKAQFS/45PAVU***,valve terminal CPX/VTSA-F Art.Nr. 547965,14516.14,0,0,https://www.google.com/search?tbm=isch&q=FESTO+51EF34GCQWNMKBQNNMKBNGKAQFS/45PAVU***
SICK,1057945,RFU630 Radio Frequen.Sensor Set,14500.0,0,0,https://www.google.com/search?tbm=isch&q=SICK+1057945
PHOENIX,2861988,IB IL24DO 4-2MBD-PAC OUT TERMINAL 24VDC,14486.88,0,0,https://www.google.com/search?tbm=isch&q=PHOENIX+2861988
SMC,C-VQM2-00000044WC8-EBBBBLL,C-VQM2-00000044WC8-EBBBBLL,14469.0,0,0,https://www.google.com/search?tbm=isch&q=SMC+C-VQM2-00000044WC8-EBBBBLL
FESTO,51EF44GCQWNMKBNMKBNGKAQFS/45PAXP2**,Ventilinsel VTSA-F Art.Nr.547965,14459.12,0,0,https://www.google.com/search?tbm=isch&q=FESTO+51EF44GCQWNMKBNMKBNGKAQFS/45PAXP2**
SIP,JQ10.9A01.01117,JQ10.9A01.01117 Cabinet,14455.75,0,0,https://www.google.com/search?tbm=isch&q=SIP+JQ10.9A01.01117
SMC,880920,AN10-01 Silencer,14440.0,0,0,https://www.google.com/search?tbm=isch&q=SMC+880920
SANKYO,118050030,SOBF-50x60x30 bush with collar,14406.0,0,0,https://www.google.com/search?tbm=isch&q=SANKYO+118050030
LENZE,13390494,EYP0026A0400H02A00 Length: 40m,14393.83,0,0,https://www.google.com/search?tbm=isch&q=LENZE+13390494
VARIOUS,LC 3G6,LC 3G6 Cable,14387.68,0,0,https://www.google.com/search?tbm=isch&q=VARIOUS+LC+3G6
TÜNKERS,SZKD 63.5 BR3 A23 AM T12 T 60,SZKD 63.5 BR3 A23 AM T12 T 60 Cylinder,14376.07,0,0,https://www.google.com/search?tbm=isch&q=TÜNKERS+SZKD+63.5+BR3+A23+AM+T12+T+60
TÜNKERS,SZKD 63.5 BR3 A13 AM T12 T 60,SZKD 63.5 BR3 A13 AM T12 T 60 Cylinder,14376.07,0,0,https://www.google.com/search?tbm=isch&q=TÜNKERS+SZKD+63.5+BR3+A13+AM+T12+T+60
GEBERIT,82323,Reduzier Stück  Ø 54-35,0,1689.6,0,https://www.google.com/search?tbm=isch&q=GEBERIT+82323
STÄUBLI,100046314,100046314,14352.65,0,0,https://www.google.com/search?tbm=isch&q=STÄUBLI+100046314
VARIOUS,61250032/L=5.3M,61250032_L=5.3M SPR Tube,14344.0,0,0,https://www.google.com/search?tbm=isch&q=VARIOUS+61250032/L=5.3M
FESTO,51EF34GCQWNMKBQNNMKBNMKBS/45PAVU4A6J2LU,valve terminal CPX/VTSA-F Art.Nr. 547965,14341.44,0,0,https://www.google.com/search?tbm=isch&q=FESTO+51EF34GCQWNMKBQNNMKBNMKBS/45PAVU4A6J2LU
TURCK,6630924,RKC4.4T-15-RSC4.4T/TXL3013,14326.0,0,0,https://www.google.com/search?tbm=isch&q=TURCK+6630924
SMC,VV5QC41-03C10SD6F3N,VV5QC41-03C10SD6F3N Valve,14305.0,0,0,https://www.google.com/search?tbm=isch&q=SMC+VV5QC41-03C10SD6F3N
SIEMENS,5SY4106-7CC,5SY4106-7CC,14297.4,0,0,https://www.google.com/search?tbm=isch&q=SIEMENS+5SY4106-7CC
HELUKABEL,707231,TOPSERV® 113 PUR (4G4+(2x1)) mm² OG,14266.66,0,0,https://www.google.com/search?tbm=isch&q=HELUKABEL+707231
RITTAL,9344.01,"NH-Sicherungslasttrenner Gr.00, 160A, 3p",14257.6,0,0,https://www.google.com/search?tbm=isch&q=RITTAL+9344.01
ATLAS COPCO,1017594,1017594 tool,14250.0,0,0,https://www.google.com/search?tbm=isch&q=ATLAS+COPCO+1017594
SIEMENS,3SU1950-0HN10-0AA0,"Ständer für Zweihand-Bedienpult,",14187.6,1942.0,0,https://www.google.com/search?tbm=isch&q=SIEMENS+3SU1950-0HN10-0AA0
TURCK,RKM52-50-RSM52/WXS2204,RKM52-50-RSM52/WXS2204 Cable,14175.0,0,0,https://www.google.com/search?tbm=isch&q=TURCK+RKM52-50-RSM52/WXS2204
VARIOUS,DC50VA92S12,DC50VA92S12,14174.4,0,0,https://www.google.com/search?tbm=isch&q=VARIOUS+DC50VA92S12
VARIOUS,DC50VA91S12,DC50VA91S12,14174.4,0,0,https://www.google.com/search?tbm=isch&q=VARIOUS+DC50VA91S12
TURCK,RJ45S-RJ45S-4422-5M,RJ45S-RJ45S-4422-5M Cable,14160.0,0,0,https://www.google.com/search?tbm=isch&q=TURCK+RJ45S-RJ45S-4422-5M
MARVTECH,19800002,19800002-*M,14160.0,0,0,https://www.google.com/search?tbm=isch&q=MARVTECH+19800002
FESTO,51EF44GCQWNMKBQNNGKAQFS/45PAVSME3A6JU,Ventilinsel VTSA-F Art.Nr.547965,14158.07,0,0,https://www.google.com/search?tbm=isch&q=FESTO+51EF44GCQWNMKBQNNGKAQFS/45PAVSME3A6JU
LAPP,4520084,4520084  H07V-K PK PE 6mm2 pink,14158.0,0,0,https://www.google.com/search?tbm=isch&q=LAPP+4520084
SIEMENS,6ES7145-6HD00-0AB0,"SIMATIC DP, ET 200ECO PN, 4 AO U/I; 4 X",14142.24,0,0,https://www.google.com/search?tbm=isch&q=SIEMENS+6ES7145-6HD00-0AB0
SMC,C-VQM4-00000444WP0-EBBBBBUXXXXL,C-VQM4-00000444WP0-EBBBBBUXXXXL Valve,14130.0,0,0,https://www.google.com/search?tbm=isch&q=SMC+C-VQM4-00000444WP0-EBBBBBUXXXXL
FESTO,161855,CRZNG-063 Schwenkzapfen,14127.84,0,0,https://www.google.com/search?tbm=isch&q=FESTO+161855
SIEMENS,3SU1853-3NB00-1AA1,"Zweihand-Bedienpult,  3 Befehlsstellen",14113.26,0,0,https://www.google.com/search?tbm=isch&q=SIEMENS+3SU1853-3NB00-1AA1
FESTO,532317_025-B-PPV-A-GF,DFM-25-025-B-PPV-A-GF cylinder,14108.36,0,0,https://www.google.com/search?tbm=isch&q=FESTO+532317_025-B-PPV-A-GF
VARIOUS,EGT002 L=0328,EGT_002 / L=0328 8-Kt.Profil SW50,14080.99,0,0,https://www.google.com/search?tbm=isch&q=VARIOUS+EGT002+L=0328
VARIOUS,RV 70MM² GNYE,RV 70mm² GNYE cable,14070.0,0,0,https://www.google.com/search?tbm=isch&q=VARIOUS+RV+70MM²+GNYE
DESTACO,82M3E230080K8UMS45-135°,82M-3E230080K8-UMS45-135° cylinder,14068.2,0,0,https://www.google.com/search?tbm=isch&q=DESTACO+82M3E230080K8UMS45-135°
EUCHNER,92727,"Anschlussleitung PUR, L=25m, 18pol+PE",14066.08,0,0,https://www.google.com/search?tbm=isch&q=EUCHNER+92727
FESTO,51EF44GCQWNMKBQNNMKBNMKBNMKBNMKBNGKAQFS#,valve terminal VTSA-F art.no.547965,14058.23,0,0,https://www.google.com/search?tbm=isch&q=FESTO+51EF44GCQWNMKBQNNMKBNMKBNMKBNMKBNGKAQFS#
SIEMENS,3RT2038-1KB44-3MA0,3RT2038-1KB44-3MA0 Contactor,14052.65,0,0,https://www.google.com/search?tbm=isch&q=SIEMENS+3RT2038-1KB44-3MA0
LAPP,1119225,1119225 Control Cable 25G1mm2,14050.0,0,0,https://www.google.com/search?tbm=isch&q=LAPP+1119225
PNEUMAX,22OT1038,22OT1038 Connector,14044.06,0,0,https://www.google.com/search?tbm=isch&q=PNEUMAX+22OT1038
FESTO,529417,MS4-LR-1/4-D6-AS Druckregelventil,14025.24,0,0,https://www.google.com/search?tbm=isch&q=FESTO+529417
VARIOUS,RV-25MM2  GREEN-YELLOW,RV-25mm2  green-yellow Cable Qifan,14017.0,0,0,https://www.google.com/search?tbm=isch&q=VARIOUS+RV-25MM2++GREEN-YELLOW
SENSOPART,902-51820,"Ethernetkabel, 20 m, M12, gerade, 4-poli",14013.4,0,0,https://www.google.com/search?tbm=isch&q=SENSOPART+902-51820
FESTO,51EF34GCQWNMKBQNNMKBNMKBNMKBNMKBNMKB-S/,valve terminal VTSA-F art.no.547965,14004.16,0,0,https://www.google.com/search?tbm=isch&q=FESTO+51EF34GCQWNMKBQNNMKBNMKBNMKBNMKBNMKB-S/
BALLUFF,BES02JZ,BES M12MF1-PSC30A-S04G-W sensor inductiv,13990.0,0,0,https://www.google.com/search?tbm=isch&q=BALLUFF+BES02JZ
SANKYO,17250000,SOBW-25 Standard- Anlaufscheibe,13982.18,0,0,https://www.google.com/search?tbm=isch&q=SANKYO+17250000
VARIOUS,DC63HA92S12,DC63HA92S12,13972.84,0,0,https://www.google.com/search?tbm=isch&q=VARIOUS+DC63HA92S12
MARVTECH,10123039,EDM4-15-EDM4/PN21/HBK Cable,13962.9,0,0,https://www.google.com/search?tbm=isch&q=MARVTECH+10123039
WOEHNER,1583,"Busbar 455A 10x15,5x0,8, L 2m",13949.29,0,0,https://www.google.com/search?tbm=isch&q=WOEHNER+1583
PARKER,VKAM15LCF,VKAM15LCF Verschlusskegel mit Mutter,13944.8,0,0,https://www.google.com/search?tbm=isch&q=PARKER+VKAM15LCF
LUMBERG,5M2FW2LED-9056 /1M,AL-WWAK5P3.1-1-AL-WAS5/S7400/S8080,13925.0,0,0,https://www.google.com/search?tbm=isch&q=LUMBERG+5M2FW2LED-9056+/1M
FESTO,151685,SMTO-1-PS-S-LED-24-C  Näherungsschalter,13880.06,0,0,https://www.google.com/search?tbm=isch&q=FESTO+151685
WENGLOR,Z30Z001,"Z30Z001 M30x1,5 Schnellbefestigungssys.",13873.86,0,0,https://www.google.com/search?tbm=isch&q=WENGLOR+Z30Z001
SIEMENS,6EP1437-2BA20,Sitop PSU300S 40A geregelt.Stromversorg.,13850.52,0,0,https://www.google.com/search?tbm=isch&q=SIEMENS+6EP1437-2BA20
VOESTALPINE,18229,18229 Gleitplatte WF 750/1A 200x50x12,0,1628.48,0,https://www.google.com/search?tbm=isch&q=VOESTALPINE+18229
FESTO,51EF44GCQWNMKBQNNMKBNLKANGKAQFS,valve terminal VTSA-F art.no.547965,13828.03,0,0,https://www.google.com/search?tbm=isch&q=FESTO+51EF44GCQWNMKBQNNMKBNLKANGKAQFS
VARIOUS,H0112230003A,H0112230003A tool,13826.54,0,0,https://www.google.com/search?tbm=isch&q=VARIOUS+H0112230003A
VARIOUS,LCCS 2*(2*0.75)+2*0.75,LCCS 2*(2*0.75)+2*0.75 Cable,13812.63,0,0,https://www.google.com/search?tbm=isch&q=VARIOUS+LCCS+2*(2*0.75)+2*0.75
HIRSCHMANN,MSM40-C1C1C1C1TZ9HH9E99.9,MSM40-C1C1C1C1TZ9HH9E99.9 M-Modul_MSM40-,13805.32,0,0,https://www.google.com/search?tbm=isch&q=HIRSCHMANN+MSM40-C1C1C1C1TZ9HH9E99.9
VARIOUS,1800X15MM,1800x15mm Red non-slip thick carpet,13800.0,0,0,https://www.google.com/search?tbm=isch&q=VARIOUS+1800X15MM
TÜNKERS,SZK 63.1 BR4 X 60 T12,SZK 63.1 BR4 x 60 T12 pin cylinder,13800.0,0,0,https://www.google.com/search?tbm=isch&q=TÜNKERS+SZK+63.1+BR4+X+60+T12
WOEHNER,1601,PE/N-Träger 1-pol. einzeln montierbar,13795.92,0,0,https://www.google.com/search?tbm=isch&q=WOEHNER+1601
VARIOUS,JQ510110000,JQ510110000 BOX,13787.48,0,0,https://www.google.com/search?tbm=isch&q=VARIOUS+JQ510110000
FESTO,51EF44GCQWNMKBQNNGKAQFS/45PAXP2**,Ventilinsel VTSA-F Art.Nr.547965,13781.97,0,0,https://www.google.com/search?tbm=isch&q=FESTO+51EF44GCQWNMKBQNNGKAQFS/45PAXP2**
ITEM,0.0.406.22,0.0.406.22 FOOTPLATE 80X80 M12,13756.4,0,0,https://www.google.com/search?tbm=isch&q=ITEM+0.0.406.22
FESTO,51ENMKBNMKBNMKBQWF44GCQNNGKAQFS*****,Valve Terminal,13749.31,0,0,https://www.google.com/search?tbm=isch&q=FESTO+51ENMKBNMKBNMKBQWF44GCQNNGKAQFS*****
LEUZE,68000106,MLC500T14-600 Light Curtain,13738.95,0,0,https://www.google.com/search?tbm=isch&q=LEUZE+68000106
FESTO,51EF34GCQWNMKBQNNMKBNMKBS/45PAVU3B5JL,Valve terminal VTSA-F Art.Nr. 547965,13737.64,0,0,https://www.google.com/search?tbm=isch&q=FESTO+51EF34GCQWNMKBQNNMKBNMKBS/45PAVU3B5JL
VARIOUS,RVV-4G1.5,RVV-4G1.5 Cable Qifan,13735.0,0,0,https://www.google.com/search?tbm=isch&q=VARIOUS+RVV-4G1.5
FESTO,51EF34GCQWNMKBQNNMKBS/45PAXP2UPM2BOZOWHJ,valve terminal CPX/VTSA-F Art.Nr. 547965,13725.86,0,0,https://www.google.com/search?tbm=isch&q=FESTO+51EF34GCQWNMKBQNNMKBS/45PAXP2UPM2BOZOWHJ
SMC,ITV2030-31F3N,ITV2030-31F3N proportional valve,13712.0,0,0,https://www.google.com/search?tbm=isch&q=SMC+ITV2030-31F3N
KUNSHAN SVLEC ELECTRIC,155,155 Cable 5 core yellow,13700.0,0,0,https://www.google.com/search?tbm=isch&q=KUNSHAN+SVLEC+ELECTRIC+155
VARIOUS,PE1-C1316L,PE1-C1316L Welding gun,13679.34,0,0,https://www.google.com/search?tbm=isch&q=VARIOUS+PE1-C1316L
FESTO,556547,DSL-40-50-270-CC-A-S2-B linear unit,13656.82,0,0,https://www.google.com/search?tbm=isch&q=FESTO+556547
TÜNKERS,1211489,MCP 80-C F2 Cylinder flange,13596.0,0,0,https://www.google.com/search?tbm=isch&q=TÜNKERS+1211489
TÜNKERS,1211487,MCP 80-C F1 Cylinder flange,13596.0,0,0,https://www.google.com/search?tbm=isch&q=TÜNKERS+1211487
FESTO,51ENMKBNMKBNMKBNMKBNMKBNMKBF44GCQWS,VALVE TERMINAL CPX Art.Nr. 197330,13586.1,0,0,https://www.google.com/search?tbm=isch&q=FESTO+51ENMKBNMKBNMKBNMKBNMKBNMKBF44GCQWS
VARIOUS,GB-DX-ZC-RV-0.6/1KV-1*35,GB-DX-ZC-RV-0.6/1kV-1*35 Ground Cable Far East,13585.0,0,0,https://www.google.com/search?tbm=isch&q=VARIOUS+GB-DX-ZC-RV-0.6/1KV-1*35
TURCK,6630923,RKC4.4T-10-RSC4.4T/TXL3013,13582.5,0,0,https://www.google.com/search?tbm=isch&q=TURCK+6630923
WALTHER,157559,95288-B-10006-AAAE-Y24-L1500E00121 plate,0,1597.87,0,https://www.google.com/search?tbm=isch&q=WALTHER+157559
WALTHER,157560,95288B12006AAACY02L1500E002071 plate,0,1597.87,0,https://www.google.com/search?tbm=isch&q=WALTHER+157560
HELUKABEL,11140,"JB-750 4G50 flexibel, Adern farbig, 750",13581.0,0,0,https://www.google.com/search?tbm=isch&q=HELUKABEL+11140
STEINEL,ST7424 20 X 038 X 043,ST7424 20 x 038 x 043 Führungseinheit,0,1597.6,0,https://www.google.com/search?tbm=isch&q=STEINEL+ST7424+20+X+038+X+043
FESTO,51EF34GCQWNMKBQNNMKBS/45PAVU1AJL,Valve terminal VTSA-F Art.No.547965,13575.03,0,0,https://www.google.com/search?tbm=isch&q=FESTO+51EF34GCQWNMKBQNNMKBS/45PAVU1AJL
GSEE,EIZ4 EIZ4-2M/F21/LG,EIZ4 EIZ4-2M/F21/LG Profinet,13574.6,0,0,https://www.google.com/search?tbm=isch&q=GSEE+EIZ4+EIZ4-2M/F21/LG
SMC,MGPL40-50Z-XC35,MGPL40-50Z-XC35 cylinder,13560.0,0,0,https://www.google.com/search?tbm=isch&q=SMC+MGPL40-50Z-XC35
LEONI,FR1116R-RD,FR 11x16 R-RD Hose,13550.5,0,0,https://www.google.com/search?tbm=isch&q=LEONI+FR1116R-RD
LEONI,FR1116V-GN,FR 11×16 V-GN Hose,13550.5,0,0,https://www.google.com/search?tbm=isch&q=LEONI+FR1116V-GN
ITEM,0.0.475.21,0.0.475.21 angle 8 160x160,13527.46,0,0,https://www.google.com/search?tbm=isch&q=ITEM+0.0.475.21
ITEM,7.0.003.07,7.0.003.07 D40 E Deckenprofil natur,0,1591.2,0,https://www.google.com/search?tbm=isch&q=ITEM+7.0.003.07
FESTO,51EF44GCQWNMKBNMKBS/45PAXSSME2ASKSKJL,Valve island,13496.32,0,0,https://www.google.com/search?tbm=isch&q=FESTO+51EF44GCQWNMKBNMKBS/45PAXSSME2ASKSKJL
SMC,MHM-16D-P3DWASE,MHM-16D-P3DWASE MAGNET,13488.0,0,0,https://www.google.com/search?tbm=isch&q=SMC+MHM-16D-P3DWASE
FESTO,51ENMKBNMKBF44GCQWS/45PAXSME3A4J2L,Valve Terminal,13458.28,0,0,https://www.google.com/search?tbm=isch&q=FESTO+51ENMKBNMKBF44GCQWS/45PAXSME3A4J2L
SMC,MGPL40-175Z-XC35,MGPL40-175Z-XC35 cylinder,13408.0,0,0,https://www.google.com/search?tbm=isch&q=SMC+MGPL40-175Z-XC35
SIEMENS,8WU4420-6AC,8WU4420-6AC Pole lamp,13387.55,0,0,https://www.google.com/search?tbm=isch&q=SIEMENS+8WU4420-6AC
SMC,CLKQPDB50-195RAHS-P79WSE,CLKQPDB50-195RAHS-P79WSE Cylinder,13372.0,0,0,https://www.google.com/search?tbm=isch&q=SMC+CLKQPDB50-195RAHS-P79WSE
FESTO,558671,NPQM-D-G12-Q10-P10 connector,13345.05,0,0,https://www.google.com/search?tbm=isch&q=FESTO+558671
FESTO,151160,GRLA-M5-B FLOW CONTROL,13332.96,0,0,https://www.google.com/search?tbm=isch&q=FESTO+151160
TUCKER,61250031/L=5.3M,61250031_L=5.3M SPR Tube,13327.0,0,0,https://www.google.com/search?tbm=isch&q=TUCKER+61250031/L=5.3M
VARIOUS,125*22.5MM,125*22.5mm Flap disk,13315.48,0,0,https://www.google.com/search?tbm=isch&q=VARIOUS+125*22.5MM
RITTAL,1549500-BSG,1549500-BSG（w*h*d:mm）200×200×120 box,13312.75,0,0,https://www.google.com/search?tbm=isch&q=RITTAL+1549500-BSG
SIEMENS,4NC5225-2CE21,4NC5225-2CE21 transformer,13304.28,0,0,https://www.google.com/search?tbm=isch&q=SIEMENS+4NC5225-2CE21
FESTO,51EF44GCQWNMKBNMKBNMKBNMKBNMKBNGKAQFS/~,51EF44GCQWNMKBNMKBNMKBNMKBNMKBNGKAQFS/,13303.98,0,0,https://www.google.com/search?tbm=isch&q=FESTO+51EF44GCQWNMKBNMKBNMKBNMKBNMKBNGKAQFS/~
SKF,NUKR 40 A,NUKR 40 A cam roller,13300.0,0,0,https://www.google.com/search?tbm=isch&q=SKF+NUKR+40+A
TURCK,6625480,RKS8T-1-RSS8T/TXL connection cable,13300.0,0,0,https://www.google.com/search?tbm=isch&q=TURCK+6625480
SMC,C-VQM4-00000044WP0-EBBBBBL,C-VQM4-00000044WP0-EBBBBBL Valve,13290.0,0,0,https://www.google.com/search?tbm=isch&q=SMC+C-VQM4-00000044WP0-EBBBBBL
SMC,CVQM200000004WP8EBLL,C-VQM2-00000004WP8-EBLL valve island,13290.0,0,0,https://www.google.com/search?tbm=isch&q=SMC+CVQM200000004WP8EBLL
FESTO,31763,LBG-50 Clevis foot mounting,13286.12,0,0,https://www.google.com/search?tbm=isch&q=FESTO+31763
VARIOUS,"RVVY 5G1,5","RVVY 5G1,5 Cable",13280.0,0,0,"https://www.google.com/search?tbm=isch&q=VARIOUS+RVVY+5G1,5"
FESTO,34491_025,FENG-80-25-KF Connector,13266.32,0,0,https://www.google.com/search?tbm=isch&q=FESTO+34491_025
VARIOUS,DC40VA80S12G120,DC40VA80S12G120 Cylinder,13260.0,0,0,https://www.google.com/search?tbm=isch&q=VARIOUS+DC40VA80S12G120
WERMA,956.500.75,LED Bulb 24VAC/DC BU,13247.5,0,0,https://www.google.com/search?tbm=isch&q=WERMA+956.500.75
BOSCH,GDS 18V-EC 300ABR,GDS18V-EC  300ABR Electric wrench,13232.61,0,0,https://www.google.com/search?tbm=isch&q=BOSCH+GDS+18V-EC+300ABR
ELCO,F30CP6,F30CP6 Switch,13230.06,0,0,https://www.google.com/search?tbm=isch&q=ELCO+F30CP6
SCHMALZ,10.01.06.00804,SAB 50 NBR-60 G1/4-AG Balgsauggreifer,13227.76,0,0,https://www.google.com/search?tbm=isch&q=SCHMALZ+10.01.06.00804
MARVTECH,10450474,EDM4-15-RJ45S/PN21/HBK Cable,13165.02,0,0,https://www.google.com/search?tbm=isch&q=MARVTECH+10450474
SMC,C-VQM2-00000004W28-EBLL,C-VQM2-00000004W28-EBLL Valve,13164.0,0,0,https://www.google.com/search?tbm=isch&q=SMC+C-VQM2-00000004W28-EBLL
SMC,VQM2-00000004W28-EBLL,VQM2-00000004W28-EBLL valve terminal,13164.0,0,0,https://www.google.com/search?tbm=isch&q=SMC+VQM2-00000004W28-EBLL
SMC,MGPM32-175Z-M9B,MGPM32-175Z-M9B Cylinder,13160.0,0,0,https://www.google.com/search?tbm=isch&q=SMC+MGPM32-175Z-M9B
VARIOUS,EGT001 L=0688,EGT_001 / L=0688 octogon profile SW80,13143.86,0,0,https://www.google.com/search?tbm=isch&q=VARIOUS+EGT001+L=0688
SIEMENS,8WU4408-0AA,8WU4408-0AA Connecting parts,13143.16,0,0,https://www.google.com/search?tbm=isch&q=SIEMENS+8WU4408-0AA
PHOENIX,2902078,Tragschienenadapter für EEM-MA600/400,13138.45,97.8,0,https://www.google.com/search?tbm=isch&q=PHOENIX+2902078
FESTO,51EF44GCQWNMKBQNNMKBNMKBNMKBNGKAQFS/45*,valve terminal VTSA-F art.no.547965,13138.29,0,0,https://www.google.com/search?tbm=isch&q=FESTO+51EF44GCQWNMKBQNNMKBNMKBNMKBNGKAQFS/45*
FESTO,8060484,"VACUUM MODULE 2x1,4mm NOZZLE",13113.65,0,0,https://www.google.com/search?tbm=isch&q=FESTO+8060484
SANKYO,17300000,SOBW-30 oilles washer,13110.0,0,0,https://www.google.com/search?tbm=isch&q=SANKYO+17300000
FESTO,51EF34GCQWNMKBQNNMKBNLKAS/45PAVU3A5JL,valve terminal CPX/VTSA-F Art.Nr. 547965,13084.52,0,0,https://www.google.com/search?tbm=isch&q=FESTO+51EF34GCQWNMKBQNNMKBNLKAS/45PAVU3A5JL
SMC,ZK2A12K5SWA-08,ZK2A12K5SWA-08 Vacuum generator,13065.0,0,0,https://www.google.com/search?tbm=isch&q=SMC+ZK2A12K5SWA-08
BOSCH REXROTH,R1853 423 10,1853-423-10 Guide rail,13061.96,0,0,https://www.google.com/search?tbm=isch&q=BOSCH+REXROTH+R1853+423+10
ITEM,0.0.294.28,0.0.294.28 bearing unit,13060.8,0,0,https://www.google.com/search?tbm=isch&q=ITEM+0.0.294.28
BALLUFF,BNN000W,BNN 520-UB-25 cam DIN 69639,13056.0,0,0,https://www.google.com/search?tbm=isch&q=BALLUFF+BNN000W
NILFISK,50000116,LSU 135-CN Vacuum cleaner,13038.34,0,0,https://www.google.com/search?tbm=isch&q=NILFISK+50000116
FESTO,1463495_0750-D3-PPVA-N3,DSBC-080-0750-D3-PPVA-N3 cylinder,13009.18,0,0,https://www.google.com/search?tbm=isch&q=FESTO+1463495_0750-D3-PPVA-N3
FESTO,23328991,CN_CS.3145164.02.A .01PL HIP AIR,13000.0,0,0,https://www.google.com/search?tbm=isch&q=FESTO+23328991
LEUZE,50127048,HT46C/4P-M12 diffuse sensor,12985.62,0,0,https://www.google.com/search?tbm=isch&q=LEUZE+50127048
FESTO,51EF44GCQWNMKBQNNMKBNMKBNMKBNGKAQFS/4***,valve terminal VTSA-F art.no.547965,12977.74,0,0,https://www.google.com/search?tbm=isch&q=FESTO+51EF44GCQWNMKBQNNMKBNMKBNMKBNGKAQFS/4***
VARIOUS,30100,P0R065 P-type tube bundle,12975.87,0,0,https://www.google.com/search?tbm=isch&q=VARIOUS+30100
LENZE,QEV111AIJB7S,EZAMBHXM005/M ACCESS. SCHIRMBEFESTIGUNG,12972.12,0,0,https://www.google.com/search?tbm=isch&q=LENZE+QEV111AIJB7S
FESTO,161857,CRZNG-100 Schwenkzapfen,12963.54,0,0,https://www.google.com/search?tbm=isch&q=FESTO+161857
VARIOUS,982820-398-2000,982820-398-2000 20M Cable Xingweilian,12942.5,0,0,https://www.google.com/search?tbm=isch&q=VARIOUS+982820-398-2000
SMC,Y510B822L,Y510B822L Valve,12930.0,0,0,https://www.google.com/search?tbm=isch&q=SMC+Y510B822L
FISCHERWERKE,FIS HB 345 S,FIS HB 345 S Chemical Agent,12915.0,0,0,https://www.google.com/search?tbm=isch&q=FISCHERWERKE+FIS+HB+345+S
LENZE,QEV111ADJED1,"EYF0020A0800F01S05 SYS-CABLE-RES80,0M DC",12906.02,0,0,https://www.google.com/search?tbm=isch&q=LENZE+QEV111ADJED1
TURCK,WKC4.5T-P7X3.1-5-RSC4.5T/TXO,WKC4.5T-P7X3.1-5-RSC4.5T/TXO Cable,12900.0,0,0,https://www.google.com/search?tbm=isch&q=TURCK+WKC4.5T-P7X3.1-5-RSC4.5T/TXO
VARIOUS,XQJC02C01,XQJ-C-02C-01 Connector 190*75*2.0mm,12900.0,0,0,https://www.google.com/search?tbm=isch&q=VARIOUS+XQJC02C01
GSEE,EK4 EZ4-2M/P01,EK4 EZ4-2M/P01 CABLE,12876.0,0,0,https://www.google.com/search?tbm=isch&q=GSEE+EK4+EZ4-2M/P01
SIEMENS,6ES7505-0KA00-0AB0,6ES7505-0KA00-0AB0 Module,12870.84,0,0,https://www.google.com/search?tbm=isch&q=SIEMENS+6ES7505-0KA00-0AB0
SMC,C-VQM4-00000444WP0-EBBBBBBYBYLL,C-VQM4-00000444WP0-EBBBBBBYBYLL,12866.0,0,0,https://www.google.com/search?tbm=isch&q=SMC+C-VQM4-00000444WP0-EBBBBBBYBYLL
LENZE,QEV111ACZJJP,Encoderleitung Servoumrichter 35m,12851.32,0,0,https://www.google.com/search?tbm=isch&q=LENZE+QEV111ACZJJP
MISUMI,GRMZF15-15-5-65-E10-F40,GRMZF15-15-5-65-E10-F40 guide,12848.76,0,0,https://www.google.com/search?tbm=isch&q=MISUMI+GRMZF15-15-5-65-E10-F40
SMC,MBT100-175Z-W,MBT100-175Z-W Cylinder,12832.0,0,0,https://www.google.com/search?tbm=isch&q=SMC+MBT100-175Z-W
KERBKONUS,308 200 080.110M,308 200 080.110M M08 Ensat-SBI,0,1504.8,0,https://www.google.com/search?tbm=isch&q=KERBKONUS+308+200+080.110M
OBO BETTERMANN,6249846,6249846 KSR 40040,12787.99,0,0,https://www.google.com/search?tbm=isch&q=OBO+BETTERMANN+6249846
BELDEN,18G1 G8U,18G1 G8U CABLE,12784.0,0,0,https://www.google.com/search?tbm=isch&q=BELDEN+18G1+G8U
WEIDMUELLER,2581810000,2581810000 Repeater for Axies2,0,1503.9,0,https://www.google.com/search?tbm=isch&q=WEIDMUELLER+2581810000
WERMA,890.120.55,890.120.55 LED Instantlight red,12775.14,0,0,https://www.google.com/search?tbm=isch&q=WERMA+890.120.55
FESTO,51ENMKBNMKBNMKBQWF44GCQNNGKAQFS****,Valve Terminal,12769.61,0,0,https://www.google.com/search?tbm=isch&q=FESTO+51ENMKBNMKBNMKBQWF44GCQNNGKAQFS****
FESTO,565391,SFAB-50U-WQ6-2SA-M12 sensor,12753.66,0,0,https://www.google.com/search?tbm=isch&q=FESTO+565391
COLSON,48199929BRK1FS81123,4-8199-929 BRK1 FS 81123 Castor wheel,12752.0,0,0,https://www.google.com/search?tbm=isch&q=COLSON+48199929BRK1FS81123
HILTI,2018420,HIT-Z M20x215 thread rod,12731.58,0,0,https://www.google.com/search?tbm=isch&q=HILTI+2018420
FESTO,8134838,8134838 SKSK VALVE,12724.8,0,0,https://www.google.com/search?tbm=isch&q=FESTO+8134838
VARIOUS,NUKRE72,NUKRE72 cam roller,12720.0,0,0,https://www.google.com/search?tbm=isch&q=VARIOUS+NUKRE72
FESTO,550588,LR-D-MINI-ZD-V24-SA valve,12714.96,0,0,https://www.google.com/search?tbm=isch&q=FESTO+550588
VARIOUS,JQ510120006,JQ510120006,12692.82,0,0,https://www.google.com/search?tbm=isch&q=VARIOUS+JQ510120006
IGUS,E4.56.08.135/500.0 2.275M+E4.560.08.2.12,E4.56.08.135/500.0 2.275M+E4.560.08.2.12,12680.96,0,0,https://www.google.com/search?tbm=isch&q=IGUS+E4.56.08.135/500.0+2.275M+E4.560.08.2.12
TUCKER,61250125,61250125 Sleeve,12680.05,0,0,https://www.google.com/search?tbm=isch&q=TUCKER+61250125
TÜNKERS,MZ 63 BR2 V 30 A12 T02,MZ 63 BR2 V 30 A12 T02 cylinder,12679.53,0,0,https://www.google.com/search?tbm=isch&q=TÜNKERS+MZ+63+BR2+V+30+A12+T02
FESTO,193970,GR-QS-8 Drossel-Rückschlagventil Ø 8,12667.5,0,0,https://www.google.com/search?tbm=isch&q=FESTO+193970
PNEUMAX,23OT0800,23OT0800 Connector,12639.83,0,0,https://www.google.com/search?tbm=isch&q=PNEUMAX+23OT0800
FESTO,51EF33GCQPNMKBNMKBT/45PAXSSME3AOZOWH4JL,valve terminal VTSA-F-FB Art.Nr.547965,12632.94,0,0,https://www.google.com/search?tbm=isch&q=FESTO+51EF33GCQPNMKBNMKBT/45PAXSSME3AOZOWH4JL
SIEMENS,5ST3010,auxiliary current switch 1 NO+1 NC,12629.26,311.75,0,https://www.google.com/search?tbm=isch&q=SIEMENS+5ST3010
SICK,1211516,safety lightguard C4C receiver,12627.85,0,0,https://www.google.com/search?tbm=isch&q=SICK+1211516
MOELLER,294358,PL10-C6/1 Breaker,12609.94,0,0,https://www.google.com/search?tbm=isch&q=MOELLER+294358
VARIOUS,LC 3G2.5,LC 3G2.5 Cable,12607.04,0,0,https://www.google.com/search?tbm=isch&q=VARIOUS+LC+3G2.5
SIEMENS,6ES7151-3BA23-0AB0,6ES7151-3BA23-0AB0 INTERF.MODULE,12604.98,0,0,https://www.google.com/search?tbm=isch&q=SIEMENS+6ES7151-3BA23-0AB0
SCHMALZ,10.01.17.00199,NAEH-SCHA SMAGN-PNP S051 Proximityswitch,12597.0,0,0,https://www.google.com/search?tbm=isch&q=SCHMALZ+10.01.17.00199
RITTAL,3239.1,TopTherm Filterlüfter,12588.4,0,0,https://www.google.com/search?tbm=isch&q=RITTAL+3239.1
FESTO,51EF34GCQWNMKBQNNMKBNLKAS/45PAVU3A4J2L,valve terminal CPX/VTSA-F Art.Nr. 547965,12584.02,0,0,https://www.google.com/search?tbm=isch&q=FESTO+51EF34GCQWNMKBQNNMKBNLKAS/45PAVU3A4J2L
VARIOUS,EGT002 L=0298,EGT_002 / L=0298 octagon profile SW50,12558.4,0,0,https://www.google.com/search?tbm=isch&q=VARIOUS+EGT002+L=0298
JEAN MUELLER,N1085605,M1gG250/69 Light,12557.82,0,0,https://www.google.com/search?tbm=isch&q=JEAN+MUELLER+N1085605
COLSON,4-8199-929-BRK1,4-8199-929-BRK1  universal wheel,12540.0,0,0,https://www.google.com/search?tbm=isch&q=COLSON+4-8199-929-BRK1
TURCK,RSSD-RJ45S-4422-15M,RSSD-RJ45S-4422-15M Cable,12537.0,0,0,https://www.google.com/search?tbm=isch&q=TURCK+RSSD-RJ45S-4422-15M
FESTO,11692,H-3/4-B  Rückschlagventil,12532.8,0,0,https://www.google.com/search?tbm=isch&q=FESTO+11692
FESTO,51EF44GCQWNMKBQNNMKBNMKBNGKAQFS/45P-A//,valve terminal VTSA-F art.no.547965,12528.92,0,0,https://www.google.com/search?tbm=isch&q=FESTO+51EF44GCQWNMKBQNNMKBNMKBNGKAQFS/45P-A//
SANKYO,11050408,SOB 50-60-40 bush,12513.76,0,0,https://www.google.com/search?tbm=isch&q=SANKYO+11050408
ACE,GS-28-400-AA,GS-28-400-AA Spring,12480.0,0,0,https://www.google.com/search?tbm=isch&q=ACE+GS-28-400-AA
VARIOUS,PTM50X25,PTM50X25,12480.0,0,0,https://www.google.com/search?tbm=isch&q=VARIOUS+PTM50X25
FESTO,51EF34GCQWNMKBNGKAQFS/45PAV3B4J2LU,Ventilinsel VTSA-F-FB Art.Nr. 547965,12448.58,0,0,https://www.google.com/search?tbm=isch&q=FESTO+51EF34GCQWNMKBNGKAQFS/45PAV3B4J2LU
TURCK,6634915,WKC4.4T-P7X3.2-30-RSC4.4T/TXL,12438.4,0,0,https://www.google.com/search?tbm=isch&q=TURCK+6634915
VARIOUS,YHD-SP-40P-R06,YHD-SP-40P-R06,12436.64,0,0,https://www.google.com/search?tbm=isch&q=VARIOUS+YHD-SP-40P-R06
SMC,MGPM50-25Z-M9PW,MGPM50-25Z-M9PW Cylinder,12436.0,0,0,https://www.google.com/search?tbm=isch&q=SMC+MGPM50-25Z-M9PW
INA,SKE17204KRRB,SKE17-204-KRR-B BEARING,12432.0,0,0,https://www.google.com/search?tbm=isch&q=INA+SKE17204KRRB
LENZE,QEV111ACZJTK,Motorleitung f. Frequenzumrichter 20m,12411.25,0,0,https://www.google.com/search?tbm=isch&q=LENZE+QEV111ACZJTK
SMC,MGPL40-75Z-XC35,MGPL40-75Z-XC35 cylinder,12390.0,0,0,https://www.google.com/search?tbm=isch&q=SMC+MGPL40-75Z-XC35
TP-LINK,TL-SG2226,TL-SG2226 switch,12389.4,0,0,https://www.google.com/search?tbm=isch&q=TP-LINK+TL-SG2226
VARIOUS,RVVY 3G2.5,RVVY 3G2.5 cable,12383.0,0,0,https://www.google.com/search?tbm=isch&q=VARIOUS+RVVY+3G2.5
PHOENIX,2904621,QUINT4-PS/3AC/24DC/10 supply,12382.56,0,0,https://www.google.com/search?tbm=isch&q=PHOENIX+2904621
IGUS,E4.42.12.175/180.0 L=1600MM,E4.42.12.175/180.0 L=1600MM Chain,12344.82,0,0,https://www.google.com/search?tbm=isch&q=IGUS+E4.42.12.175/180.0+L=1600MM
3M,WARNING TAPE(YELLOW),3M warning tape(yellow),12341.29,0,0,https://www.google.com/search?tbm=isch&q=3M+WARNING+TAPE(YELLOW)
HELUKABEL,16460,Y-CY-JZ 4G16 mm² Cable,12326.0,0,0,https://www.google.com/search?tbm=isch&q=HELUKABEL+16460
SIEMENS,3RS1040-2GW50,3RS1040-2GW50  Temperaturüberwachungsrel,12273.82,0,0,https://www.google.com/search?tbm=isch&q=SIEMENS+3RS1040-2GW50
LUMBERG,RST4-RKT4-9029/1.5M,RST4-RKT4-9029/1.5M CABLE,12264.0,0,0,https://www.google.com/search?tbm=isch&q=LUMBERG+RST4-RKT4-9029/1.5M
RITTAL,3572,"Laminated copper bars,2000mm,10x24.0x1.0",12243.01,0,0,https://www.google.com/search?tbm=isch&q=RITTAL+3572
SANKYO,17500000,SOBW-50 Standard- Anlaufscheibe,12240.0,0,0,https://www.google.com/search?tbm=isch&q=SANKYO+17500000
FESTO,51EF34GCQWNMKBQNNMKBNMKBNDGSNGKAQFS/45P*,Valve terminal VTSA-F Art.No.547965,12229.25,0,0,https://www.google.com/search?tbm=isch&q=FESTO+51EF34GCQWNMKBQNNMKBNMKBNDGSNGKAQFS/45P*
FESTO,558718,NPQM-L-G12-Q10-P10 Connector,12225.17,0,0,https://www.google.com/search?tbm=isch&q=FESTO+558718
INA,PWKRE80-2RS-XL,PWKRE80-2RS-XL Bearing,12222.2,0,0,https://www.google.com/search?tbm=isch&q=INA+PWKRE80-2RS-XL
DESTACO,82D40-203D908B,82D40-203D908B Cylinder,12219.92,0,0,https://www.google.com/search?tbm=isch&q=DESTACO+82D40-203D908B
TURCK,6604218,"6604218 M12 x 1 round connector Male, st",12200.0,0,0,https://www.google.com/search?tbm=isch&q=TURCK+6604218
PARKER,80BHMIRN11M750.00M1122,80BHMIRN11M750.00M1122 hydro cylinder,12196.8,0,0,https://www.google.com/search?tbm=isch&q=PARKER+80BHMIRN11M750.00M1122
JEAN MUELLER,D8002624,Neozed special adapter D02 25A,12190.53,0,0,https://www.google.com/search?tbm=isch&q=JEAN+MUELLER+D8002624
FESTO,595430,DFM-32-050-B-PPV-A-GF guide cylinder,12182.0,0,0,https://www.google.com/search?tbm=isch&q=FESTO+595430
FESTO,51EF44GCQWNMKBNGKAQFS/45PAXP2*,Ventilinsel VTSA-F Art.Nr.547965,12174.06,0,0,https://www.google.com/search?tbm=isch&q=FESTO+51EF44GCQWNMKBNGKAQFS/45PAXP2*
VARIOUS,FZU0049-10-02,K0757.Z Maßstab Alu Skalierung unten,0,1432.21,0,https://www.google.com/search?tbm=isch&q=VARIOUS+FZU0049-10-02
MENZEL,9100000170,INDUTEC MS AP4 Standard-Düsen-Anschluß,0,1432.08,0,https://www.google.com/search?tbm=isch&q=MENZEL+9100000170
LENZE,QEV111AC6M7T,"SYS-CABLE-RES-EXT  5,0M DC",12134.96,0,0,https://www.google.com/search?tbm=isch&q=LENZE+QEV111AC6M7T
TINGTE PIPE INDUSTRY,T0406500,T0406500 connector,12134.0,0,0,https://www.google.com/search?tbm=isch&q=TINGTE+PIPE+INDUSTRY+T0406500
SIEMENS,5SU1356-1KK16,5SU1356-1KK16 breakers,12119.82,0,1,https://www.google.com/search?tbm=isch&q=SIEMENS+5SU1356-1KK16
VARIOUS,62012Z,6201-2Z BEARING,12112.0,0,0,https://www.google.com/search?tbm=isch&q=VARIOUS+62012Z
LENZE,QEV111ACZJJQ,encoder connection cable,12105.77,0,0,https://www.google.com/search?tbm=isch&q=LENZE+QEV111ACZJJQ
FESTO,6704,FR-4-1/2-B header,12100.8,0,0,https://www.google.com/search?tbm=isch&q=FESTO+6704
FESTO,51EF44GCQWNMKBQNNMKBNMKBNMKBNGKAQFS*45**,valve terminal VTSA-F art.no.547965,12080.75,0,0,https://www.google.com/search?tbm=isch&q=FESTO+51EF44GCQWNMKBQNNMKBNMKBNMKBNGKAQFS*45**
FESTO,51EF34GCQWNMKBQNS/45PAVU2A3JL,Valve island,12076.36,0,0,https://www.google.com/search?tbm=isch&q=FESTO+51EF34GCQWNMKBQNS/45PAVU2A3JL
FESTO,8001230,SPAU-P10R-W-G18FD-L-PNLK-PNVBA-M12U,12069.44,0,0,https://www.google.com/search?tbm=isch&q=FESTO+8001230
INA,PSHE20,PSHE20 STEHLAGER_GEHAEUSEEINHEIT,12062.56,0,0,https://www.google.com/search?tbm=isch&q=INA+PSHE20
LAPP,26152,"0026152 ÖLFLEX FD CLASSIC 810  5G1,5",12061.0,0,0,https://www.google.com/search?tbm=isch&q=LAPP+26152
RITTAL,1360.5,Kompakt-Schaltschrank 600x600x350,12059.94,0,0,https://www.google.com/search?tbm=isch&q=RITTAL+1360.5
FESTO,51EF44GCQWNMKBNLKAS/45PAVSMEPPATS2L2JVBW,51EF44GCQWNMKBNLKAS/,12058.78,0,0,https://www.google.com/search?tbm=isch&q=FESTO+51EF44GCQWNMKBNLKAS/45PAVSMEPPATS2L2JVBW
FESTO,2145,KD4-1/2-A Quick coupling socket,12053.1,0,0,https://www.google.com/search?tbm=isch&q=FESTO+2145
RITTAL,6206.32,Befestigung CP60 Tragarmanschluss Ø130mm,12047.51,0,0,https://www.google.com/search?tbm=isch&q=RITTAL+6206.32
STÄUBLI,K81565395,K81565395  VisionTools,12038.78,0,0,https://www.google.com/search?tbm=isch&q=STÄUBLI+K81565395
LENZE,QEV111ACSJEI,Netzfilter 9A,12016.15,0,0,https://www.google.com/search?tbm=isch&q=LENZE+QEV111ACSJEI
FESTO,51EF34GCQWNMKBQNNMKBNMKBNMKBNMKBNGKAQFS),Valve terminal VTSA-F Art.No.547965,12004.97,0,0,https://www.google.com/search?tbm=isch&q=FESTO+51EF34GCQWNMKBQNNMKBNMKBNMKBNMKBNGKAQFS)
VARIOUS,DC80VA91S12,DC80VA91S12,12000.0,0,0,https://www.google.com/search?tbm=isch&q=VARIOUS+DC80VA91S12
VARIOUS,DC63HA40S12,DC63HA40S12 Cylinder,12000.0,0,0,https://www.google.com/search?tbm=isch&q=VARIOUS+DC63HA40S12
TÜNKERS,KS 100.6 BD A03 LH T12-5°,KS 100.6 BD A03 LH T12-5°swivel unit,12000.0,0,0,https://www.google.com/search?tbm=isch&q=TÜNKERS+KS+100.6+BD+A03+LH+T12-5°
VARIOUS,DC80VA92S12,DC80VA92S12,12000.0,0,0,https://www.google.com/search?tbm=isch&q=VARIOUS+DC80VA92S12
BALLUFF,BOS0298,BOS0298,12000.0,0,0,https://www.google.com/search?tbm=isch&q=BALLUFF+BOS0298
VARIOUS,MTSNR20,MTSNR20 Screw Nut,12000.0,0,0,https://www.google.com/search?tbm=isch&q=VARIOUS+MTSNR20
EISELE,PU0604R,PU0604R Red Ø6,12000.0,0,0,https://www.google.com/search?tbm=isch&q=EISELE+PU0604R
FESTO,51EF34GCQWNMKBQNNMKBNMKBNMKBNMKBNGKAQF*S,valve terminal VTSA-F-FB Art.Nr. 547965,11985.18,0,0,https://www.google.com/search?tbm=isch&q=FESTO+51EF34GCQWNMKBQNNMKBNMKBNMKBNMKBNGKAQF*S
VARIOUS,DN150*DN50,DN150*DN50 flange,11979.0,0,0,https://www.google.com/search?tbm=isch&q=VARIOUS+DN150*DN50
FESTO,560727,VSVA-B-P53ED-ZD-A1-1T1L Solenoid valve,11978.68,0,0,https://www.google.com/search?tbm=isch&q=FESTO+560727
VARIOUS,DC63HA91S12,DC63HA91S12,11976.72,0,0,https://www.google.com/search?tbm=isch&q=VARIOUS+DC63HA91S12
PHOENIX,1608142,VS-PPC-C1-PC67-MNNA metal cover,11969.0,3316.0,0,https://www.google.com/search?tbm=isch&q=PHOENIX+1608142
VARIOUS,RVVP 4G16,RVVP 4G16 cable,11952.0,0,0,https://www.google.com/search?tbm=isch&q=VARIOUS+RVVP+4G16
VARIOUS,347165,347165  Pipeline package,11946.9,0,0,https://www.google.com/search?tbm=isch&q=VARIOUS+347165
RITTAL,8614.85,Teilmontageplatte 700x400mm,11936.12,0,0,https://www.google.com/search?tbm=isch&q=RITTAL+8614.85
MARVTECH,10250606,MF5-10-MM5/C00/YE/CYE Cable,11924.85,0,0,https://www.google.com/search?tbm=isch&q=MARVTECH+10250606
FESTO,51EF33GCQPNMKBNMKBNMKBT/45P-R-XS-SME-3B*,valve terminal VTSA-F-FB Art.Nr.547965,11920.82,0,0,https://www.google.com/search?tbm=isch&q=FESTO+51EF33GCQPNMKBNMKBNMKBT/45P-R-XS-SME-3B*
VARIOUS,M-TGRAU50-25,M-TGRAU50-25,11918.4,0,0,https://www.google.com/search?tbm=isch&q=VARIOUS+M-TGRAU50-25
VARIOUS,X-S6-PY8,X-S6-PY8 Connector,11917.8,0,0,https://www.google.com/search?tbm=isch&q=VARIOUS+X-S6-PY8
DESTACO,82M-3E23H080L8-2A91-90,82M-3E23H080L8-2A91-90 Clamp,11900.0,0,0,https://www.google.com/search?tbm=isch&q=DESTACO+82M-3E23H080L8-2A91-90
DESTACO,82M-3E23H080L8-2A92-90,82M-3E23H080L8-2A92-90 Clamp,11900.0,0,0,https://www.google.com/search?tbm=isch&q=DESTACO+82M-3E23H080L8-2A92-90
VARIOUS,NFC-FLEX110 7G1,NFC-FLEX110 7G1 Cable,11900.0,0,0,https://www.google.com/search?tbm=isch&q=VARIOUS+NFC-FLEX110+7G1
GSEE,SK3 EZ3-0.6M/P01,SK3 EZ3-0.6M/P01 Cable,11894.4,0,0,https://www.google.com/search?tbm=isch&q=GSEE+SK3+EZ3-0.6M/P01
SIEMENS,3SU1400-1AA10-1BA0,3SU1400-1AA10-1BA0 contact module,11879.66,0,0,https://www.google.com/search?tbm=isch&q=SIEMENS+3SU1400-1AA10-1BA0
PARKER,80BHMIRN11M700.00M1122,80BHMIRN11M700.00M1122 hydro cylinder,11877.36,0,0,https://www.google.com/search?tbm=isch&q=PARKER+80BHMIRN11M700.00M1122
FESTO,31765,LBG-80 Clevis foot mounting,11866.16,0,0,https://www.google.com/search?tbm=isch&q=FESTO+31765
IGUS,E4.42.18.175/1100.0 L=9000MM,E4.42.18.175/1100.0 L=9000MM CHAIN,11851.11,0,0,https://www.google.com/search?tbm=isch&q=IGUS+E4.42.18.175/1100.0+L=9000MM
TURCK,6630885,WKC4.4T-P7X3.2-20-RSC4.5T/TXL,11840.0,0,0,https://www.google.com/search?tbm=isch&q=TURCK+6630885
3M,10196,10196 Protection glasses,11827.84,0,0,https://www.google.com/search?tbm=isch&q=3M+10196
FESTO,51EF34GCQWNMKBQNNMKBNMKBNMKBNMKBNMKBS/**,valve terminal VTSA-F art.no.547965,11824.5,0,0,https://www.google.com/search?tbm=isch&q=FESTO+51EF34GCQWNMKBQNNMKBNMKBNMKBNMKBNMKBS/**
RITTAL,1504519-BOB,1504519-BOB（w*h*d:mm）400x160x160 Box,11812.5,0,0,https://www.google.com/search?tbm=isch&q=RITTAL+1504519-BOB
VARIOUS,LCC-M 4G6,LCC-M 4G6 Cable,11808.93,0,0,https://www.google.com/search?tbm=isch&q=VARIOUS+LCC-M+4G6
SEW EURODRIVE,18201385,Bremswiderstand kpl. 18 Ohm,11808.84,0,0,https://www.google.com/search?tbm=isch&q=SEW+EURODRIVE+18201385
FESTO,534769_050-B-P-A-GF,DFM-50-050-B-P-A-GF cylinder,11788.72,0,0,https://www.google.com/search?tbm=isch&q=FESTO+534769_050-B-P-A-GF
VARIOUS,DCM63VA90S12,DCM63VA90S12,11774.0,0,0,https://www.google.com/search?tbm=isch&q=VARIOUS+DCM63VA90S12
FESTO,51EF44GCQWNMKBNLKAS/45PAVSMEPPATS2LJLVB*,valve terminal VTSA-F art.no.547965,11770.95,0,0,https://www.google.com/search?tbm=isch&q=FESTO+51EF44GCQWNMKBNLKAS/45PAVSMEPPATS2LJLVB*
VARIOUS,JQ10.1D02.00223,JQ10.1D02.00223  2000H600W600D Plate,11766.48,0,0,https://www.google.com/search?tbm=isch&q=VARIOUS+JQ10.1D02.00223
SIEMENS,3SU1801-2GA00-2AA1,3SU1801-2GA00-2AA1 button,11759.0,0,0,https://www.google.com/search?tbm=isch&q=SIEMENS+3SU1801-2GA00-2AA1
FESTO,51EF34GCQWNMKBNMKBNLKAS/45PAVU4AO2JO2J2L,valve terminal VTSA-F art.no.547965,11757.66,0,0,https://www.google.com/search?tbm=isch&q=FESTO+51EF34GCQWNMKBNMKBNLKAS/45PAVU4AO2JO2J2L
VARIOUS,AJPL10-03,AJPL10-03 Connector Fuyan,11755.4,0,0,https://www.google.com/search?tbm=isch&q=VARIOUS+AJPL10-03
SEW EURODRIVE,KF37DRN80M4/BE1HR/IS/TF***,KF37 DRN80M4/BE1HR/IS/TF***bev.gea.engi.,11750.44,0,0,https://www.google.com/search?tbm=isch&q=SEW+EURODRIVE+KF37DRN80M4/BE1HR/IS/TF***
ITEM,"0.0.265.23, 2860 MM",0.0.265.23 L=2860mm Profil 8 160x40,11738.71,0,0,"https://www.google.com/search?tbm=isch&q=ITEM+0.0.265.23,+2860+MM"
TUCKER,61250127,61250127 Sleeve,11693.15,0,0,https://www.google.com/search?tbm=isch&q=TUCKER+61250127
GSEE,"EK4 EZ4-0,6M/P01","EK4 EZ4-0,6M/P01 CABLE",11682.0,0,0,"https://www.google.com/search?tbm=isch&q=GSEE+EK4+EZ4-0,6M/P01"
TUCKER,61235021,61235021 Rivet,11679.9,0,0,https://www.google.com/search?tbm=isch&q=TUCKER+61235021
MÄDLER,107 825 25,10782525 Chain Sprocket,0,1373.64,2,https://www.google.com/search?tbm=isch&q=MÄDLER+107+825+25
SIEMENS,3RH6131-1BB40,RELAY 6NO+2NC DC24V,11660.4,0,0,https://www.google.com/search?tbm=isch&q=SIEMENS+3RH6131-1BB40
FESTO,1312503_0600-PPV-A-GK,DGC-K-40-600-PPV-A-GK Cylinder,11594.65,0,0,https://www.google.com/search?tbm=isch&q=FESTO+1312503_0600-PPV-A-GK
SCHMALZ,10.01.19.00029,SAXM 60 ED-85 G1/4-IG suction cup,11592.0,0,0,https://www.google.com/search?tbm=isch&q=SCHMALZ+10.01.19.00029
SEW EURODRIVE,K57DRL71S4BE05/HR/TH/AS7W-M1A,K57DRL71S4BE05/HR/TH/AS7W-M1A Motor,11586.48,0,0,https://www.google.com/search?tbm=isch&q=SEW+EURODRIVE+K57DRL71S4BE05/HR/TH/AS7W-M1A
THK,HSR30 A 2  SS +2640L-II,HSR30 A 2  SS +2640L-II,11582.32,0,0,https://www.google.com/search?tbm=isch&q=THK+HSR30+A+2++SS++2640L-II
PARKER,3C382106,3C382-10-6  Dichtkopf mit Überwurfmutter,11548.05,0,0,https://www.google.com/search?tbm=isch&q=PARKER+3C382106
SEW EURODRIVE,BW012100T,BW012-100-T,11529.31,0,0,https://www.google.com/search?tbm=isch&q=SEW+EURODRIVE+BW012100T
PARKER,3C5822212B,3C582-22-12B Pushlock plug nipple,11525.95,0,0,https://www.google.com/search?tbm=isch&q=PARKER+3C5822212B
BALLUFF,BEN004L,BEN 516-44-4 Steuernocke,11504.88,0,0,https://www.google.com/search?tbm=isch&q=BALLUFF+BEN004L
LEONI,4GKW-AX PLUS 10MM BK,4GKW-AX plus 10mm BK Cable,11504.0,0,0,https://www.google.com/search?tbm=isch&q=LEONI+4GKW-AX+PLUS+10MM+BK
ASSA ABLOY,D4050R0055,"D4050R0055 PVC-Schweißschnur 8mm, rot",0,1352.88,0,https://www.google.com/search?tbm=isch&q=ASSA+ABLOY+D4050R0055
RITTAL,3526,SV3526.000 PLS Cu rail 1095mm,11493.3,0,0,https://www.google.com/search?tbm=isch&q=RITTAL+3526
DOCERAM,8440Z62935,8440-Z-62935 ceramic pin size A,11490.24,0,0,https://www.google.com/search?tbm=isch&q=DOCERAM+8440Z62935
SMC,MGPM50-400Z-P4DWL,MGPM50-400Z-P4DWL Cylinder,11480.0,0,0,https://www.google.com/search?tbm=isch&q=SMC+MGPM50-400Z-P4DWL
GSEE,20071802,GESS-Z006 Base,11469.6,0,0,https://www.google.com/search?tbm=isch&q=GSEE+20071802
GSEE,21071802,GESS-K006 Base,11469.6,0,0,https://www.google.com/search?tbm=isch&q=GSEE+21071802
QUISS,70.10717,70.10717  Cable Camera Endseg. L=26m,0,1349.0,0,https://www.google.com/search?tbm=isch&q=QUISS+70.10717
DESTACO,TCC2E030040L8B,TCC-2E030040L8-B cylinder,11460.2,0,0,https://www.google.com/search?tbm=isch&q=DESTACO+TCC2E030040L8B
VARIOUS,RV 35MM² GNYE,RV 35mm² GNYE cable,11450.0,0,0,https://www.google.com/search?tbm=isch&q=VARIOUS+RV+35MM²+GNYE
MARVTECH,10250600,MF5-15/C00/YE/CYE Cable,11447.7,0,0,https://www.google.com/search?tbm=isch&q=MARVTECH+10250600
JEAN MUELLER,K02,K02 nut,11445.99,0,0,https://www.google.com/search?tbm=isch&q=JEAN+MUELLER+K02
TÜNKERS,SZK 63.1 R12 T12,SZK 63.1 R12 T12 Hub 40 Cylinder,11440.0,0,0,https://www.google.com/search?tbm=isch&q=TÜNKERS+SZK+63.1+R12+T12
SKF,3206 A-2RS1TN9/MT33,3206 A-2RS1TN9/MT33 Bearing,11440.0,0,0,https://www.google.com/search?tbm=isch&q=SKF+3206+A-2RS1TN9/MT33
FESTO,6146,"SG-M16X1,5 Rod clevis",11437.74,0,0,https://www.google.com/search?tbm=isch&q=FESTO+6146
VARIOUS,DD-TFT-G6SY2-422K-VV2,DD-TFT-G6SY2-422K-VV2  monitor,11430.43,0,0,https://www.google.com/search?tbm=isch&q=VARIOUS+DD-TFT-G6SY2-422K-VV2
FESTO,11691,H-1/2-B check valve 11691,11408.4,0,0,https://www.google.com/search?tbm=isch&q=FESTO+11691
JEAN MUELLER,N5084616,M00gG125/69 Light,11405.52,0,0,https://www.google.com/search?tbm=isch&q=JEAN+MUELLER+N5084616
ESCHA,AL-WAK4-10-AL-WAS4/S7400,M12 male straight connector/ 10M,11400.0,0,0,https://www.google.com/search?tbm=isch&q=ESCHA+AL-WAK4-10-AL-WAS4/S7400
UNIVER,UBM63VEE,UBM63VEE cylinder,11396.0,0,0,https://www.google.com/search?tbm=isch&q=UNIVER+UBM63VEE
SEW EURODRIVE,SA37DRS71S4BE05HR/IS/TF,SA37 DRS71S4BE05HR/IS/TF SCHNECKENGETRIE,11394.69,0,0,https://www.google.com/search?tbm=isch&q=SEW+EURODRIVE+SA37DRS71S4BE05HR/IS/TF
FESTO,51EF44GCQWNMKBQNNMKBNMKBNMKBNGKAQFS/**,valve terminal VTSA-F art.no.547965,11389.09,0,0,https://www.google.com/search?tbm=isch&q=FESTO+51EF44GCQWNMKBQNNMKBNMKBNMKBNGKAQFS/**
VARIOUS,4KG,dry powder extinguisher_4KG,11380.66,0,0,https://www.google.com/search?tbm=isch&q=VARIOUS+4KG
TÜNKERS,V 50.1 ZR A10 T00 45~120,V 50.1 ZR A10 T00 45~120 CYLINDER,11380.0,0,0,https://www.google.com/search?tbm=isch&q=TÜNKERS+V+50.1+ZR+A10+T00+45~120
VARIOUS,30095,PDR020 Insulated P tube bundle DN20,11370.86,0,0,https://www.google.com/search?tbm=isch&q=VARIOUS+30095
FESTO,51EF34GCQWNMKBQNS/45PAVU2B2J2L,valve terminal VTSA-F art.no.547965,11367.81,0,0,https://www.google.com/search?tbm=isch&q=FESTO+51EF34GCQWNMKBQNS/45PAVU2B2J2L
IGUS,14240.18.135/390.0 L=3000+142400.18.12.C,14240.18.135/390.0 L=3000+142400.18.12.C,11365.32,0,0,https://www.google.com/search?tbm=isch&q=IGUS+14240.18.135/390.0+L=3000+142400.18.12.C
SANKYO,17400000,SOBW-40 thrust washer,11352.36,0,0,https://www.google.com/search?tbm=isch&q=SANKYO+17400000
ETA,2210S211P1F2H1116A,2210-S211-P1F2-H111-6A,11329.56,0,0,https://www.google.com/search?tbm=isch&q=ETA+2210S211P1F2H1116A
FESTO,51EF44GCQWNMKBNMKBNMKBNLKANGKAQFS/45PA,Valve island,11327.22,0,0,https://www.google.com/search?tbm=isch&q=FESTO+51EF44GCQWNMKBNMKBNMKBNLKANGKAQFS/45PA
FESTO,51EF34GCQWNMKBQNNMKBNGKAQFS/______,Valve island,11326.51,0,0,https://www.google.com/search?tbm=isch&q=FESTO+51EF34GCQWNMKBQNNMKBNGKAQFS/______
SIEMENS,6GK1901-1BB30-0AA0,"IE FC RJ45 PLUG 145 2X2, RJ45",11315.0,0,0,https://www.google.com/search?tbm=isch&q=SIEMENS+6GK1901-1BB30-0AA0
FESTO,51EF44GCQWNMKBNMKBNGKAQFS/45PAVSMEPP****,Ventilinsel VTSA-F Art.Nr.547965,11312.3,0,0,https://www.google.com/search?tbm=isch&q=FESTO+51EF44GCQWNMKBNMKBNGKAQFS/45PAVSMEPP****
RITTAL,3301.6,SK3301.600 condensate collecting bottle,11306.07,0,0,https://www.google.com/search?tbm=isch&q=RITTAL+3301.6
FESTO,570351,PUN-V0-14x2-SW-C plastic tubing,11302.15,0,0,https://www.google.com/search?tbm=isch&q=FESTO+570351
LENZE,QEV111ACZJLB,Motorleitung f. Frequenzumrichter 15m 94,11296.74,0,0,https://www.google.com/search?tbm=isch&q=LENZE+QEV111ACZJLB
APS,APS-8-4080 L=3000MM,APS-8-4080 L=3000mm Alu Profile,11280.95,0,0,https://www.google.com/search?tbm=isch&q=APS+APS-8-4080+L=3000MM
IGUS,14240.18.135/255.0L=2184+142400.18.12.C,14240.18.135/255.0L=2184+142400.18.12.C,11278.52,0,0,https://www.google.com/search?tbm=isch&q=IGUS+14240.18.135/255.0L=2184+142400.18.12.C
TURCK,RSSD-RJ45S-4422-25M,RSSD-RJ45S-4422-25M Cable,11270.0,0,0,https://www.google.com/search?tbm=isch&q=TURCK+RSSD-RJ45S-4422-25M
TURCK,6630922,RKC4.4T-5-RSC4.4T/TXL3013,11264.4,0,0,https://www.google.com/search?tbm=isch&q=TURCK+6630922
THK,CF 20-A,CF 20-A,11257.2,0,0,https://www.google.com/search?tbm=isch&q=THK+CF+20-A
VARIOUS,LC 7G1.5,LC 7G1.5 Cable,11243.91,0,0,https://www.google.com/search?tbm=isch&q=VARIOUS+LC+7G1.5
FESTO,558719,NPQM-L-G12-Q12-P10 connector,11240.96,0,0,https://www.google.com/search?tbm=isch&q=FESTO+558719
EATON,266008,"N2-160, SWITCH-DISCONNECTOR 3POLE 160A",11238.9,0,0,https://www.google.com/search?tbm=isch&q=EATON+266008
GSEE,EIZ4 EIZ4-20M/F21/LG,EIZ4 EIZ4-20M/F21/LG Profinet,11234.25,0,0,https://www.google.com/search?tbm=isch&q=GSEE+EIZ4+EIZ4-20M/F21/LG
ITEM,0.0.667.39,0.0.667.39 castor wheel,11233.24,0,0,https://www.google.com/search?tbm=isch&q=ITEM+0.0.667.39
PILZ,540382,540382 PSEN cs1 19 OSSD1 Sensor,11217.6,0,0,https://www.google.com/search?tbm=isch&q=PILZ+540382
FESTO,51EF34GCQWNMKBQNNMKBS/45PAVU4B5J3L,Valve island,11208.12,0,0,https://www.google.com/search?tbm=isch&q=FESTO+51EF34GCQWNMKBQNNMKBS/45PAVU4B5J3L
FESTO,51EF34GCQWNMKBNMKBNLKAUKANLKAS/45PAV,valve terminal VTSA-F art.no.547965,11200.46,0,0,https://www.google.com/search?tbm=isch&q=FESTO+51EF34GCQWNMKBNMKBNLKAUKANLKAS/45PAV
VARIOUS,EGT206,EGT_206 clamp RD40,11200.0,0,0,https://www.google.com/search?tbm=isch&q=VARIOUS+EGT206
ESCHA,8102841,AL-WAK4.5-3-AL-WAS4/S740YE/S600 Cable,11200.0,0,0,https://www.google.com/search?tbm=isch&q=ESCHA+8102841
JEAN MUELLER,SST-60/1,SST-60/1  Busbar bracket,11194.52,0,1,https://www.google.com/search?tbm=isch&q=JEAN+MUELLER+SST-60/1
SMC,C-VQM2-00000444-WP8-EBBLÜXXXXX,C-VQM2-00000444-WP8-EBBLÜXXXXX,11193.0,0,0,https://www.google.com/search?tbm=isch&q=SMC+C-VQM2-00000444-WP8-EBBLÜXXXXX
FESTO,170944,DFM-40-160-P-A-KF CYLINDER,11188.28,0,0,https://www.google.com/search?tbm=isch&q=FESTO+170944
FESTO,51EF44GCQWNMKBQNNMKBS/45PAVSME2A4J,Ventilinsel VTSA-F Art.Nr.547965,11176.58,0,0,https://www.google.com/search?tbm=isch&q=FESTO+51EF44GCQWNMKBQNNMKBS/45PAVSME2A4J
BAOJIE,M23RE,Magnetic Drill & Accessories M23RE,11173.16,0,0,https://www.google.com/search?tbm=isch&q=BAOJIE+M23RE
VARIOUS,86350,WD-40 350ml spray lubricant,11172.0,0,0,https://www.google.com/search?tbm=isch&q=VARIOUS+86350
FESTO,51ENMKBNMKBNMKBNLKAQWF35GCQNT/45PRXSLXAR,Ventilinsel VTSA-F-FB Art.Nr.: 547965,11170.18,0,0,https://www.google.com/search?tbm=isch&q=FESTO+51ENMKBNMKBNMKBNLKAQWF35GCQNT/45PRXSLXAR
PARKER,EL10LOMDCF,EL10LOMDCF L-Anschlußstutzen,11132.7,0,0,https://www.google.com/search?tbm=isch&q=PARKER+EL10LOMDCF
EKK ELEKTRO KOHLE KÖLN,1003480,18.005-96 Teleskop-Stromabnehmer 1003480,11118.6,0,0,https://www.google.com/search?tbm=isch&q=EKK+ELEKTRO+KOHLE+KÖLN+1003480
LENZE,QEV111ACZJFV,Motorleitung Servo-Umrichter 9400 5m,11116.59,0,0,https://www.google.com/search?tbm=isch&q=LENZE+QEV111ACZJFV
LUETZE,716426,"Copper rail 3x10mm, 1m",11116.44,0,0,https://www.google.com/search?tbm=isch&q=LUETZE+716426
JEAN MUELLER,N2015900,"NH-Sicherungseinsatz, Bgr.2, 3",11097.57,0,0,https://www.google.com/search?tbm=isch&q=JEAN+MUELLER+N2015900
EATON,171465,"Dauerlichtmodul, gelb, LED, 24 V",11096.8,0,0,https://www.google.com/search?tbm=isch&q=EATON+171465
EATON,171462,"Dauerlichtmodul, grün, LED, 24 V",11096.8,0,0,https://www.google.com/search?tbm=isch&q=EATON+171462
SIEMENS,6GK600-8HT01-0SA2,RUGGEDCOM 4GB MICROSD CARD ACCESSORY,11093.0,0,0,https://www.google.com/search?tbm=isch&q=SIEMENS+6GK600-8HT01-0SA2
GSEE,EK4 EZ4-10M/GSC,EK4 EZ4-10M/GSC,11085.8,0,0,https://www.google.com/search?tbm=isch&q=GSEE+EK4+EZ4-10M/GSC
JEAN MUELLER,M2GL315 N2015905,Fuse NH2  315A/500V,11075.22,0,0,https://www.google.com/search?tbm=isch&q=JEAN+MUELLER+M2GL315+N2015905
FESTO,558805,NPQM-Y-Q10-Q8-P10 connector,11067.0,0,0,https://www.google.com/search?tbm=isch&q=FESTO+558805
LENZE,QEV111ACZJFS,"Anschlußletung 80m (4x1,5mm²+(2x0,5mm²))",11062.18,0,0,https://www.google.com/search?tbm=isch&q=LENZE+QEV111ACZJFS
FESTO,51EF44GCQWNMKBQNNMKBNGKAQFS/45PAXP2SMEPN,ValveTerminal Art.Nr.547965,11060.42,0,0,https://www.google.com/search?tbm=isch&q=FESTO+51EF44GCQWNMKBQNNMKBNGKAQFS/45PAXP2SMEPN
FESTO,51EF44GCQWNMKBNMKBNMKBNLKANGKAQFS/45PAXS,Valve island,11057.2,0,0,https://www.google.com/search?tbm=isch&q=FESTO+51EF44GCQWNMKBNMKBNMKBNLKANGKAQFS/45PAXS
IFM,O5P700,O5P700 Reflexlichttaster,11052.0,0,0,https://www.google.com/search?tbm=isch&q=IFM+O5P700
SKF,SYNT60F,Synt 60 F Bearing,11038.0,0,0,https://www.google.com/search?tbm=isch&q=SKF+SYNT60F
FESTO,170855,DFM-32-025-P-A-GF cylinder,11028.38,0,0,https://www.google.com/search?tbm=isch&q=FESTO+170855
VARIOUS,NFC-FLEX110 3G1,NFC-FLEX110 3G1 Cable,11025.0,0,0,https://www.google.com/search?tbm=isch&q=VARIOUS+NFC-FLEX110+3G1
DANFOSS,FC-302P5K5T5E20H2BGCXXXSXXXXALBRCXXXXDX,FC-302P5K5T5E20H2BGCXXXSXXXXALBRCXXXXDX,11021.32,0,0,https://www.google.com/search?tbm=isch&q=DANFOSS+FC-302P5K5T5E20H2BGCXXXSXXXXALBRCXXXXDX
SMC,MDBB125-150Z,MDBB125-150Z Cylinder,11016.0,0,0,https://www.google.com/search?tbm=isch&q=SMC+MDBB125-150Z
MBS,50-0083,50-0083,11012.43,0,0,https://www.google.com/search?tbm=isch&q=MBS+50-0083
VARIOUS,PD63A23S12H40,PD63A23S12H40,11000.0,0,0,https://www.google.com/search?tbm=isch&q=VARIOUS+PD63A23S12H40
VARIOUS,XQJC02E03,XQJ-C-02E-03  300*5.0mm,11000.0,0,0,https://www.google.com/search?tbm=isch&q=VARIOUS+XQJC02E03
TUCKER,61250030/L=3.3M,61250030_L=3.3M SPR Tube,10994.0,0,0,https://www.google.com/search?tbm=isch&q=TUCKER+61250030/L=3.3M
FESTO,51EF34GCQWNMKBNMKBNLKAS/45PAVU3AO2JOJL,valve terminal VTSA-F art.no.547965,10968.76,0,0,https://www.google.com/search?tbm=isch&q=FESTO+51EF34GCQWNMKBNMKBNLKAS/45PAVU3AO2JOJL
GSEE,EK4 EZ4-8M/P01,EK4 EZ4-8M/P01 cable,10951.5,0,0,https://www.google.com/search?tbm=isch&q=GSEE+EK4+EZ4-8M/P01
ATLANTA,6591518,65 91 518 Felt gearwheel,0,1287.8,0,https://www.google.com/search?tbm=isch&q=ATLANTA+6591518
SIKA,11FC (PRO) GREY /600ML,Sikaflex Acrylic 11FC (Pro) Grey /600ml,10940.0,0,0,https://www.google.com/search?tbm=isch&q=SIKA+11FC+(PRO)+GREY+/600ML
SCHMALZ,10.01.17.00173,HTS-A3 SGM 50/70 Holder system,10938.88,0,0,https://www.google.com/search?tbm=isch&q=SCHMALZ+10.01.17.00173
WOEHNER,33198,"NH-Lasttrennschalter Gr. 00, 160 A, 3pol",10934.81,0,0,https://www.google.com/search?tbm=isch&q=WOEHNER+33198
TURCK,6634678,WKC4.4T-P7X3.2-25-RSC4.4T/TXL,10934.4,0,0,https://www.google.com/search?tbm=isch&q=TURCK+6634678
OBARA,SHTC010183/L=230 L=190 SQ=1200,SHTC010183/L=230 l=190 SQ=1200,10925.0,0,0,https://www.google.com/search?tbm=isch&q=OBARA+SHTC010183/L=230+L=190+SQ=1200
VARIOUS,T2908000,T2908000 CONNECTOR,10920.05,0,0,https://www.google.com/search?tbm=isch&q=VARIOUS+T2908000
SMC,KQB2L08-G02,"KQB2L08-G02   CONECTOR CODO 1/4"" - 8mm",10893.0,0,1,https://www.google.com/search?tbm=isch&q=SMC+KQB2L08-G02
LUMBERG,5M2FW2LED-9056 /0.6M,AL-WWAK5P3.1-0.6-AL-WAS5/S7400/S8080,10890.0,0,0,https://www.google.com/search?tbm=isch&q=LUMBERG+5M2FW2LED-9056+/0.6M
HELUKABEL,26858,Einzelader 25mm² gruen/gelb auf Trommel,10875.0,0,0,https://www.google.com/search?tbm=isch&q=HELUKABEL+26858
FESTO,558774,NPQM-D-Q10-S12-P10 connector,10874.92,0,0,https://www.google.com/search?tbm=isch&q=FESTO+558774
PEPPERL&FUCHS,289185,V1-W-BK20M-PUR-U5/ABG-V1-W cable,10872.94,0,0,https://www.google.com/search?tbm=isch&q=PEPPERL&FUCHS+289185
TURCK,1644731,BI8U-M18-AP6X-H1141 Sensor Induktiv,10865.0,0,0,https://www.google.com/search?tbm=isch&q=TURCK+1644731
SIEMENS,5SL6102-7CC,5SL6102-7CC 230/400V 6KA CURVA C,10842.3,0,0,https://www.google.com/search?tbm=isch&q=SIEMENS+5SL6102-7CC
SIEMENS,6AV2102-0AA07-0AA5,6AV2102-0AA07-0AA5,10840.12,0,0,https://www.google.com/search?tbm=isch&q=SIEMENS+6AV2102-0AA07-0AA5
SEW EURODRIVE,28231449,USM21A interface converter,10836.89,0,0,https://www.google.com/search?tbm=isch&q=SEW+EURODRIVE+28231449
SIEMENS,3LD2804-0TK51,"Hauptschalter 3pol. 23A, 45kW",10836.77,0,0,https://www.google.com/search?tbm=isch&q=SIEMENS+3LD2804-0TK51
RK ROSE&KRIEGER,18120002020,GF 12 Gelenkklemmstück RK I-Design,0,1274.0,0,https://www.google.com/search?tbm=isch&q=RK+ROSE&KRIEGER+18120002020
SIEMENS,6EP1332-4BA00,6EP1332-4BA00 SIMATIC PM power supply,10828.32,0,0,https://www.google.com/search?tbm=isch&q=SIEMENS+6EP1332-4BA00
FESTO,557377,VABF-S6-1-P5A4-G12-4-1-P  SOFT STRT VALV,10821.33,0,0,https://www.google.com/search?tbm=isch&q=FESTO+557377
HILTI,2004157,HSA M12x145 65/50/15 stud anchor,10812.02,0,0,https://www.google.com/search?tbm=isch&q=HILTI+2004157
FESTO,51EF44GCQWNMKBNLKANGKAQFS/45PAVSMEPP*,Ventilinsel VTSA-F Art.Nr.547965,10809.18,0,0,https://www.google.com/search?tbm=isch&q=FESTO+51EF44GCQWNMKBNLKANGKAQFS/45PAVSMEPP*
ESCHA,8045519,"8045519 Cable 4x0,34 black",10800.0,0,0,https://www.google.com/search?tbm=isch&q=ESCHA+8045519
VARIOUS,PTM40X50,PTM40X50,10800.0,0,0,https://www.google.com/search?tbm=isch&q=VARIOUS+PTM40X50
VARIOUS,MTSNR40,MTSNR40 Screw Nut,10800.0,0,0,https://www.google.com/search?tbm=isch&q=VARIOUS+MTSNR40
FESTO,51EF34GCQWNMKBNMKBNMKBNGKAQFS,valve island,10790.04,0,0,https://www.google.com/search?tbm=isch&q=FESTO+51EF34GCQWNMKBNMKBNMKBNGKAQFS
FESTO,51ENMKBNMKBNMKBQWF44GCQNNGKAQFS**,Valve Terminal,10786.42,0,0,https://www.google.com/search?tbm=isch&q=FESTO+51ENMKBNMKBNMKBQWF44GCQNNGKAQFS**
PIAB,OBF30X60M14,OBF30X60M14,10779.21,0,0,https://www.google.com/search?tbm=isch&q=PIAB+OBF30X60M14
VARIOUS,20080,J35 Channel steel anti-cracking bracket,10773.0,0,0,https://www.google.com/search?tbm=isch&q=VARIOUS+20080
TINGTE PIPE INDUSTRY,T1906518,T1906518 connector,10767.9,0,0,https://www.google.com/search?tbm=isch&q=TINGTE+PIPE+INDUSTRY+T1906518
WOEHNER,1243,"Anschlussklemmplatte,3-polig,",10766.25,0,0,https://www.google.com/search?tbm=isch&q=WOEHNER+1243
EUCHNER,73290,Flanschdose 12pol. M23x1,10761.9,0,0,https://www.google.com/search?tbm=isch&q=EUCHNER+73290
FESTO,51EF34GCQWNMKBQNNMKBNMKBNMKBNMKBS/45**,valve terminal CPX/VTSA-F Art.Nr. 547965,10761.74,0,0,https://www.google.com/search?tbm=isch&q=FESTO+51EF34GCQWNMKBQNNMKBNMKBNMKBNMKBS/45**
FESTO,51EF34GCQWNMKBQNNMKBNMKBNMKBNMKBS____,valve island,10761.74,0,0,https://www.google.com/search?tbm=isch&q=FESTO+51EF34GCQWNMKBQNNMKBNMKBNMKBNMKBS____
FESTO,51ENMKBNMKBQWF44GCQNNGKAQFS***,Valve Terminal,10761.37,0,0,https://www.google.com/search?tbm=isch&q=FESTO+51ENMKBNMKBQWF44GCQNNGKAQFS***
FESTO,51ENLKANMKBNMKBNMKBF34GCQWS/45P***,valve terminal VTSA-F art.no.547965,10756.81,0,0,https://www.google.com/search?tbm=isch&q=FESTO+51ENLKANMKBNMKBNMKBF34GCQWS/45P***
EAGTOP ELECTRONIC,R.BRU.3K00.0056.8888M,R.BRU.3K00.0056.8888M  Resistor,10752.3,0,0,https://www.google.com/search?tbm=isch&q=EAGTOP+ELECTRONIC+R.BRU.3K00.0056.8888M
FESTO,170861,DFM-32-125-P-A-GF Führungszylinder,10739.58,0,0,https://www.google.com/search?tbm=isch&q=FESTO+170861
STÄUBLI,K4N034041,K4N034041,10736.56,0,0,https://www.google.com/search?tbm=isch&q=STÄUBLI+K4N034041
FESTO,51EF33GCQPNMKBNMKBT/45PAXSSME3BOZ*,valve terminal VTSA-F-FB Art.Nr.547965,10735.24,0,0,https://www.google.com/search?tbm=isch&q=FESTO+51EF33GCQPNMKBNMKBT/45PAXSSME3BOZ*
STÄUBLI,K4N034039,K4N034039,10727.44,0,0,https://www.google.com/search?tbm=isch&q=STÄUBLI+K4N034039
FESTO,51EF44GCQWNMKBQNNMKBNLKAS/45P-A-V-SMEPP*,valve terminal VTSA-F art.no.547965,10721.28,0,0,https://www.google.com/search?tbm=isch&q=FESTO+51EF44GCQWNMKBQNNMKBNLKAS/45P-A-V-SMEPP*
SMC,VV5QC41-05C10SD6F3N,VV5QC41-05C10SD6F3N VALVE,10710.0,0,0,https://www.google.com/search?tbm=isch&q=SMC+VV5QC41-05C10SD6F3N
WERMA,140.150.50,Mehrtonsirene WM 32 Töne 9-28VDC,10679.55,0,0,https://www.google.com/search?tbm=isch&q=WERMA+140.150.50
QUISS,70.10714,Kabel Kamera Endsegment RTV.t OEM V4,0,1256.0,0,https://www.google.com/search?tbm=isch&q=QUISS+70.10714
OBO BETTERMANN,6061989,6061989 BKRS 1150 FS,10673.2,0,0,https://www.google.com/search?tbm=isch&q=OBO+BETTERMANN+6061989
VARIOUS,EGT005_N161S,EGT_005 / L=N161S AL-Profil-40,10661.22,0,0,https://www.google.com/search?tbm=isch&q=VARIOUS+EGT005_N161S
MISUMI,LLTA5,LLTA5 LINEAR LOCKS,10656.0,0,0,https://www.google.com/search?tbm=isch&q=MISUMI+LLTA5
FESTO,541010,VAMC-S6-CH cover cap,10655.8,0,0,https://www.google.com/search?tbm=isch&q=FESTO+541010
FESTO,31764,LBG-63 Clevis foot mounting,10653.09,0,0,https://www.google.com/search?tbm=isch&q=FESTO+31764
VARIOUS,EGT006 L=0163,"EGT_006 / L=0163 mm tube 30x2,5",10652.54,0,0,https://www.google.com/search?tbm=isch&q=VARIOUS+EGT006+L=0163
TURCK,6626721,RKC4.4T-20-RSC4.4T/TXL,10648.8,0,0,https://www.google.com/search?tbm=isch&q=TURCK+6626721
SIEMENS,3SU1050-5SF01-0AA0,"Schlüsselschalter BKS, Schließ-Nr.E7 VW",10641.53,0,0,https://www.google.com/search?tbm=isch&q=SIEMENS+3SU1050-5SF01-0AA0
TURCK,6900507,TW-R50-K2 Loader,10640.0,0,0,https://www.google.com/search?tbm=isch&q=TURCK+6900507
SIEMENS,6ES7822-1AA07-0YA5,6ES7822-1AA07-0YA5,10639.21,0,0,https://www.google.com/search?tbm=isch&q=SIEMENS+6ES7822-1AA07-0YA5
FESTO,34519,FENG-63-400-KF cylinder components,10636.88,0,0,https://www.google.com/search?tbm=isch&q=FESTO+34519
WOEHNER,31901,31901,10634.22,0,0,https://www.google.com/search?tbm=isch&q=WOEHNER+31901
GSEE,EK4 EZ4-1M/P21/LG,EK4 EZ4-1M/P21/LG Cable,10630.4,0,0,https://www.google.com/search?tbm=isch&q=GSEE+EK4+EZ4-1M/P21/LG
MARVTECH,10250605,MF5-8-MM5/C00/YE/CYE Cable,10623.9,0,0,https://www.google.com/search?tbm=isch&q=MARVTECH+10250605
FESTO,51EF34GCQWNMKBQNNMKBNLKAS/45PAVU2B3JL,valve terminal VTSA-F art.no.547965,10616.86,0,0,https://www.google.com/search?tbm=isch&q=FESTO+51EF34GCQWNMKBQNNMKBNLKAS/45PAVU2B3JL
JIEKE,TQW1/2-60-340,TQW1/2-60-340 Torque Wrench,10613.29,0,0,https://www.google.com/search?tbm=isch&q=JIEKE+TQW1/2-60-340
RITTAL,7077,cable clamp 6-14,10612.25,0,0,https://www.google.com/search?tbm=isch&q=RITTAL+7077
WERMA,64580975,645 809 75 buzzer element,10608.57,0,0,https://www.google.com/search?tbm=isch&q=WERMA+64580975
LEUZE,68026106,MLC510R14-600.1 Light Curtain,10603.4,0,0,https://www.google.com/search?tbm=isch&q=LEUZE+68026106
FESTO,558808,NPQM-H-Q8-E-P10 Schott-Steckverbindung,10599.4,0,0,https://www.google.com/search?tbm=isch&q=FESTO+558808
FESTO,1722457_0100-D3-PPVA-N3,DSBC-125-0100-D3-PPVA-N3 cylinder,10586.66,0,0,https://www.google.com/search?tbm=isch&q=FESTO+1722457_0100-D3-PPVA-N3
BOSCH,06019A8380,TSR 1800-Li Cordless drill/driver,10578.8,0,0,https://www.google.com/search?tbm=isch&q=BOSCH+06019A8380
FESTO,51EF34GCQWNMKBNLKAUKAS/45PAVU2A2J2L,valve unit Art-Nr.547965,10571.9,0,0,https://www.google.com/search?tbm=isch&q=FESTO+51EF34GCQWNMKBNLKAUKAS/45PAVU2A2J2L
SMC,MXQR25-75C-M9PW-X11(0_0),MXQR25-75C-M9PW-X11(0_0) slide table,10560.0,0,0,https://www.google.com/search?tbm=isch&q=SMC+MXQR25-75C-M9PW-X11(0_0)
OBO BETTERMANN,6049127,6049127 DBKR 500 FS,10557.19,0,0,https://www.google.com/search?tbm=isch&q=OBO+BETTERMANN+6049127
FESTO,550239,CPE14-M1CH-5J-1/8 Magnetventil,10539.8,0,0,https://www.google.com/search?tbm=isch&q=FESTO+550239
SIEMENS,3RT6017-1BB41,3RT6017-1BB41  contactor,10537.4,0,0,https://www.google.com/search?tbm=isch&q=SIEMENS+3RT6017-1BB41
LAPP,1119603,1119603 control cable 3G6qmm,10537.0,0,0,https://www.google.com/search?tbm=isch&q=LAPP+1119603
PHOENIX,2862220,IBS IL 24 BK-LK/45-2MBD-PAC COUPLER 45°,10533.36,0,0,https://www.google.com/search?tbm=isch&q=PHOENIX+2862220
ETON,45.1.045090.06.02-4335MM,45.1.045090.06.02-4335mm,10531.56,0,0,https://www.google.com/search?tbm=isch&q=ETON+45.1.045090.06.02-4335MM
TUCKER,61235131,61235131 Rivet,10522.6,0,0,https://www.google.com/search?tbm=isch&q=TUCKER+61235131
TUCKER,61235110,61235110 Rivet,10522.6,0,0,https://www.google.com/search?tbm=isch&q=TUCKER+61235110
TUCKER,61235040,61235040 Rivet,10522.55,0,0,https://www.google.com/search?tbm=isch&q=TUCKER+61235040
LENZE,QEV111ACZJFJ,Anschlußleitung für Servo-Motor 35m,10511.93,0,0,https://www.google.com/search?tbm=isch&q=LENZE+QEV111ACZJFJ
BOSCH,607453620,607453620 Tightening Head,10509.74,0,0,https://www.google.com/search?tbm=isch&q=BOSCH+607453620
FESTO,31744,LSNG-80 Clevis foot mounting,10496.92,0,0,https://www.google.com/search?tbm=isch&q=FESTO+31744
LENZE,EYP0016A0150M03A00,Motor cable EYP0016A0150M03A00,10483.71,0,0,https://www.google.com/search?tbm=isch&q=LENZE+EYP0016A0150M03A00
FESTO,558809,NPQM-H-Q10-E-P10 Schott-Steckverbindung,10473.6,0,0,https://www.google.com/search?tbm=isch&q=FESTO+558809
BOSCH REXROTH,LSGF-A-40-DD,LSGF-A-40-DD  FLANSCH,10472.0,0,0,https://www.google.com/search?tbm=isch&q=BOSCH+REXROTH+LSGF-A-40-DD
FESTO,51EF34GCQWNMKBQNNMKBNMKBNGKAQFS/45PAVU-*,Valve island,10467.8,0,0,https://www.google.com/search?tbm=isch&q=FESTO+51EF34GCQWNMKBQNNMKBNMKBNGKAQFS/45PAVU-*
VARIOUS,8.5,8.5 Alloy twist drill,10450.68,0,0,https://www.google.com/search?tbm=isch&q=VARIOUS+8.5
ROSE,17.0410008,Klemmkasten 269x269x130 RAL 7035,10449.6,0,0,https://www.google.com/search?tbm=isch&q=ROSE+17.0410008
WERMA,649.800.05,"Signalsäule kpl. LED-Dauerlicht. gn,rt,b",10449.54,0,0,https://www.google.com/search?tbm=isch&q=WERMA+649.800.05
SICK,1211479,Sicherheits-Lichtvorhang deTec4 Core Emp,10448.0,0,0,https://www.google.com/search?tbm=isch&q=SICK+1211479
LUMBERG,4M2F2-5103/3M,4M2F2-5103/3M,10440.0,0,0,https://www.google.com/search?tbm=isch&q=LUMBERG+4M2F2-5103/3M
TURCK,RSSD-RJ45S-4422-30M,RSSD-RJ45S-4422-30M Cable,10440.0,0,0,https://www.google.com/search?tbm=isch&q=TURCK+RSSD-RJ45S-4422-30M
FESTO,170857,DFM-32-040-P-A-GF cilindro,10430.48,0,0,https://www.google.com/search?tbm=isch&q=FESTO+170857
FESTO,51EF33GCQPNMKBNMKBNMKBNMKBNMKBT/45P*A*X*,valve terminal VTSA-F-FB Art.Nr.547965,10417.78,0,0,https://www.google.com/search?tbm=isch&q=FESTO+51EF33GCQPNMKBNMKBNMKBNMKBNMKBT/45P*A*X*
WALTHER,103323,7-119-WASI-SS02-M12-8-V2 Sensor,10400.0,0,0,https://www.google.com/search?tbm=isch&q=WALTHER+103323
MENNEKES,742,CEE-Stecker 16A/7pol. 400V.,10380.16,0,0,https://www.google.com/search?tbm=isch&q=MENNEKES+742
FESTO,51ENMKBNMKBQWF35GCQNT*,Ventilinsel VTSA-F-FB Art.Nr.: 547965,10357.47,0,0,https://www.google.com/search?tbm=isch&q=FESTO+51ENMKBNMKBQWF35GCQNT*
THIELMANN,890100,"Ständer BRG max. 1,50m höhenverstellbar",0,1218.24,0,https://www.google.com/search?tbm=isch&q=THIELMANN+890100
PEPPERL&FUCHS,204621,Schreib-Lesekopf f. IDENTControl,10350.0,0,0,https://www.google.com/search?tbm=isch&q=PEPPERL&FUCHS+204621
FESTO,51EF33GCQPNMKBNMKBNGKAQFT/45P-R-XS-SME-4,valve terminal VTSA-F-FB Art.Nr.547965,10329.05,0,0,https://www.google.com/search?tbm=isch&q=FESTO+51EF33GCQPNMKBNMKBNGKAQFT/45P-R-XS-SME-4
EUCHNER,"C-M12F05-05X034PU20,0-M12M05-119971","C-M12F05-05X034PU20,0-M12M05-119971",10322.91,0,0,"https://www.google.com/search?tbm=isch&q=EUCHNER+C-M12F05-05X034PU20,0-M12M05-119971"
VARIOUS,PWKR80-2RS,PWKR80-2RS Cam Roller,10321.56,0,0,https://www.google.com/search?tbm=isch&q=VARIOUS+PWKR80-2RS
WERMA,843.400.55,LED Permanent light element,10290.0,0,0,https://www.google.com/search?tbm=isch&q=WERMA+843.400.55
SCHNEIDER ELECTRIC,LC1D32BDC,LC1D32BDC,10284.75,0,0,https://www.google.com/search?tbm=isch&q=SCHNEIDER+ELECTRIC+LC1D32BDC
DESTACO,82M-3E03H040K8AMS25,82M-3E03H040K8AMS25-135 heavy duty clamp,10283.52,0,0,https://www.google.com/search?tbm=isch&q=DESTACO+82M-3E03H040K8AMS25
SMC,C-VQM2-00004444WC8-EBBBBLL,C-VQM2-00004444WC8-EBBBBLL,10278.0,0,0,https://www.google.com/search?tbm=isch&q=SMC+C-VQM2-00004444WC8-EBBBBLL
COLSON,6-6208-928,6-6208-928 Universal wheel,10270.0,0,0,https://www.google.com/search?tbm=isch&q=COLSON+6-6208-928
HILTI,2179075,TE-YX 16/52 Hammerbohrer,10267.6,0,0,https://www.google.com/search?tbm=isch&q=HILTI+2179075
VARIOUS,EGT199,EGT_199 connection RD40-K50/63-VLR,10255.02,0,0,https://www.google.com/search?tbm=isch&q=VARIOUS+EGT199
FESTO,51EF34GCQWNMKBQNNMKBNMKBNMKBNGKAQFS/45P-,valve terminal VTSA-F art.no.547965,10244.76,0,0,https://www.google.com/search?tbm=isch&q=FESTO+51EF34GCQWNMKBQNNMKBNMKBNMKBNGKAQFS/45P-
TÜNKERS,V2 50.1 ZL A10 T00 45-105°,V2 50.1 ZL A10 T00 45-105° cylinder,10242.0,0,0,https://www.google.com/search?tbm=isch&q=TÜNKERS+V2+50.1+ZL+A10+T00+45-105°
ACE,MA600M-BP,MA600M-BP Buffer,10240.0,0,0,https://www.google.com/search?tbm=isch&q=ACE+MA600M-BP
WOEHNER,1495,Universal-Sammelschienentraege,10192.27,0,0,https://www.google.com/search?tbm=isch&q=WOEHNER+1495
GSEE,MZ5211-0/11,MZ5211-0/11 Connector,10177.0,0,0,https://www.google.com/search?tbm=isch&q=GSEE+MZ5211-0/11
SEW EURODRIVE,MTA11A-503-S533-D01-00/L10,MTA11A-503-S533-D01-00/L10 ABOX,10173.29,0,0,https://www.google.com/search?tbm=isch&q=SEW+EURODRIVE+MTA11A-503-S533-D01-00/L10
FESTO,1463475_0250-C-PPVA,DSBC-63-250-C-PPVA cylinder,10158.76,0,0,https://www.google.com/search?tbm=isch&q=FESTO+1463475_0250-C-PPVA
TURCK,6914520,Konfektionierbare Kupplung 5-pol. gerade,10140.0,0,0,https://www.google.com/search?tbm=isch&q=TURCK+6914520
LENZE,13390496,EYP0026A0500H02A00 Length: 50m,10132.36,0,0,https://www.google.com/search?tbm=isch&q=LENZE+13390496
FESTO,51EF34GCQWNMKBNMKBNMKBNGKAQFS/45PAVU2B3J,valve island,10131.24,0,0,https://www.google.com/search?tbm=isch&q=FESTO+51EF34GCQWNMKBNMKBNMKBNGKAQFS/45PAVU2B3J
SIEMENS,6ES7136-6PA00-0BC0,"SIMATIC DP, Powerm. F-PM-E PPM Profisafe",10130.94,194.48,0,https://www.google.com/search?tbm=isch&q=SIEMENS+6ES7136-6PA00-0BC0
FESTO,51ENMKBNMKBQWF44GCQNNGKAQFS**,Valve Terminal,10120.87,0,0,https://www.google.com/search?tbm=isch&q=FESTO+51ENMKBNMKBQWF44GCQNNGKAQFS**
SKF,SYNT50L,SYNT 50 L Bearing,10120.0,0,0,https://www.google.com/search?tbm=isch&q=SKF+SYNT50L
BELDEN,3G1 G8U,3G1 G8U CABLE,10120.0,0,0,https://www.google.com/search?tbm=isch&q=BELDEN+3G1+G8U
SEW EURODRIVE,18121276/10.0,Konfektioniertes Kabel 10m HAN 6B,10109.72,0,0,https://www.google.com/search?tbm=isch&q=SEW+EURODRIVE+18121276/10.0
FESTO,1646777,DSBG-080-160-PPVA-N3 cylinder,10103.24,0,0,https://www.google.com/search?tbm=isch&q=FESTO+1646777
SIEMENS,3SU1401-2BB60-1AA0,3SU1401-2BB60-1AA0 LED MODULE 24V AC/DC,10099.2,0,0,https://www.google.com/search?tbm=isch&q=SIEMENS+3SU1401-2BB60-1AA0
FESTO,51EF44GCQWNMKBQNNLKAS/45PAVSMELLVBWMVBW,Ventilinsel VTSA-F Art.Nr.547965,10093.16,0,0,https://www.google.com/search?tbm=isch&q=FESTO+51EF44GCQWNMKBQNNLKAS/45PAVSMELLVBWMVBW
JEAN MUELLER,AM-60/250/3,AM-60/250/3 Module 1.5mm²-70mm²,10091.16,0,0,https://www.google.com/search?tbm=isch&q=JEAN+MUELLER+AM-60/250/3
FESTO,51ENMKBNMKBNLKAQWF35GCQNT/45PRXSLXARA,Ventilinsel VTSA-F-FB Art.Nr.: 547965,10089.49,0,0,https://www.google.com/search?tbm=isch&q=FESTO+51ENMKBNMKBNLKAQWF35GCQNT/45PRXSLXARA
TSUBAKI KABELSCHLEPP,KC0900.TS0,KC0900.TS0 system,10089.4,0,0,https://www.google.com/search?tbm=isch&q=TSUBAKI+KABELSCHLEPP+KC0900.TS0
EXPERT,504231,"MF2-8,4-5,0 Trafogleichrichtereinheit VP",0,1186.88,0,https://www.google.com/search?tbm=isch&q=EXPERT+504231
FRONIUS,108325,108325 Verschleißteilpaket 330A,0,1186.54,0,https://www.google.com/search?tbm=isch&q=FRONIUS+108325
VARIOUS,EGT001 L=1558,EGT_001 / L=1558 octagon profile SW80,10081.41,0,0,https://www.google.com/search?tbm=isch&q=VARIOUS+EGT001+L=1558
FESTO,174413,ZNCF-50 Trunnion flange,10073.5,0,0,https://www.google.com/search?tbm=isch&q=FESTO+174413
BOSCH REXROTH,"R0303 043 02, 2900 MM",R030304302 shaft WV-20 L=2900mm,10060.0,0,0,"https://www.google.com/search?tbm=isch&q=BOSCH+REXROTH+R0303+043+02,+2900+MM"
SMC,C-VQM2-00000044WP8-EBLL,C-VQM2-00000044WP8-EBLL Valve,10056.0,0,0,https://www.google.com/search?tbm=isch&q=SMC+C-VQM2-00000044WP8-EBLL
FESTO,8085179,DGST-16-80-Y12A mini slide,10050.44,0,0,https://www.google.com/search?tbm=isch&q=FESTO+8085179
EATON,171443,"Basismodul, 100 mm Alurohr mit Fuß",10048.48,0,0,https://www.google.com/search?tbm=isch&q=EATON+171443
IGUS,68.125.150.0 L=1800,68.125.150.0 igus®e-chain L=1800mm,10029.0,0,0,https://www.google.com/search?tbm=isch&q=IGUS+68.125.150.0+L=1800
LENZE,QEV111ADJEDQ,"EYF0020A0600F01S05 SYS-CABLE-RES60,0M DC",10028.97,0,0,https://www.google.com/search?tbm=isch&q=LENZE+QEV111ADJEDQ
PARKER,EL10LOMD71,EL10LOMD71 Fitting,10016.6,0,0,https://www.google.com/search?tbm=isch&q=PARKER+EL10LOMD71
FESTO,51EF33GCQPNMKBNMKBNMKBNMKBNMKBT/45P-A*,valve terminal VTSA-F-FB Art.Nr.547965,10010.2,0,0,https://www.google.com/search?tbm=isch&q=FESTO+51EF33GCQPNMKBNMKBNMKBNMKBNMKBT/45P-A*
FESTO,51EF34GCQWNMKBNMKBNLKAS/45PAVU2A3JL,valve terminal VTSA-F art.no.547965,9999.92,0,0,https://www.google.com/search?tbm=isch&q=FESTO+51EF34GCQWNMKBNMKBNLKAS/45PAVU2A3JL
BELDEN,7G1 G8U,7G1 G8U CABLE,9954.0,0,0,https://www.google.com/search?tbm=isch&q=BELDEN+7G1+G8U
NIKON,126359,"0,5"" Tooling Ball, matt",0,1170.0,0,https://www.google.com/search?tbm=isch&q=NIKON+126359
FESTO,1463495_0320-C-PPVA,DSBC-80-320-C-PPVA,9943.5,0,0,https://www.google.com/search?tbm=isch&q=FESTO+1463495_0320-C-PPVA
FESTO,51EF44GCQWNMKBQNNMKBS/45PAVU3B3J3L,valve terminal VSTA-F-FB Art.Nr. 547965,9941.2,0,0,https://www.google.com/search?tbm=isch&q=FESTO+51EF44GCQWNMKBQNNMKBS/45PAVU3B3J3L
OBO BETTERMANN,6065012,6065012 DRL H FT,9929.97,0,0,https://www.google.com/search?tbm=isch&q=OBO+BETTERMANN+6065012
FESTO,51EF34GCQWNMKBQNNMKBNMKBNMKBS/45PAVU3A,Valve island,9923.14,0,0,https://www.google.com/search?tbm=isch&q=FESTO+51EF34GCQWNMKBQNNMKBNMKBNMKBS/45PAVU3A
LENZE,QEV111ACZJIS,Anschlußleitung 30m M03-8pol. 6-16mm²,9915.12,0,0,https://www.google.com/search?tbm=isch&q=LENZE+QEV111ACZJIS
SICK,1222705,WTB26P-24161520A00 SENSOR,9900.0,0,0,https://www.google.com/search?tbm=isch&q=SICK+1222705
SKF,KRV 52 PPX,KRV 52 PPX Bearing,9900.0,0,0,https://www.google.com/search?tbm=isch&q=SKF+KRV+52+PPX
RITTAL,1380.5,Schaltschrank BHT: 380x380x210,9899.78,0,0,https://www.google.com/search?tbm=isch&q=RITTAL+1380.5
SMC,C-VQM2-00000444-WP8-EBBLÜXX,C-VQM2-00000444-WP8-EBBLÜXX,9897.0,0,0,https://www.google.com/search?tbm=isch&q=SMC+C-VQM2-00000444-WP8-EBBLÜXX
VARIOUS,EGT001 L=0898,EGT_001 / L=0898 octogon profile SW80,9891.34,0,0,https://www.google.com/search?tbm=isch&q=VARIOUS+EGT001+L=0898
FESTO,51EF44GCQWNMKBQNNMKBNGKAQFS/45PA,valve terminal VSTA-F-FB Art.Nr. 547965,9889.79,0,0,https://www.google.com/search?tbm=isch&q=FESTO+51EF44GCQWNMKBQNNMKBNGKAQFS/45PA
APS,8-4080 L=5900MM,8-4080 L=5900MM Aluminum profiles,9883.26,0,0,https://www.google.com/search?tbm=isch&q=APS+8-4080+L=5900MM
SIEMENS,3SU1051-0AB60-0AA0,"Leuchtdrucktaster, 22mm, rund, weiß",9880.2,0,0,https://www.google.com/search?tbm=isch&q=SIEMENS+3SU1051-0AB60-0AA0
FESTO,1804956,DSBC-125-0025-PPVA-N3 cilindro,9869.74,0,0,https://www.google.com/search?tbm=isch&q=FESTO+1804956
TUCKER,61250123,61250123 Sleeve,9865.75,0,0,https://www.google.com/search?tbm=isch&q=TUCKER+61250123
HILTI,206499,TE-YX 12/35 hammer driller,9854.11,0,0,https://www.google.com/search?tbm=isch&q=HILTI+206499
FESTO,1312503_0400-PPV-A-GK,DGC-K-40-400-PPV-A-GK Cylinder,9852.54,0,0,https://www.google.com/search?tbm=isch&q=FESTO+1312503_0400-PPV-A-GK
DESTACO,82M-3E030040K8ARR25,82M-3E030040K8ARR25 clamp 135°,9851.76,0,0,https://www.google.com/search?tbm=isch&q=DESTACO+82M-3E030040K8ARR25
FESTO,1463475_1100-PPVA-N3,DSBC-063-1100-PPVA-N3 cylinder,9846.46,0,0,https://www.google.com/search?tbm=isch&q=FESTO+1463475_1100-PPVA-N3
SEW EURODRIVE,13617621/15.0,Geberkabel 15m,9828.37,0,2,https://www.google.com/search?tbm=isch&q=SEW+EURODRIVE+13617621/15.0
SEW EURODRIVE,W20DRN71M4BE05/HR/IS/TF M1A-180°-3,W20DRN71M4BE05/HR/IS/TF M1A-180°-3 Motor,9824.79,0,0,https://www.google.com/search?tbm=isch&q=SEW+EURODRIVE+W20DRN71M4BE05/HR/IS/TF+M1A-180°-3
FESTO,51EF44GCQWNMKBQNNMKBNGKAQFS/45PAXP2S*,valve terminal VTSA-F art.no.547965,9814.99,0,0,https://www.google.com/search?tbm=isch&q=FESTO+51EF44GCQWNMKBQNNMKBNGKAQFS/45PAXP2S*
RITTAL,9341,SV9341.000 Busbar  60 mm 800 A,9801.14,0,0,https://www.google.com/search?tbm=isch&q=RITTAL+9341
BALLUFF,BNS039K,BNS 816-B04-PA-12-602-11 Inductive combi,9799.48,0,0,https://www.google.com/search?tbm=isch&q=BALLUFF+BNS039K
TURCK,100000147,RKC4.4T-30-RSC4.4T/TXL3013,9776.0,0,0,https://www.google.com/search?tbm=isch&q=TURCK+100000147
FESTO,51EF34GCQWNMKBNLKAUKANLKAS/45PAVUAJL,valve terminal VTSA-F art.no.547965,9772.84,0,0,https://www.google.com/search?tbm=isch&q=FESTO+51EF34GCQWNMKBNLKAUKANLKAS/45PAVUAJL
VARIOUS,JQ551002501,JQ551002501 LED Light 9W 685*50*117 220V,9769.04,0,0,https://www.google.com/search?tbm=isch&q=VARIOUS+JQ551002501
QUISS,70.10861,70.10861  Cable Illumination Endseg. L=2,0,1149.0,0,https://www.google.com/search?tbm=isch&q=QUISS+70.10861
TÜNKERS,V 80.1 A40AM T12T,V 80.1 A40AM T12T  Cylinder,9765.39,0,0,https://www.google.com/search?tbm=isch&q=TÜNKERS+V+80.1+A40AM+T12T
INA,NATV40PP,NATV40-PP Stützrolle,9760.0,0,0,https://www.google.com/search?tbm=isch&q=INA+NATV40PP
GSEE,IRB4-M12P-E2-M,IRB4-M12P-E2-M Sensor,9756.45,0,0,https://www.google.com/search?tbm=isch&q=GSEE+IRB4-M12P-E2-M
MOELLER,PL10-C4 294357,Circuit breaker  4A C,9754.29,0,0,https://www.google.com/search?tbm=isch&q=MOELLER+PL10-C4+294357
LENZE,QEV111ACZJTO,Motorleitung f. Frequenzumrichter 35m,9751.85,0,0,https://www.google.com/search?tbm=isch&q=LENZE+QEV111ACZJTO
UNIVER,"USS50JB210101K0（D=20.1+0.02,L4=60+1.65）","USS50JB210101K0（D=20.1+0.02,L4=60+1.65）",9750.0,0,0,"https://www.google.com/search?tbm=isch&q=UNIVER+USS50JB210101K0（D=20.1+0.02,L4=60+1.65）"
FESTO,1383335,DSBC-080-0050-PPVA-N3 CYLINDER,9744.8,0,0,https://www.google.com/search?tbm=isch&q=FESTO+1383335
FESTO,558667,NPQM-D-G14-Q12-P10 fitting,9743.2,0,0,https://www.google.com/search?tbm=isch&q=FESTO+558667
DAMPTAC,DTK2016-B,DTK2016-B Buffer,9738.93,0,0,https://www.google.com/search?tbm=isch&q=DAMPTAC+DTK2016-B
PARKER,GZR22/15LOMD71-3,GZR22/15LOMD71-3 Connector,9735.0,0,0,https://www.google.com/search?tbm=isch&q=PARKER+GZR22/15LOMD71-3
THK,HSR45C2SS+520L,HSR45C2SS+520L Gail,9734.52,0,0,https://www.google.com/search?tbm=isch&q=THK+HSR45C2SS+520L
FESTO,8059277,NPHS-D6-M-G12 Kupplungsdose,9730.85,0,0,https://www.google.com/search?tbm=isch&q=FESTO+8059277
SIEMENS,5SL6306-7CC,5SL6306-7CC Breaker,9730.8,0,0,https://www.google.com/search?tbm=isch&q=SIEMENS+5SL6306-7CC
TURCK,RSSD-RJ45S-4422-40M,RSSD-RJ45S-4422-40M Cable,9724.0,0,0,https://www.google.com/search?tbm=isch&q=TURCK+RSSD-RJ45S-4422-40M
FESTO,34478,FNG-160 flange holder,9694.08,0,0,https://www.google.com/search?tbm=isch&q=FESTO+34478
FESTO,51ENMKBNMKBQWF35GCQNT/..,valve terminal VTSA-F-FB Art.Nr.547965,9693.98,0,0,https://www.google.com/search?tbm=isch&q=FESTO+51ENMKBNMKBQWF35GCQNT/..
VARIOUS,RVVP 4*(2*0.75),RVVP 4*(2*0.75) cable,9690.0,0,0,https://www.google.com/search?tbm=isch&q=VARIOUS+RVVP+4*(2*0.75)
RITTAL,2482.7,2482.7,9663.15,0,0,https://www.google.com/search?tbm=isch&q=RITTAL+2482.7
SENSOPART,525-51154,"V10/V20 Ringlicht LFR115 rot, klar, 2L12",9662.96,738.12,0,https://www.google.com/search?tbm=isch&q=SENSOPART+525-51154
TÜNKERS,APH 40.5 H BR2 A10 T12,APH 40.5 H BR2 A10 T12 10-135° Spanner,9653.4,0,0,https://www.google.com/search?tbm=isch&q=TÜNKERS+APH+40.5+H+BR2+A10+T12
TÜNKERS,15482000,K_63_UZB_T12_X_2-50 Clamp,9638.0,0,0,https://www.google.com/search?tbm=isch&q=TÜNKERS+15482000
VARIOUS,RV 25MM² GNYE,RV 25mm² GNYE cable,9630.0,0,0,https://www.google.com/search?tbm=isch&q=VARIOUS+RV+25MM²+GNYE
NORELEM,"08910-A12,00X12","DIN172_08910_A12,00x12 Bundbohrbuchse",9625.67,0,0,"https://www.google.com/search?tbm=isch&q=NORELEM+08910-A12,00X12"
WERMA,64083900,640 839 00 Connection element,9614.64,0,0,https://www.google.com/search?tbm=isch&q=WERMA+64083900
VARIOUS,3001,3001 18X370mm Water drill,9603.4,0,0,https://www.google.com/search?tbm=isch&q=VARIOUS+3001
LENZE,QEV111ACSJEK,Bremsenmodul 24 V,9602.96,0,0,https://www.google.com/search?tbm=isch&q=LENZE+QEV111ACSJEK
APS,APS84040W/L=6000MM,APS-8-4040W L=6000mm profile,9599.9,0,0,https://www.google.com/search?tbm=isch&q=APS+APS84040W/L=6000MM
RK ROSE&KRIEGER,80404010320,8.04040.1_0320 ø40x4 galv.verz. Rohr,0,1127.67,0,https://www.google.com/search?tbm=isch&q=RK+ROSE&KRIEGER+80404010320
LAPP,2170273,2170273Unitronic Bus-FD P CAN UL / CSA,9579.0,0,0,https://www.google.com/search?tbm=isch&q=LAPP+2170273
RITTAL,9340.2,"SV9340.200 COVER SECTION, 700mm",9576.23,0,0,https://www.google.com/search?tbm=isch&q=RITTAL+9340.2
LENZE,QEV111AIJB6C,EZAMBHXM016/M SCREEN-PLATE,9568.61,0,0,https://www.google.com/search?tbm=isch&q=LENZE+QEV111AIJB6C
SIEMENS,3SU1001-0AB70-0AA0,3SU1001-0AB70-0AA0 light pushbutton,9568.47,0,0,https://www.google.com/search?tbm=isch&q=SIEMENS+3SU1001-0AB70-0AA0
SCHMALZ,10.01.06.02760,SAB 50 HT1-60 G1/4-IG Balgsauggreifer,9568.11,0,0,https://www.google.com/search?tbm=isch&q=SCHMALZ+10.01.06.02760
THK,HSR30C2QZZZ-680L_G20,HSR30C2QZZZ-680L_G1=G2=20,9557.52,0,0,https://www.google.com/search?tbm=isch&q=THK+HSR30C2QZZZ-680L_G20
TÜNKERS,EGT054,EGT_054 flange plate SW80 vertical,9546.61,0,0,https://www.google.com/search?tbm=isch&q=TÜNKERS+EGT054
HIWIN,EGH25SA2R220Z0H,EGH25SA-2-R220-Z0-H Rail+Wagon,9530.0,0,0,https://www.google.com/search?tbm=isch&q=HIWIN+EGH25SA2R220Z0H
DESTACO,8BF-825-1,8BF-825-1 supporting seat,9520.0,0,0,https://www.google.com/search?tbm=isch&q=DESTACO+8BF-825-1
FESTO,51ENMKBQWF34GCQNS/45PAXSME1A2J,valve terminal VTSA-F Art.Nr.547965,9519.5,0,0,https://www.google.com/search?tbm=isch&q=FESTO+51ENMKBQWF34GCQNS/45PAXSME1A2J
FESTO,51ENMKBNMKBNMKBQWF35GCQNT/~,valve terminal VTSA-F-FB Art.Nr.547965,9508.34,0,0,https://www.google.com/search?tbm=isch&q=FESTO+51ENMKBNMKBNMKBQWF35GCQNT/~
SIEMENS,3RK1304-5KS40-5AA3,ET 200PRO RSE ST,9504.42,3687.31,0,https://www.google.com/search?tbm=isch&q=SIEMENS+3RK1304-5KS40-5AA3
SIEMENS,3RV6011-1GA10,3RV6011-1GA10  Trunk,9500.4,0,0,https://www.google.com/search?tbm=isch&q=SIEMENS+3RV6011-1GA10
TURCK,RSM52-25M/WXS2204,RSM52-25M/WXS2204 Cable,9500.0,0,0,https://www.google.com/search?tbm=isch&q=TURCK+RSM52-25M/WXS2204
HUGONG,BX1-400,Welding machine  & Accessories BX1-400,9498.19,0,0,https://www.google.com/search?tbm=isch&q=HUGONG+BX1-400
STÄUBLI,K86501808,K86501808,9492.06,0,0,https://www.google.com/search?tbm=isch&q=STÄUBLI+K86501808
PARKER,VKAM22LCF,VKAM22LCF Verschlusskegel mit Mutter,9477.65,0,0,https://www.google.com/search?tbm=isch&q=PARKER+VKAM22LCF
FESTO,1463483_1000-PPVA-N3,DSBC-063-1000-PPVA-N3 cylinder,9476.24,0,0,https://www.google.com/search?tbm=isch&q=FESTO+1463483_1000-PPVA-N3
LAPP,26287,Steuerleitung hochflexibel 4G16mm² CY,9449.0,0,0,https://www.google.com/search?tbm=isch&q=LAPP+26287
FESTO,51ENMKBNMKBNMKBQWF35GCQNT/45PRXSLX4BOZOW,valve island,9448.64,0,0,https://www.google.com/search?tbm=isch&q=FESTO+51ENMKBNMKBNMKBQWF35GCQNT/45PRXSLX4BOZOW
SCHMALZ,10.01.06.00916,SAOB 60x30 NBR-60 G1/4-AG sucker,9443.28,0,0,https://www.google.com/search?tbm=isch&q=SCHMALZ+10.01.06.00916
TURCK,6905406,"Sensorsteckverbinder M12, 4-Pol., Quersc",9442.0,0,0,https://www.google.com/search?tbm=isch&q=TURCK+6905406
SIEMENS,6AV2181-5AG80-0AX0,wall holder type 13,9438.72,0,0,https://www.google.com/search?tbm=isch&q=SIEMENS+6AV2181-5AG80-0AX0
LENZE,QEV111ACSJFW,"Motorleitung Servoumrichter 9400, 10m",9420.61,0,0,https://www.google.com/search?tbm=isch&q=LENZE+QEV111ACSJFW
FESTO,51EF34GCQWNMKBQNNMKBNMKBS/45P-A-V-ULX*,valve terminal VTSA-F art.no.547965,9417.63,0,0,https://www.google.com/search?tbm=isch&q=FESTO+51EF34GCQWNMKBQNNMKBNMKBS/45P-A-V-ULX*
LENZE,QEV111ACZJEZ,"Bremsenmodul 24V, Bauform: VI - X",9410.44,0,0,https://www.google.com/search?tbm=isch&q=LENZE+QEV111ACZJEZ
SIEMENS,5SY62047CC,5SY6204-7CC,9410.28,0,0,https://www.google.com/search?tbm=isch&q=SIEMENS+5SY62047CC
SENSOPART,CL12FG-S-20M-PUR,CL12FG-S-20m-PUR  cable,9408.0,0,0,https://www.google.com/search?tbm=isch&q=SENSOPART+CL12FG-S-20M-PUR
DESTACO,82M-4E030063L8-A12-90,82M-4E030063L8-A12-90 Clamp,9405.0,0,2,https://www.google.com/search?tbm=isch&q=DESTACO+82M-4E030063L8-A12-90
JEAN MUELLER,GA-60/400/3/U,GA-60/400/3/U adapter,9402.36,0,0,https://www.google.com/search?tbm=isch&q=JEAN+MUELLER+GA-60/400/3/U
SICK,1220332,C4C-EX12010A10000 Raster,9401.3,0,0,https://www.google.com/search?tbm=isch&q=SICK+1220332
TURCK,RJ45S-RJ45S-4422-60M,RJ45S-RJ45S-4422-60M Cable,9400.0,0,0,https://www.google.com/search?tbm=isch&q=TURCK+RJ45S-RJ45S-4422-60M
SICK,1222709,WTB26P-24161420A00 photoelectric sensor,9382.91,0,0,https://www.google.com/search?tbm=isch&q=SICK+1222709
VARIOUS,EGT001 L=0478,EGT_001 / L=0478 octogon profile SW80,9379.29,0,0,https://www.google.com/search?tbm=isch&q=VARIOUS+EGT001+L=0478
EUCHNER,100185,"100185 Cable socket length 20m,M12,5-pin",9373.46,0,0,https://www.google.com/search?tbm=isch&q=EUCHNER+100185
FESTO,51ENMKBNMKBQWF34GCQNNGKAQFS/45PAXP2S...*,valve terminal VTSA-F art.no.547965,9365.66,0,0,https://www.google.com/search?tbm=isch&q=FESTO+51ENMKBNMKBQWF34GCQNNGKAQFS/45PAXP2S...*
SENSOPART,543-11024,MG 3A Montagewinkel mit Schwalbenschwanz,9365.2,371.58,0,https://www.google.com/search?tbm=isch&q=SENSOPART+543-11024
OBO BETTERMANN,6406130,Flachrundschraube mit Kombimutter M6x12,9363.25,0,0,https://www.google.com/search?tbm=isch&q=OBO+BETTERMANN+6406130
LENZE,QEV111ACZJKQ,Motorleitung 20m,9361.34,0,0,https://www.google.com/search?tbm=isch&q=LENZE+QEV111ACZJKQ
VARIOUS,6.8,6.8 Alloy twist drill,9350.6,0,0,https://www.google.com/search?tbm=isch&q=VARIOUS+6.8
QUISS,70.10858,Kabel Beleuchtung RGB Endsg.,0,1100.0,0,https://www.google.com/search?tbm=isch&q=QUISS+70.10858
VARIOUS,XQJC02E02,XQJ-C-02E-02  200*5.0mm,9350.0,0,0,https://www.google.com/search?tbm=isch&q=VARIOUS+XQJC02E02
SMC,SY5220-5LZD-01,SY5220-5LZD-01 Valve,9331.0,0,0,https://www.google.com/search?tbm=isch&q=SMC+SY5220-5LZD-01
IGUS,16000.1.12,16000.1.12 support,9329.32,0,0,https://www.google.com/search?tbm=isch&q=IGUS+16000.1.12
OBO BETTERMANN,6404006,Erdungsklemme mit Befestigungsgewinde M6,9320.23,0,0,https://www.google.com/search?tbm=isch&q=OBO+BETTERMANN+6404006
FESTO,170954,DFM-63-050-P-A-KF cylinder,9319.2,0,0,https://www.google.com/search?tbm=isch&q=FESTO+170954
LENZE,QEV111ACZJFI,Anschlußleitung für Servo-Motor 30m,9311.34,0,0,https://www.google.com/search?tbm=isch&q=LENZE+QEV111ACZJFI
LUETZE,331040,331040 ADAPTER FOR SIEMENS SPS S7,9301.8,0,0,https://www.google.com/search?tbm=isch&q=LUETZE+331040
ESCHA,8086426,AL-WAK4-1-AL-WAS4/S370/S8080,9300.0,0,0,https://www.google.com/search?tbm=isch&q=ESCHA+8086426
VARIOUS,FU650C100-BD27,FU650C100-BD27,9292.8,0,0,https://www.google.com/search?tbm=isch&q=VARIOUS+FU650C100-BD27
FESTO,51ENMKBNMKBNMKBQWF35GCQNT/**,Ventilinsel VTSA-F-FB Art.Nr.: 547965,9283.15,0,0,https://www.google.com/search?tbm=isch&q=FESTO+51ENMKBNMKBNMKBQWF35GCQNT/**
SMC,C-VQM4-00000004WC0-EBLL,C-VQM4-00000004WC0-EBLL,9274.0,0,0,https://www.google.com/search?tbm=isch&q=SMC+C-VQM4-00000004WC0-EBLL
VARIOUS,1500X5MM,1500x5mm pattern iron plate,9264.0,0,0,https://www.google.com/search?tbm=isch&q=VARIOUS+1500X5MM
SIEMENS,3RT2025-1CL24-3MA0,3RT2025-1CL24-3MA0 CONTACTOR,9261.64,0,0,https://www.google.com/search?tbm=isch&q=SIEMENS+3RT2025-1CL24-3MA0
LENZE,QEV111ACZJLE,QEV111ACZJTZ power connection cable  3 m,9259.21,0,0,https://www.google.com/search?tbm=isch&q=LENZE+QEV111ACZJLE
LENZE,QEV111ACZJTR,"EYP0027A0500H03A00  SYS-CABLE-MOTOR 6,0M",9258.81,0,0,https://www.google.com/search?tbm=isch&q=LENZE+QEV111ACZJTR
RITTAL,6212.54,Anschlussplatten mit Verstärkungsblech,9256.5,0,0,https://www.google.com/search?tbm=isch&q=RITTAL+6212.54
EAGTOP ELECTRONIC,R.BRU.16K0.0017.8888M,R.BRU.16K0.0017.8888M Braking resistance,9238.95,0,0,https://www.google.com/search?tbm=isch&q=EAGTOP+ELECTRONIC+R.BRU.16K0.0017.8888M
TURCK,6905407,"Sensorsteckverbinder M12, 4-Pol., Quersc",9233.5,0,0,https://www.google.com/search?tbm=isch&q=TURCK+6905407
VARIOUS,LC 20G1,LC 20G1 Cable,9226.45,0,0,https://www.google.com/search?tbm=isch&q=VARIOUS+LC+20G1
XIPENG,2MM*1200MM L=13M,2*1200mm L=13m PVC TransparentSoftBoard,9224.81,0,0,https://www.google.com/search?tbm=isch&q=XIPENG+2MM*1200MM+L=13M
TURCK,6930567,VB2-PX3-FSM4.4-2FKM4,9220.0,0,0,https://www.google.com/search?tbm=isch&q=TURCK+6930567
VARIOUS,EGT005_N206N,EGT_005 / L=N206N AL-Profil-40,9219.67,0,0,https://www.google.com/search?tbm=isch&q=VARIOUS+EGT005_N206N
FESTO,51EF44GCQWNMKBNMKBS/45PAVSME2A4J,Ventilinsel VTSA-F Art.Nr.547965,9211.92,0,0,https://www.google.com/search?tbm=isch&q=FESTO+51EF44GCQWNMKBNMKBS/45PAVSME2A4J
MITSUBISHI ELECTRIC,TTC-1SV3,TTC-1SV3 cover,9204.0,0,0,https://www.google.com/search?tbm=isch&q=MITSUBISHI+ELECTRIC+TTC-1SV3
HIRSCHMANN,MIPP-BD-1L9P-1L9P,MIPP-BD-1L9P-1L9P,9203.54,0,0,https://www.google.com/search?tbm=isch&q=HIRSCHMANN+MIPP-BD-1L9P-1L9P
TÜNKERS,SZK 30.8 X 40 T12,SZK 30.8 T12 stroke pin unit 40,9200.0,0,0,https://www.google.com/search?tbm=isch&q=TÜNKERS+SZK+30.8+X+40+T12
FESTO,51EF34GCQWNMKBQNNMKBNMKBNMKBNLKANLKANLKA,valve terminal VTSA-F art.no.547965,9198.12,0,0,https://www.google.com/search?tbm=isch&q=FESTO+51EF34GCQWNMKBQNNMKBNMKBNMKBNLKANLKANLKA
OBO BETTERMANN,6178420,6178420,9194.4,0,0,https://www.google.com/search?tbm=isch&q=OBO+BETTERMANN+6178420
FESTO,174398,SNCS-40 Swivel flange,9194.14,0,0,https://www.google.com/search?tbm=isch&q=FESTO+174398
FESTO,578344,NPQH-D-G14-Q12-P10 Push-in fitting,9185.62,0,0,https://www.google.com/search?tbm=isch&q=FESTO+578344
SMC,MGPM40-75Z-P3DWASE,MGPM40-75Z-P3DWASE Cylinder,9180.0,0,0,https://www.google.com/search?tbm=isch&q=SMC+MGPM40-75Z-P3DWASE
DAMPTAC,DTK1612-B,DTK1612-B BUFFER,9175.32,0,0,https://www.google.com/search?tbm=isch&q=DAMPTAC+DTK1612-B
VARIOUS,J-CPM72-D125-AA,J-CPM72-D125-AA Wheel Yiheda,9147.04,0,0,https://www.google.com/search?tbm=isch&q=VARIOUS+J-CPM72-D125-AA
FESTO,51ET45T45NMKBNMKBQWF44GCQNS,Valve Terminal,9137.22,0,0,https://www.google.com/search?tbm=isch&q=FESTO+51ET45T45NMKBNMKBQWF44GCQNS
IFM,O1D102_,01D102,9120.0,0,0,https://www.google.com/search?tbm=isch&q=IFM+O1D102_
STÄUBLI,1210020730,socket  inserts REA 12.1002.0730,9113.4,0,0,https://www.google.com/search?tbm=isch&q=STÄUBLI+1210020730
VIDEOR,218305,"ICB-62M2712M0A  1/2,8"" Netzwerk Kamera",0,1070.04,0,https://www.google.com/search?tbm=isch&q=VIDEOR+218305
FESTO,51ENMKBQWF44GCQNS/45PAXSMEAJL,valve terminal VTSA-F art.no.547965,9095.2,0,0,https://www.google.com/search?tbm=isch&q=FESTO+51ENMKBQWF44GCQNS/45PAXSMEAJL
SICK,1211498,safety lightguard C4C sender,9093.11,0,0,https://www.google.com/search?tbm=isch&q=SICK+1211498
SIEMENS,6GK1901-1GA00,6GK1901-1GA00 TOOL FAST CONNECT ETHERNET,9090.56,0,0,https://www.google.com/search?tbm=isch&q=SIEMENS+6GK1901-1GA00
FESTO,8002320,LFR-1/2-D-5M-MIDI-MPA Filter-Regelventil,9085.36,0,0,https://www.google.com/search?tbm=isch&q=FESTO+8002320
SCHMALZ,10.01.05.00367,SAOF 60x23 NBR-60 G1/4-IG Flat Suction P,9081.77,0,0,https://www.google.com/search?tbm=isch&q=SCHMALZ+10.01.05.00367
FESTO,51EF34GCQWNMKBQNNMKBNMKBNMKBNLKANLKAS/*',valve terminal VTSA-F art.no.547965,9080.64,0,0,https://www.google.com/search?tbm=isch&q=FESTO+51EF34GCQWNMKBQNNMKBNMKBNMKBNLKANLKAS/*'
BALLUFF,BCC039M,BCC M415-M414-3A-304-PX0434-020 Cable,9066.6,0,0,https://www.google.com/search?tbm=isch&q=BALLUFF+BCC039M
LEGRIS,4902 10 13,"4902 10 13 Durchgangskugelhahn 1/4""",9064.4,0,0,https://www.google.com/search?tbm=isch&q=LEGRIS+4902+10+13
OBARA,C037681-188,C037681-188 Handle,9062.0,0,1,https://www.google.com/search?tbm=isch&q=OBARA+C037681-188
TUCKER,61250132,61250132 Rivet Rod,9038.5,0,0,https://www.google.com/search?tbm=isch&q=TUCKER+61250132
SEW EURODRIVE,11747099,W4621 M141-12-5-M12 Stecker (11747099),9021.63,0,0,https://www.google.com/search?tbm=isch&q=SEW+EURODRIVE+11747099
BOSCH REXROTH,"R0303 042 83, 2500 MM",R030304283 shaft WV-20 L=2500mm,9008.0,0,0,"https://www.google.com/search?tbm=isch&q=BOSCH+REXROTH+R0303+042+83,+2500+MM"
RITTAL,2482.21,"USB-A Wandbuchse,0,5m Kabel und USB-A St",9002.7,0,0,https://www.google.com/search?tbm=isch&q=RITTAL+2482.21
VARIOUS,EGT202,EGT_202 shoulder screw M6x46 cpl.,9000.0,0,0,https://www.google.com/search?tbm=isch&q=VARIOUS+EGT202
TURCK,RKC4.5T-2-RSC4.5T/TXO,RKC4.5T-2-RSC4.5T/TXO Cable,9000.0,0,0,https://www.google.com/search?tbm=isch&q=TURCK+RKC4.5T-2-RSC4.5T/TXO
TÜNKERS,APH 2 63 BR5 H A10 T12,APH 2 63 BR5 H A10 T12 15-105° Clamp,9000.0,0,0,https://www.google.com/search?tbm=isch&q=TÜNKERS+APH+2+63+BR5+H+A10+T12
VARIOUS,ISO VG46_HYDRAULIC OIL,ISO VG46 antiwear hydraulic oil,8998.08,0,0,https://www.google.com/search?tbm=isch&q=VARIOUS+ISO+VG46_HYDRAULIC+OIL
BSO,CEV-E8-FC,CEV-E8-FC Combi Eindrehverbinder einstg.,0,1058.4,0,https://www.google.com/search?tbm=isch&q=BSO+CEV-E8-FC
SMC,VQM2-00000044W28-EBBLLUX,VQM2-00000044W28-EBBLLUX Valve,8978.0,0,0,https://www.google.com/search?tbm=isch&q=SMC+VQM2-00000044W28-EBBLLUX
SMC,C-VQM2-00000044W28-EBBLLUX,C-VQM2-00000044W28-EBBLLUX,8978.0,0,0,https://www.google.com/search?tbm=isch&q=SMC+C-VQM2-00000044W28-EBBLLUX
PARKER,T15LMSX,T15LMSX EO T-fitting,8973.8,0,0,https://www.google.com/search?tbm=isch&q=PARKER+T15LMSX
VARIOUS,NFC-FLEX 111  1X35,NFC-FLEX 111  1x35 cable,8967.0,0,0,https://www.google.com/search?tbm=isch&q=VARIOUS+NFC-FLEX+111++1X35
EUCHNER,77016,"Anschlussleitung PUR, L=15m, 18pol+PE",8949.11,0,0,https://www.google.com/search?tbm=isch&q=EUCHNER+77016
RITTAL,6002,"Tastatur Schublade 19"" / 2HE",8946.08,0,0,https://www.google.com/search?tbm=isch&q=RITTAL+6002
FESTO,170870,DFM-40-200-P-A-GF Cylinder,8944.8,0,0,https://www.google.com/search?tbm=isch&q=FESTO+170870
HELUKABEL,10068,Steuerleitung 7G1qmm,8941.79,0,0,https://www.google.com/search?tbm=isch&q=HELUKABEL+10068
TURCK,6914519,profi bus power plug male(FX),8940.0,0,0,https://www.google.com/search?tbm=isch&q=TURCK+6914519
SIEMENS,3UG4511-2BP20,Ü-Relais_Phasenfolge_3P,8931.06,0,0,https://www.google.com/search?tbm=isch&q=SIEMENS+3UG4511-2BP20
FESTO,2029469,DSBG-160-200-PPVA-N3 Cylinder,8929.24,0,0,https://www.google.com/search?tbm=isch&q=FESTO+2029469
SEW EURODRIVE,18122035/15.0,Bremsmotorkabel CMP 15m,8905.17,0,0,https://www.google.com/search?tbm=isch&q=SEW+EURODRIVE+18122035/15.0
WELKEN,BD-8521,safety lock _BD-8521,8900.03,0,0,https://www.google.com/search?tbm=isch&q=WELKEN+BD-8521
MARVTECH,10250468,MF5-5-MM5/C13/YE/CYE Cable,8893.8,0,0,https://www.google.com/search?tbm=isch&q=MARVTECH+10250468
FESTO,6841,U-1/8-B silencer,8882.84,0,0,https://www.google.com/search?tbm=isch&q=FESTO+6841
TÜNKERS,SZVD 32 A23 T12 25,SZVD 32 A23 T12 stroke 25 cylinder,8873.75,0,0,https://www.google.com/search?tbm=isch&q=TÜNKERS+SZVD+32+A23+T12+25
SIEMENS,8WU4420-6AD,8WU4420-6AD Pole lamp,8856.87,0,0,https://www.google.com/search?tbm=isch&q=SIEMENS+8WU4420-6AD
FESTO,51EF44GCQWNMKBNMKBNGKAQFS/45PAXSSMEA2BSK,Valve island,8844.79,0,0,https://www.google.com/search?tbm=isch&q=FESTO+51EF44GCQWNMKBNMKBNGKAQFS/45PAXSSMEA2BSK
SANKYO,11025250,SOB 25-33-25 bush,8838.64,0,0,https://www.google.com/search?tbm=isch&q=SANKYO+11025250
LAPP,83011320700,ÖLFLEX SERVO PLCY 4 G 10,8813.0,0,0,https://www.google.com/search?tbm=isch&q=LAPP+83011320700
VARIOUS,T05025000,T05025000 eblow,8812.15,0,0,https://www.google.com/search?tbm=isch&q=VARIOUS+T05025000
MARVTECH,10122413,EDM4-10-EDM4/PN21/HBK Cable,8802.5,0,0,https://www.google.com/search?tbm=isch&q=MARVTECH+10122413
SIEMENS,5SL6204-7CC,5SL6204-7CC Breaker,8800.65,0,0,https://www.google.com/search?tbm=isch&q=SIEMENS+5SL6204-7CC
VARIOUS,DC80HA80S12G135,DC80HA80S12G135 Cylinder,8800.0,0,0,https://www.google.com/search?tbm=isch&q=VARIOUS+DC80HA80S12G135
THK,DK2505-4RRG1+285LC0-H1K_115KH10,DK2505-4RRG1+285LC0-H1K_115KH10 Screw,8800.0,0,0,https://www.google.com/search?tbm=isch&q=THK+DK2505-4RRG1+285LC0-H1K_115KH10
FESTO,51ENMKBQWF44GCQNNGKAQFS/45PAXP2SMEPP2B2J,Valve Terminal,8776.93,0,0,https://www.google.com/search?tbm=isch&q=FESTO+51ENMKBQWF44GCQNNGKAQFS/45PAXP2SMEPP2B2J
SEW EURODRIVE,MTF11A015-503-E21A-22/S11B/MSA1004A-AMX1,MTF11A015503E21A22/S11B MSA1004A-AMX1001,8771.94,0,0,https://www.google.com/search?tbm=isch&q=SEW+EURODRIVE+MTF11A015-503-E21A-22/S11B/MSA1004A-AMX1
FESTO,51EF34GCQWNMKBNMKBNLKAS/45PAVU1AJL,valve terminal VTSA-F art.no.547965,8764.44,0,0,https://www.google.com/search?tbm=isch&q=FESTO+51EF34GCQWNMKBNMKBNLKAS/45PAVU1AJL
SEW EURODRIVE,28125673/35M,28125673/35m Cable,8761.96,0,0,https://www.google.com/search?tbm=isch&q=SEW+EURODRIVE+28125673/35M
WENGLOR,HB03PBT7,HB03PBT7 Reflextaster mit Hintergrundaus,8760.0,0,0,https://www.google.com/search?tbm=isch&q=WENGLOR+HB03PBT7
WERMA,975.849.04,975 849 04 connection socket,8755.22,0,0,https://www.google.com/search?tbm=isch&q=WERMA+975.849.04
FESTO,51EF34GCQWNMKBS/45PAVU4AO2JOJ3L,valve island,8754.6,0,0,https://www.google.com/search?tbm=isch&q=FESTO+51EF34GCQWNMKBS/45PAVU4AO2JOJ3L
LUMBERG,RKC 5/9,WAKC5K/9 Connector,8750.0,0,0,https://www.google.com/search?tbm=isch&q=LUMBERG+RKC+5/9
YinYan,"DRILL SET ,1-13MM","drill set ,1-13mm",8743.83,0,0,"https://www.google.com/search?tbm=isch&q=YinYan+DRILL+SET+,1-13MM"
HIRSCHMANN,MSM50-Q6Q6Q6Q6TZ9HH9E99.9,"Medienmodul, 4x SFP 1Gbit/s / 2,5Gbit/s",8743.36,0,0,https://www.google.com/search?tbm=isch&q=HIRSCHMANN+MSM50-Q6Q6Q6Q6TZ9HH9E99.9
SCHMALZ,10.01.01.11481,SAF-125-NBR-45-G1/4-IG Sucker,8740.0,0,0,https://www.google.com/search?tbm=isch&q=SCHMALZ+10.01.01.11481
GEBERIT,81709,Übergang mit AG Ø 35- R 1 1/4,0,1027.96,0,https://www.google.com/search?tbm=isch&q=GEBERIT+81709
RITTAL,2500.4,"Anschlussltg. f. Systemleuchte LED, 3m",8729.91,0,0,https://www.google.com/search?tbm=isch&q=RITTAL+2500.4
ATLAS COPCO,1020149,1020149 Sensor,8722.0,0,0,https://www.google.com/search?tbm=isch&q=ATLAS+COPCO+1020149
VARIOUS,KCCVVFR 20G1,KCCVVFR 20G1  Cable,8716.0,0,0,https://www.google.com/search?tbm=isch&q=VARIOUS+KCCVVFR+20G1
FESTO,1463520_0250-C-PPVA,DSBC-100-250-C-PPVA Cylinder,8708.48,0,0,https://www.google.com/search?tbm=isch&q=FESTO+1463520_0250-C-PPVA
PEPPERL&FUCHS,VDM28-8-L1-IO/73C/110/122,VDM28-8-L1-IO/73c/110/122 Sensor,8695.72,0,0,https://www.google.com/search?tbm=isch&q=PEPPERL&FUCHS+VDM28-8-L1-IO/73C/110/122
SEW EURODRIVE,8274150,Netzfilter 85A,8688.17,0,0,https://www.google.com/search?tbm=isch&q=SEW+EURODRIVE+8274150
HILTI,3528461,HDM500 Glue gun set,8685.9,0,0,https://www.google.com/search?tbm=isch&q=HILTI+3528461
FESTO,561714,PUN-V0-06x2-WS-C Kunststoffschlauch,8678.4,0,0,https://www.google.com/search?tbm=isch&q=FESTO+561714
SEW EURODRIVE,18122051/15M,18122051/15m Cable,8659.59,0,0,https://www.google.com/search?tbm=isch&q=SEW+EURODRIVE+18122051/15M
FESTO,51ENMKBNMKBNMKBQWF35GCQNT/45PRXSLX3BOZ.?,valve island,8653.81,0,0,https://www.google.com/search?tbm=isch&q=FESTO+51ENMKBNMKBNMKBQWF35GCQNT/45PRXSLX3BOZ.?
PNEUMAX,01OT0818,01OT0818 Connector,8653.1,0,0,https://www.google.com/search?tbm=isch&q=PNEUMAX+01OT0818
SMC,CDQ2B40TF-30DMZ-L-P3DWASE,CDQ2B40TF-30DMZ-L-P3DWASE Cylinder,8651.0,0,0,https://www.google.com/search?tbm=isch&q=SMC+CDQ2B40TF-30DMZ-L-P3DWASE
BALLUFF,BNN0003,BNN 520-UA 16 Steuernocken,8644.16,0,0,https://www.google.com/search?tbm=isch&q=BALLUFF+BNN0003
WOEHNER,1284,Universal-Leiteranschlussklemm,8637.83,0,0,https://www.google.com/search?tbm=isch&q=WOEHNER+1284
RITTAL,8013.109,8013109 Cabinet Door,8610.0,0,0,https://www.google.com/search?tbm=isch&q=RITTAL+8013.109
SMC,KQB2T12-00,KQB2T12-00 Connector,8600.0,0,0,https://www.google.com/search?tbm=isch&q=SMC+KQB2T12-00
LUMBERG,STL 9058/500M,STL 9058/500M Cable,8600.0,0,0,https://www.google.com/search?tbm=isch&q=LUMBERG+STL+9058/500M
VARIOUS,RVVY 4G16,RVVY 4G16 Cable,8584.5,0,0,https://www.google.com/search?tbm=isch&q=VARIOUS+RVVY+4G16
CARL STAHL,7235.000.02,7235.000.02(25-35KG) Balance,8584.08,0,0,https://www.google.com/search?tbm=isch&q=CARL+STAHL+7235.000.02
JEAN MUELLER,D0003502,D0003502  D02/50,8576.49,0,0,https://www.google.com/search?tbm=isch&q=JEAN+MUELLER+D0003502
ITEM,"0.0.416.29, 2860 MM",0.0.416.29 / L=2860mm Profil 8 120x40,8568.86,0,0,"https://www.google.com/search?tbm=isch&q=ITEM+0.0.416.29,+2860+MM"
SMC,MGPA50-50Z,MGPA50-50Z cylinder,8568.0,0,0,https://www.google.com/search?tbm=isch&q=SMC+MGPA50-50Z
WERMA,64410975,644 109 75 Continuous light element,8566.2,0,0,https://www.google.com/search?tbm=isch&q=WERMA+64410975
FESTO,51EF34GCQWNMKBQNNGKAQFS/45PAXP2UPM3BOZO_,valve terminal VTSA-F art.no.547965,8562.76,0,0,https://www.google.com/search?tbm=isch&q=FESTO+51EF34GCQWNMKBQNNGKAQFS/45PAXP2UPM3BOZO_
FESTO,51EF44GCQWNMKBS/45PAVSMEPPATSL*,Ventilinsel VTSA-F Art.Nr.547965,8544.88,0,0,https://www.google.com/search?tbm=isch&q=FESTO+51EF44GCQWNMKBS/45PAVSMEPPATSL*
SICK,4051366,Micro sd card,8536.4,0,0,https://www.google.com/search?tbm=isch&q=SICK+4051366
BOSCH,GBM13RE,GBM 13RE Drill machine,8530.46,0,0,https://www.google.com/search?tbm=isch&q=BOSCH+GBM13RE
FESTO,536348,ADN-63-50-I-P-A Cylinder,8530.44,0,0,https://www.google.com/search?tbm=isch&q=FESTO+536348
LEUZE,68026115,MLC510R14-1500.1,8522.66,0,0,https://www.google.com/search?tbm=isch&q=LEUZE+68026115
ATLAS COPCO,1020150,1020150 Sensor,8518.0,0,0,https://www.google.com/search?tbm=isch&q=ATLAS+COPCO+1020150
SCHMALZ,10.01.17.00203,SGM-S 70 G1/4-IG PNP magnet gripper,8503.68,0,0,https://www.google.com/search?tbm=isch&q=SCHMALZ+10.01.17.00203
DESTACO,82M-4E03H063L8-2A11-90(L),82M-4E03H063L8-2A11-90(L) Clamp,8490.0,0,0,https://www.google.com/search?tbm=isch&q=DESTACO+82M-4E03H063L8-2A11-90(L)
FESTO,51EF44GCQWNMKBNMKBNMKBNGKAQFS/45PAXP2**,Ventilinsel VTSA-F Art.Nr.547965,8485.89,0,0,https://www.google.com/search?tbm=isch&q=FESTO+51EF44GCQWNMKBNMKBNMKBNGKAQFS/45PAXP2**
TURCK,CABLE4422-500M,CABLE4422-500M Cable,8476.0,0,0,https://www.google.com/search?tbm=isch&q=TURCK+CABLE4422-500M
PARKER,837PU-6-BLU-RL,837PU-6-BLU-RL Hybrid Push-Lok tube,8462.0,0,0,https://www.google.com/search?tbm=isch&q=PARKER+837PU-6-BLU-RL
WOEHNER,1244,"Sammelschienenabdeckung, Laeng",8458.14,0,0,https://www.google.com/search?tbm=isch&q=WOEHNER+1244
VARIOUS,KCCVVFRP 4G6,KCCVVFRP 4G6 Cable Far East,8454.0,0,0,https://www.google.com/search?tbm=isch&q=VARIOUS+KCCVVFRP+4G6
VARIOUS,EGT235,EGT_235 connection central SW50,8445.43,0,0,https://www.google.com/search?tbm=isch&q=VARIOUS+EGT235
RITTAL,4638.8,Ablagepult B:613mm T:400mm.,8422.32,0,0,https://www.google.com/search?tbm=isch&q=RITTAL+4638.8
TURCK,RKM52-5M-RSM52,RKM52-5M-RSM52 Cable,8421.0,0,0,https://www.google.com/search?tbm=isch&q=TURCK+RKM52-5M-RSM52
FESTO,51EF34GCQWNMKBQNNMKBNMKBNGKAQFS/45PAV***,Valve terminal VTSA-F Art.No.547965,8419.06,0,0,https://www.google.com/search?tbm=isch&q=FESTO+51EF34GCQWNMKBQNNMKBNMKBNGKAQFS/45PAV***
BELDEN,12G1 G8U,12G1 G8U CABLE,8416.0,0,0,https://www.google.com/search?tbm=isch&q=BELDEN+12G1+G8U
COLSON,6-8289-928,6-8289-928 Wheel,8408.0,0,1,https://www.google.com/search?tbm=isch&q=COLSON+6-8289-928
SICK,1220360,C4C-EX15030A10000,8401.3,0,0,https://www.google.com/search?tbm=isch&q=SICK+1220360
MOELLER,294355,PL10-C2 Leitungsschutzschalter  2A C,8400.32,0,0,https://www.google.com/search?tbm=isch&q=MOELLER+294355
TÜNKERS,V2 80.1 A11 T12 45-105°,V2 80.1 A11 T12 45-105° Spanner,8400.0,0,0,https://www.google.com/search?tbm=isch&q=TÜNKERS+V2+80.1+A11+T12+45-105°
TÜNKERS,V2 80.1 A12 T12 45-105°,V2 80.1 A12 T12 45-105° Spanner,8400.0,0,0,https://www.google.com/search?tbm=isch&q=TÜNKERS+V2+80.1+A12+T12+45-105°
THK,SHS65C2ZZ+1100L G=50,SHS65C2ZZ+1100L G=50 Rail,8400.0,0,0,https://www.google.com/search?tbm=isch&q=THK+SHS65C2ZZ+1100L+G=50
ESCHA,8004804,"male Field-wireable connector , M12x1,",8400.0,0,0,https://www.google.com/search?tbm=isch&q=ESCHA+8004804
HengYa,1.2*2.4M,witeboard 1.2*2.4m,8395.65,0,0,https://www.google.com/search?tbm=isch&q=HengYa+1.2*2.4M
COLSON,4-8198-929,4-8198-929  Fixed wheel,8376.0,0,1,https://www.google.com/search?tbm=isch&q=COLSON+4-8198-929
SIEMENS,6ES7135-6HD00-0BA1,Analoges Ausgangsmod. AQ 4XU/I Standard,8375.92,0,0,https://www.google.com/search?tbm=isch&q=SIEMENS+6ES7135-6HD00-0BA1
TÜNKERS,V_63.1_BR3_A90AL_T12T,V_63.1_BR3_A90AL_T12T,8367.99,0,0,https://www.google.com/search?tbm=isch&q=TÜNKERS+V_63.1_BR3_A90AL_T12T
FESTO,525438,PUN-V0-06x1-SW Pneumatikschlauch,8366.0,0,0,https://www.google.com/search?tbm=isch&q=FESTO+525438
TÜNKERS,V2 63.1 ZL A10 T00 5-44°,V2 63.1 ZL A10 T00 5-44° cylinder,8366.0,0,0,https://www.google.com/search?tbm=isch&q=TÜNKERS+V2+63.1+ZL+A10+T00+5-44°
TÜNKERS,V_63.1_BR3_A90_T12,V_63.1_BR3_A90_T12,8362.86,0,0,https://www.google.com/search?tbm=isch&q=TÜNKERS+V_63.1_BR3_A90_T12
SEW EURODRIVE,8248311,USB11A Programming interface,8362.47,0,0,https://www.google.com/search?tbm=isch&q=SEW+EURODRIVE+8248311
SIEMENS,8WD4420-5AC,SIGNALLING COLUMN STEADY LIGHT LED GREEN,8351.4,0,0,https://www.google.com/search?tbm=isch&q=SIEMENS+8WD4420-5AC
FESTO,1312502_1590-PPV-A-GK-FK,DGC-K-32-1590-PPV-A-GK-FK Cylinder,8350.68,0,0,https://www.google.com/search?tbm=isch&q=FESTO+1312502_1590-PPV-A-GK-FK
GSEE,IRB15-M30P-E2-M,IRB15-M30P-E2-M Sensor,8345.14,0,0,https://www.google.com/search?tbm=isch&q=GSEE+IRB15-M30P-E2-M
FESTO,8001200_P6R-W-Q6D-L-PNLK-PNVBA-M12U,SPAU-P6R-W-Q6D-L-PNLK-PNVBA-M12U,8332.56,0,0,https://www.google.com/search?tbm=isch&q=FESTO+8001200_P6R-W-Q6D-L-PNLK-PNVBA-M12U
THK,SHS35LC2SS-680L-II_G20_136_B-M6F_0_197_0,SHS35LC2SS-680L-II_G20_136_B-M6F_0_197_0,8318.6,0,0,https://www.google.com/search?tbm=isch&q=THK+SHS35LC2SS-680L-II_G20_136_B-M6F_0_197_0
MISUMI,MTSFR40,MTSFR40 Nut,8310.0,0,0,https://www.google.com/search?tbm=isch&q=MISUMI+MTSFR40
PHOENIX,3214024,PTI 16/S-PE 3214024,8300.5,0,0,https://www.google.com/search?tbm=isch&q=PHOENIX+3214024
HELUKABEL,10043,"Steuerleitung 12G0,75",8288.0,0,0,https://www.google.com/search?tbm=isch&q=HELUKABEL+10043
RITTAL,1528519-BANDON,1528519-BANDON（w*h*d:mm）220x75x85 box,8284.5,0,0,https://www.google.com/search?tbm=isch&q=RITTAL+1528519-BANDON
SMC,VV5QC21-05C8SD6F2N,VV5QC21-05C8SD6F2N Valve,8283.0,0,0,https://www.google.com/search?tbm=isch&q=SMC+VV5QC21-05C8SD6F2N
BIZLINK,843643,PROFINET POWER  A2-6,8280.0,0,0,https://www.google.com/search?tbm=isch&q=BIZLINK+843643
TURCK,RKM52-35-RSM52/WXS2204,RKM52-35-RSM52/WXS2204 Cable,8280.0,0,0,https://www.google.com/search?tbm=isch&q=TURCK+RKM52-35-RSM52/WXS2204
GSEE,58014233,58014233 CABLE,8279.0,0,0,https://www.google.com/search?tbm=isch&q=GSEE+58014233
PARKER,G28LMSX,G28LMSX Gerader Stutzen,8277.78,0,0,https://www.google.com/search?tbm=isch&q=PARKER+G28LMSX
TURCK,6634750,RKC4.4T-25-RSC4.4T/TXL3013,8272.0,0,0,https://www.google.com/search?tbm=isch&q=TURCK+6634750
VARIOUS,RVVY 4G4,RVVY 4G4 cable,8272.0,0,0,https://www.google.com/search?tbm=isch&q=VARIOUS+RVVY+4G4
WERMA,64430975,644 309 75 Continuous light element,8268.86,0,0,https://www.google.com/search?tbm=isch&q=WERMA+64430975
SMC,MGPA50-25Z,MGPA50-25Z Cylinder,8268.0,0,0,https://www.google.com/search?tbm=isch&q=SMC+MGPA50-25Z
FRONIUS,"4,051,024",OPT/i SpeedNet Cable EXT 5m,8255.81,0,0,"https://www.google.com/search?tbm=isch&q=FRONIUS+4,051,024"
ESCHA,8086446,AL-WWAK4P3.2-7.5-AL-WAS4/S370/S8081,8250.0,0,0,https://www.google.com/search?tbm=isch&q=ESCHA+8086446
FESTO,51ENMKBQWF35GCQNT/45PRXSLX3AOZOWH3J2L,Ventilinsel VTSA-F-FB Art.Nr.: 547965,8244.24,0,0,https://www.google.com/search?tbm=isch&q=FESTO+51ENMKBQWF35GCQNT/45PRXSLX3AOZOWH3J2L
VARIOUS,90035,QF12 Non-slip nut,8234.33,0,0,https://www.google.com/search?tbm=isch&q=VARIOUS+90035
LENZE,QEV111ACZJJO,Encoderleitung Servoumrichter 30m,8231.83,0,0,https://www.google.com/search?tbm=isch&q=LENZE+QEV111ACZJJO
MSI,05.08561.00_,05.08561.000 Stellfuss D125 M16x100,0,967.92,0,https://www.google.com/search?tbm=isch&q=MSI+05.08561.00_
SIEMENS,5SY4306-7,"Leitungsschutzschalter 6A, 10kA, 3pol.C",8215.96,0,0,https://www.google.com/search?tbm=isch&q=SIEMENS+5SY4306-7
FESTO,1254048,DHPS-20-A-NC parallel gripper,8214.48,0,0,https://www.google.com/search?tbm=isch&q=FESTO+1254048
TURCK,4602912,Bi3-M08-AP6X-H1341 sensor inductive,8208.0,0,0,https://www.google.com/search?tbm=isch&q=TURCK+4602912
ESCHA,AL-WWAK4P3-0.6-AL-WAS4/S7400,M12 female LEDmale straightconnector0.6M,8200.0,0,0,https://www.google.com/search?tbm=isch&q=ESCHA+AL-WWAK4P3-0.6-AL-WAS4/S7400
WENGLOR,YW24PA3,YW24PA3 Reflex Sensor,8199.0,0,0,https://www.google.com/search?tbm=isch&q=WENGLOR+YW24PA3
SICK,2092105,Plug connectors and cables,8194.6,0,0,https://www.google.com/search?tbm=isch&q=SICK+2092105
ENIDINE,MB24058,ECO LROEM .5MB shock absorber,8184.48,0,0,https://www.google.com/search?tbm=isch&q=ENIDINE+MB24058
HELUKABEL,26906,Einzelader H07V-K 70mm² gr/ge auf Tromme,8176.0,0,0,https://www.google.com/search?tbm=isch&q=HELUKABEL+26906
APS,CE-FB50100L,CE-FB50100L,8157.18,0,0,https://www.google.com/search?tbm=isch&q=APS+CE-FB50100L
APS,CE-FB50100R,CE-FB50100R,8157.18,0,0,https://www.google.com/search?tbm=isch&q=APS+CE-FB50100R
GSEE,EZ4238-0/9/LG,EZ4238-0/9/LG Profinet,8142.0,0,0,https://www.google.com/search?tbm=isch&q=GSEE+EZ4238-0/9/LG
FESTO,51EF44GCQWNMKBNGKAQFS/45PAXP2SMEPP2B3JLP,valve terminal VTSA-F art.no.547965,8140.8,1028.25,0,https://www.google.com/search?tbm=isch&q=FESTO+51EF44GCQWNMKBNGKAQFS/45PAXP2SMEPP2B3JLP
VARIOUS,AJPEG10-08-08,AJPEG10-08-08 Connector Fuyan,8140.6,0,0,https://www.google.com/search?tbm=isch&q=VARIOUS+AJPEG10-08-08
SCHMALZ,10.07.06.00113,HTS-X4 30 KUV11 KAR TSS-Traversenverb.,8127.2,0,0,https://www.google.com/search?tbm=isch&q=SCHMALZ+10.07.06.00113
HELUKABEL,26890,Einzelader H07V-K 50mm² gr/ge auf Tromme,8118.0,0,0,https://www.google.com/search?tbm=isch&q=HELUKABEL+26890
FESTO,51ENMKBQWF35GCQNT/45PRXSLX2ARAOZOWH2,Ventilinsel VTSA-F-FB Art.Nr.: 547965,8111.6,0,0,https://www.google.com/search?tbm=isch&q=FESTO+51ENMKBQWF35GCQNT/45PRXSLX2ARAOZOWH2
MENNEKES,746,746 Kupplung AM-TOP,8109.68,0,0,https://www.google.com/search?tbm=isch&q=MENNEKES+746
SMC,MGPM50-350Z-P4DWL,MGPM50-350Z-P4DWL Cylinder,8100.0,0,0,https://www.google.com/search?tbm=isch&q=SMC+MGPM50-350Z-P4DWL
VARIOUS,20016,JLT1062 C-shaped steel plate,8100.0,0,0,https://www.google.com/search?tbm=isch&q=VARIOUS+20016
FESTO,51EF34GCQWNMKBS/45PAVU3AO3J2L,valve island,8099.0,0,0,https://www.google.com/search?tbm=isch&q=FESTO+51EF34GCQWNMKBS/45PAVU3AO3J2L
PEPPERL&FUCHS,70113963,"M12 cable socket, 8-pole , 20m",8085.0,0,0,https://www.google.com/search?tbm=isch&q=PEPPERL&FUCHS+70113963
OBO BETTERMANN,6178422,6178422,8081.28,0,0,https://www.google.com/search?tbm=isch&q=OBO+BETTERMANN+6178422
PEPPERL&FUCHS,V19-G-BK5M-PUR-U/ABG-V19-G,V19-G-BK5M-PUR-U/ABG-V19-G,8073.0,0,0,https://www.google.com/search?tbm=isch&q=PEPPERL&FUCHS+V19-G-BK5M-PUR-U/ABG-V19-G
SMC,C-VQM4-00000044WP0-EBLL,C-VQM4-00000044WP0-EBLL  Valve,8070.0,0,0,https://www.google.com/search?tbm=isch&q=SMC+C-VQM4-00000044WP0-EBLL
RITTAL,1612,"Bus-Gehäuse, BHT: 600x300x155 mm,",8056.72,0,0,https://www.google.com/search?tbm=isch&q=RITTAL+1612
LAPP,1135504,"1135504 Steuerleitung abgeschirmt, 4G4CY",8052.0,0,0,https://www.google.com/search?tbm=isch&q=LAPP+1135504
FESTO,536370,ADN-080-060-I-P-A CYLINDER,8048.82,0,0,https://www.google.com/search?tbm=isch&q=FESTO+536370
TÜNKERS,MK 50.1 A00 T00 120°,MK 50.1 A00 T00 120° Clamp,8040.0,0,0,https://www.google.com/search?tbm=isch&q=TÜNKERS+MK+50.1+A00+T00+120°
FESTO,51EF34GCQWNMKBUKAS/45PAVU2A2O2L,valve island,8037.38,0,0,https://www.google.com/search?tbm=isch&q=FESTO+51EF34GCQWNMKBUKAS/45PAVU2A2O2L
SMC,VM131F-01-01S,VM131F-01-01S,8034.0,0,0,https://www.google.com/search?tbm=isch&q=SMC+VM131F-01-01S
ACE,BV3325,BV3325 side load adaptor,8028.69,0,0,https://www.google.com/search?tbm=isch&q=ACE+BV3325
WEIDMUELLER,1132060000,"RJ45 IDC plug, Cat.5 (ISO/IEC 11801), 4-",8028.0,0,0,https://www.google.com/search?tbm=isch&q=WEIDMUELLER+1132060000
SENSOPART,LOC 35,LOC 35   lens,8023.2,0,0,https://www.google.com/search?tbm=isch&q=SENSOPART+LOC+35
FESTO,159594,LFP-D-MIDI-5M filter element,8021.02,0,0,https://www.google.com/search?tbm=isch&q=FESTO+159594
LENZE,13566393,"Bremswiderstand, 47 Ohm, 400 W",8017.57,0,0,https://www.google.com/search?tbm=isch&q=LENZE+13566393
SANKYO,21042000,SOL32-150 Spacer,8010.0,0,0,https://www.google.com/search?tbm=isch&q=SANKYO+21042000
FESTO,51EF33GCQPNMKBNMKBNMKBT/45P-A-XS-LSME*,valve terminal VTSA-F art.no.547965,8009.95,0,0,https://www.google.com/search?tbm=isch&q=FESTO+51EF33GCQPNMKBNMKBNMKBT/45P-A-XS-LSME*
TURCK,RKM52-5-RSM52/WXS2204,RKM52-5-RSM52/WXS2204 Cable,8004.0,0,0,https://www.google.com/search?tbm=isch&q=TURCK+RKM52-5-RSM52/WXS2204
BOSCH REXROTH,1805-453-31 L=420,1805-453-31 L=420 RAIL,8000.04,0,0,https://www.google.com/search?tbm=isch&q=BOSCH+REXROTH+1805-453-31+L=420
VARIOUS,DC80VA90S12,DC80VA90S12,8000.0,0,0,https://www.google.com/search?tbm=isch&q=VARIOUS+DC80VA90S12
WERMA,64440975,644 409 75 Continuous light element,7992.76,0,0,https://www.google.com/search?tbm=isch&q=WERMA+64440975
FESTO,51E-F44GCQWNMKBNMKBNMKBNDGSNGKAQF-Z,valve terminal CPX art.no.197330,7991.42,0,0,https://www.google.com/search?tbm=isch&q=FESTO+51E-F44GCQWNMKBNMKBNMKBNDGSNGKAQF-Z
SCHMALZ,10.01.05.00511,SAOF 50x16 NBR-60 G1/4-IG suction cup,7987.73,0,0,https://www.google.com/search?tbm=isch&q=SCHMALZ+10.01.05.00511
BOSCH,GSB180,GSB180 Percussion drill,7985.06,0,0,https://www.google.com/search?tbm=isch&q=BOSCH+GSB180
STAUFF,1130005386,SM 218-PP-IS Stauff plastic clamp,7979.52,0,0,https://www.google.com/search?tbm=isch&q=STAUFF+1130005386
SMC,C-VQM2-00000444WP8-EBBBBBBBBLÜX,C-VQM2-00000444WP8-EBBBBBBBBLÜX Valve,7971.0,0,0,https://www.google.com/search?tbm=isch&q=SMC+C-VQM2-00000444WP8-EBBBBBBBBLÜX
FESTO,VTUS-30-P-T-G34-GU1-Q12T-2VHL,VTUS-30-P-T-G34-GU1-Q12T-2VHL Valve,7970.56,0,0,https://www.google.com/search?tbm=isch&q=FESTO+VTUS-30-P-T-G34-GU1-Q12T-2VHL
TÜNKERS,V2 50.1 ZR A10 T00 45-105,V2 50.1 ZR A10 T00 45-105 cylinder,7966.0,0,0,https://www.google.com/search?tbm=isch&q=TÜNKERS+V2+50.1+ZR+A10+T00+45-105
MARVTECH,10121908,EDM4-5-EDM4/PN23/HBK Cable,7964.7,0,0,https://www.google.com/search?tbm=isch&q=MARVTECH+10121908
SEW EURODRIVE,28125673/45M,28125673/45m Cable,7964.61,0,0,https://www.google.com/search?tbm=isch&q=SEW+EURODRIVE+28125673/45M
HILTI,TE-30,TE-30 Electric hammer,7961.41,0,0,https://www.google.com/search?tbm=isch&q=HILTI+TE-30
HELUKABEL,16394,16394 Cable 3G1.5,7960.0,0,0,https://www.google.com/search?tbm=isch&q=HELUKABEL+16394
MULTI CONTACT,30.2005,30.2005 Flanged female plugs 2-pole+PE,7938.4,0,0,https://www.google.com/search?tbm=isch&q=MULTI+CONTACT+30.2005
OBO BETTERMANN,5057523,Banderdungsschelle VA,7937.19,0,0,https://www.google.com/search?tbm=isch&q=OBO+BETTERMANN+5057523
STÄUBLI,K81574218,Retrofit kit,7937.12,0,0,https://www.google.com/search?tbm=isch&q=STÄUBLI+K81574218
SMC,C-VQM2-00000044W28-EBBLL,C-VQM2-00000044W28-EBBLL,7928.0,0,0,https://www.google.com/search?tbm=isch&q=SMC+C-VQM2-00000044W28-EBBLL
SMC,VQM2-00000044W28-EBBLL,VQM2-00000044W28-EBBLL Ventilinsel,7928.0,0,0,https://www.google.com/search?tbm=isch&q=SMC+VQM2-00000044W28-EBBLL
FESTO,561698,PUN-V0-06x2-SW-C tube,7924.05,0,0,https://www.google.com/search?tbm=isch&q=FESTO+561698
FESTO,2078797,LBG-80-R3 bearing block,7915.92,0,0,https://www.google.com/search?tbm=isch&q=FESTO+2078797
VARIOUS,EGT001 L=1708,EGT_001 / L=1708 octagon profile SW80,7906.52,0,0,https://www.google.com/search?tbm=isch&q=VARIOUS+EGT001+L=1708
FESTO,51EF34GCQWNMKBQNNMKBNMKBS/45PAVU2A2J2L,Valve island,7883.22,0,0,https://www.google.com/search?tbm=isch&q=FESTO+51EF34GCQWNMKBQNNMKBNMKBS/45PAVU2A2J2L
SEW EURODRIVE,28125673/30M,28125673/30m Cable,7882.48,0,0,https://www.google.com/search?tbm=isch&q=SEW+EURODRIVE+28125673/30M
FESTO,51EF33GCQPNMKBT/45P-R-XS-SME-2B-OZOWHJJL,valve terminal VTSA-F-FB Art.Nr.547965,7862.44,0,0,https://www.google.com/search?tbm=isch&q=FESTO+51EF33GCQPNMKBT/45P-R-XS-SME-2B-OZOWHJJL
FESTO,3571,B-1/2 Blanking plug,7852.7,0,0,https://www.google.com/search?tbm=isch&q=FESTO+3571
PARKER,GE10LR1/8EDOMD71,GE10LR1/8EDOMD71 Connector,7836.0,0,0,https://www.google.com/search?tbm=isch&q=PARKER+GE10LR1/8EDOMD71
VARIOUS,50X50X6000,50X50X6000 square tube Q235,7830.0,0,0,https://www.google.com/search?tbm=isch&q=VARIOUS+50X50X6000
RITTAL,6505.5,Abdeckplatte für Tragarmanschl,7826.17,0,0,https://www.google.com/search?tbm=isch&q=RITTAL+6505.5
FESTO,51ENMKBNMKBQWF35GCQNT/~~~~,valve terminal VTSA-F art.no.547965,7803.46,0,0,https://www.google.com/search?tbm=isch&q=FESTO+51ENMKBNMKBQWF35GCQNT/~~~~
SIEMENS,6GK6000-8HT01-0SA2,6GK6000-8HT01-0SA2 4GB Micro SD-Card,7803.1,541.12,0,https://www.google.com/search?tbm=isch&q=SIEMENS+6GK6000-8HT01-0SA2
LEUZE,68000115,MLC500T14-1500 Safety light curtain tran,7802.66,0,0,https://www.google.com/search?tbm=isch&q=LEUZE+68000115
FESTO,578384,NPQH-T-Q12-E-P10 Push-in T-connector,7787.58,0,0,https://www.google.com/search?tbm=isch&q=FESTO+578384
INA,KRE47-PP,KRE47-PP Stud type track rollers,7787.52,0,0,https://www.google.com/search?tbm=isch&q=INA+KRE47-PP
DESTACO,86P30-105B8002,86P30-105B8002 pin unit,7784.94,0,0,https://www.google.com/search?tbm=isch&q=DESTACO+86P30-105B8002
MITSUBISHI ELECTRIC,TCS-03CS3W,TCS-03CS3W Cover,7779.15,0,0,https://www.google.com/search?tbm=isch&q=MITSUBISHI+ELECTRIC+TCS-03CS3W
SIEMENS,6GK5991-1AD00-8GA0,Active plug-in transceiver SFP991-1A,0,914.34,0,https://www.google.com/search?tbm=isch&q=SIEMENS+6GK5991-1AD00-8GA0
FESTO,51EF33GCQPNMKBNMKBNMKBNMKBNMKBT/45P-R-X*,valve terminal VTSA-F-FB Art.Nr.547965,7770.85,0,0,https://www.google.com/search?tbm=isch&q=FESTO+51EF33GCQPNMKBNMKBNMKBNMKBNMKBT/45P-R-X*
FESTO,161877,Accessories_CRLNZG-100_125,7767.36,0,0,https://www.google.com/search?tbm=isch&q=FESTO+161877
BOSCH,TSR 1440 LI,TSR 1440 LI Cordless Drill Battery,7755.0,0,0,https://www.google.com/search?tbm=isch&q=BOSCH+TSR+1440+LI
MULTI CONTACT,18.1402,18.1402 Stifteinsatz B27584028,7754.4,0,0,https://www.google.com/search?tbm=isch&q=MULTI+CONTACT+18.1402
ETA,2210-S211-P1F2-H111-2A,"Schutzschalter thermisch-magnetisch 2A,",7724.7,0,0,https://www.google.com/search?tbm=isch&q=ETA+2210-S211-P1F2-H111-2A
LAPP,51002170894,51002170894 Profinet Type C 2x2xAWG 22/7,7711.0,0,0,https://www.google.com/search?tbm=isch&q=LAPP+51002170894
PILZ,540383,540383 PSEN cs1.19-OSSD2 1actuator,7708.64,0,0,https://www.google.com/search?tbm=isch&q=PILZ+540383
FESTO,51EF34GCQWNMKBNMKBNMKBNLKANLKAS/45PAVU5A,valve terminal VTSA-F art.no.547965,7684.85,0,0,https://www.google.com/search?tbm=isch&q=FESTO+51EF34GCQWNMKBNMKBNMKBNLKANLKAS/45PAVU5A
SKF,KMFE 11,KMFE 11 nut,7680.0,0,0,https://www.google.com/search?tbm=isch&q=SKF+KMFE+11
ITEM,1.1.452.95 L=2990MM,1.1.452.95 L=2990mm Profile,7677.85,0,0,https://www.google.com/search?tbm=isch&q=ITEM+1.1.452.95+L=2990MM
FEE,EGT042,EGT_042 flange plate SW 80 vertical,7677.16,0,0,https://www.google.com/search?tbm=isch&q=FEE+EGT042
FESTO,2214971,DAMT-V1-63-A Trunnion mounting kit,7665.78,0,0,https://www.google.com/search?tbm=isch&q=FESTO+2214971
FESTO,1463495_0300-C-PPVA,DSBC-80-300-C-PPVA Cylinder,7661.56,0,0,https://www.google.com/search?tbm=isch&q=FESTO+1463495_0300-C-PPVA
FESTO,51EF44GCQWNMKBQNS/45PAVU2B2J2L,valve terminal VTSA-F art.no.547965,7653.5,0,0,https://www.google.com/search?tbm=isch&q=FESTO+51EF44GCQWNMKBQNS/45PAVU2B2J2L
SCHMALZ,10.01.06.00900,SAOB 110x55 NBR-60 G1/4-IG suction cup,7639.0,0,0,https://www.google.com/search?tbm=isch&q=SCHMALZ+10.01.06.00900
VARIOUS,WEW11-N-KY,WEW11-N-KY,7633.44,0,0,https://www.google.com/search?tbm=isch&q=VARIOUS+WEW11-N-KY
FESTO,51EF34GCQWNMKBQNNMKBNMKBS/45PAVLUX4B6J2,valve terminal CPX/VTSA-F Art.Nr. 547965,7630.0,0,0,https://www.google.com/search?tbm=isch&q=FESTO+51EF34GCQWNMKBQNNMKBNMKBS/45PAVLUX4B6J2
THK,HSR25 C 1 SS +220L,HSR25 C 1 SS +220L Guide Rail,7628.36,0,0,https://www.google.com/search?tbm=isch&q=THK+HSR25+C+1+SS++220L
BÄDER,13000,screw sealant 13000 red,7628.25,0,0,https://www.google.com/search?tbm=isch&q=BÄDER+13000
INA,RALE30-NPP-FA106,RALE30-NPP-FA106 bearings,7616.0,0,0,https://www.google.com/search?tbm=isch&q=INA+RALE30-NPP-FA106
SEW EURODRIVE,MDX61B0075-5A3-4-0T,MDX61B0075-5A3-4-0T MOVIDRIVE,7614.27,0,0,https://www.google.com/search?tbm=isch&q=SEW+EURODRIVE+MDX61B0075-5A3-4-0T
FESTO,51EF34GCQWNMKBQNNMKBNMKBS/45PAVLUX4B6J2L,Valve island,7611.04,0,0,https://www.google.com/search?tbm=isch&q=FESTO+51EF34GCQWNMKBQNNMKBNMKBS/45PAVLUX4B6J2L
WOEHNER,1518,01518 base,7608.12,0,0,https://www.google.com/search?tbm=isch&q=WOEHNER+1518
PNEUMAX,29OT3838,29OT3838 Flo control vale,7588.46,0,0,https://www.google.com/search?tbm=isch&q=PNEUMAX+29OT3838
MARVTECH,10123680,EDM4-8-EDM4/PN21/HBK Cable,7588.35,0,0,https://www.google.com/search?tbm=isch&q=MARVTECH+10123680
SANKYO,27181000,SOML-18-100,7584.0,0,0,https://www.google.com/search?tbm=isch&q=SANKYO+27181000
FESTO,51EF33GCQPNMKBNMKBNMKBNMKBNMKBT/45PRXS*,valve terminal VTSA-F-FB Art.Nr.547965,7575.87,0,0,https://www.google.com/search?tbm=isch&q=FESTO+51EF33GCQPNMKBNMKBNMKBNMKBNMKBT/45PRXS*
GSEE,SIZ4 SIZ4-0.2M/F230,SIZ4 SIZ4-0.2M/F230 Cable,7566.3,0,0,https://www.google.com/search?tbm=isch&q=GSEE+SIZ4+SIZ4-0.2M/F230
BIZLINK,845371,PROFINET POWER  A1-2,7560.0,0,0,https://www.google.com/search?tbm=isch&q=BIZLINK+845371
RITTAL,7097.26,DK7097.260 cable clamp,7559.09,0,0,https://www.google.com/search?tbm=isch&q=RITTAL+7097.26
STÄUBLI,K86501801,K86501801,7542.78,0,0,https://www.google.com/search?tbm=isch&q=STÄUBLI+K86501801
STÄUBLI,K86501802,K86501802 Ablagestation MPS630 1000,7542.78,0,0,https://www.google.com/search?tbm=isch&q=STÄUBLI+K86501802
TURCK,U2109-9,RSM-2RKM50 7/8  T-connector,7535.0,0,0,https://www.google.com/search?tbm=isch&q=TURCK+U2109-9
FESTO,51EF34GCQWNMKBNMKBNLKAUKANGKAQFS/45PAVU,valve terminal VTSA-F art.no.547965,7528.69,0,0,https://www.google.com/search?tbm=isch&q=FESTO+51EF34GCQWNMKBNMKBNLKAUKANGKAQFS/45PAVU
SMC,C-VQM2-00444444WC8-EBBBBBBLL,C-VQM2-00444444WC8-EBBBBBBLL,7522.0,0,0,https://www.google.com/search?tbm=isch&q=SMC+C-VQM2-00444444WC8-EBBBBBBLL
RITTAL,4379,PS Montage-Chassis 23x73mm,7518.72,0,0,https://www.google.com/search?tbm=isch&q=RITTAL+4379
VARIOUS,RAL9002,RAL 9002 grey white,7512.5,0,1,https://www.google.com/search?tbm=isch&q=VARIOUS+RAL9002
ESCHA,"AL-WWAK4P3.2-0,6-AL-WAS4/S370/S8080","AL-WWAK4P3.2-0,6-AL-WAS4/S370/S8080",7500.0,0,0,"https://www.google.com/search?tbm=isch&q=ESCHA+AL-WWAK4P3.2-0,6-AL-WAS4/S370/S8080"
BALLUFF,BNL01ZA,BNL 5307-120-06-0150 Nockenleiste,7497.64,0,0,https://www.google.com/search?tbm=isch&q=BALLUFF+BNL01ZA
PNEUMAX,03OT0810,03OT0810 Connector,7491.78,0,0,https://www.google.com/search?tbm=isch&q=PNEUMAX+03OT0810
WERMA,956.100.75,LED Bulb 24VAC/DC RD,7490.0,0,0,https://www.google.com/search?tbm=isch&q=WERMA+956.100.75
WERMA,956.300.75,LED Bulb 24VAC/DC YE,7490.0,0,0,https://www.google.com/search?tbm=isch&q=WERMA+956.300.75
ACE,PS25,PS25 Schaltkopf,7488.0,0,0,https://www.google.com/search?tbm=isch&q=ACE+PS25
SMC,VQM2-00000044W28-EBLL,VQM2-00000044W28-EBLL Valve,7486.0,0,0,https://www.google.com/search?tbm=isch&q=SMC+VQM2-00000044W28-EBLL
TUCKER,61250002,61250002 Sensor,7481.46,0,0,https://www.google.com/search?tbm=isch&q=TUCKER+61250002
VARIOUS,DC63VA82S12G105,DC63VA82S12G105 Cylinder,7480.0,0,0,https://www.google.com/search?tbm=isch&q=VARIOUS+DC63VA82S12G105
FESTO,51EF34GCQWNMKBNGKAQF*T/45P-R-XS-LX-BB-OZ,valve terminal VTSA-F art.no.547965,7474.04,0,0,https://www.google.com/search?tbm=isch&q=FESTO+51EF34GCQWNMKBNGKAQF*T/45P-R-XS-LX-BB-OZ
UNIVER,LCP32040ACR,LCP32040ACR pin cylinder,7469.84,0,0,https://www.google.com/search?tbm=isch&q=UNIVER+LCP32040ACR
SEW EURODRIVE,8133255,HD001 output chokes,7459.77,0,0,https://www.google.com/search?tbm=isch&q=SEW+EURODRIVE+8133255
SEW EURODRIVE,18204198,BW100-006-T  Bremswiderstand kpl.,7457.76,0,0,https://www.google.com/search?tbm=isch&q=SEW+EURODRIVE+18204198
PERMA,117222,Star vario 3.0 Drive Device,7452.0,0,0,https://www.google.com/search?tbm=isch&q=PERMA+117222
VARIOUS,"KCCVVFR 5G2,5","KCCVVFR 5G2,5",7450.0,0,0,"https://www.google.com/search?tbm=isch&q=VARIOUS+KCCVVFR+5G2,5"
FESTO,1376425,DSBC-032-0080-PPVA-N3 cylinder,7448.64,0,0,https://www.google.com/search?tbm=isch&q=FESTO+1376425
ACE,PP600,PP600 Nylon head,7448.09,0,0,https://www.google.com/search?tbm=isch&q=ACE+PP600
FESTO,51ENMKBNMKBQWF44GCQNS/45PAXSME3A5JL,Valve Terminal,7440.4,0,0,https://www.google.com/search?tbm=isch&q=FESTO+51ENMKBNMKBQWF44GCQNS/45PAXSME3A5JL
VARIOUS,NA22082RS,NA2208_2_RS Bearing,7440.0,0,0,https://www.google.com/search?tbm=isch&q=VARIOUS+NA22082RS
RITTAL,4945,PS4945.000 cable clamp rails(C section),7439.54,0,0,https://www.google.com/search?tbm=isch&q=RITTAL+4945
RITTAL,4199,TS4199.000 BRACKET SPACER,7438.03,0,0,https://www.google.com/search?tbm=isch&q=RITTAL+4199
FESTO,51EF33GCQPNMKBT/45P-R-XS-SME-BB-OZOWHJLL,valve terminal VTSA-F-FB Art.Nr.547965,7437.98,0,0,https://www.google.com/search?tbm=isch&q=FESTO+51EF33GCQPNMKBT/45P-R-XS-SME-BB-OZOWHJLL
PEPPERL&FUCHS,212494,"Kabeldose, M12, 8-polig, geschirmt",7425.0,0,0,https://www.google.com/search?tbm=isch&q=PEPPERL&FUCHS+212494
BWT,6-082068,6-082068 Lifetime Rückspülfilter Grösse2,0,873.0,0,https://www.google.com/search?tbm=isch&q=BWT+6-082068
FESTO,51ENMKBNMKBNMKBQWF35GCQNT~*,valve island,7419.95,0,0,https://www.google.com/search?tbm=isch&q=FESTO+51ENMKBNMKBNMKBQWF35GCQNT~*
FESTO,1312502_0850-PPV-A-GK-FK,DGC-K-32-850-PPV-A-GK-FK linear unit,7410.6,0,0,https://www.google.com/search?tbm=isch&q=FESTO+1312502_0850-PPV-A-GK-FK
FESTO,2416371,LRP-1/8-6 pressure control valve,7403.8,0,0,https://www.google.com/search?tbm=isch&q=FESTO+2416371
SIEMENS,3RT2015-2BB41,3RT2015-2BB41 CONTACTOR,7401.42,0,0,https://www.google.com/search?tbm=isch&q=SIEMENS+3RT2015-2BB41
ATLAS COPCO,1022836,1022836 Sensor,7400.0,0,0,https://www.google.com/search?tbm=isch&q=ATLAS+COPCO+1022836
MOELLER,271062,Z-GV-16/1P+HS (W),7392.84,0,0,https://www.google.com/search?tbm=isch&q=MOELLER+271062
VARIOUS,LC 12G1,LC 12G1 Cable,7386.47,0,0,https://www.google.com/search?tbm=isch&q=VARIOUS+LC+12G1
FESTO,51EF34GCQWNMKBNMKBNMKBNMKBNLKANLKAS/45P-,valve terminal VTSA-F art.no.547965,7386.47,0,0,https://www.google.com/search?tbm=isch&q=FESTO+51EF34GCQWNMKBNMKBNMKBNMKBNLKANLKAS/45P-
RITTAL,9342.25,"Anschlussadapter 250 A, 690 V",7377.94,0,0,https://www.google.com/search?tbm=isch&q=RITTAL+9342.25
LUMBERG,RKCW 4/9,Rundsteckverbinder Kupplung 4,7375.0,0,0,https://www.google.com/search?tbm=isch&q=LUMBERG+RKCW+4/9
ACE,MA3350EUM,MA3350EUM shock absorber,7369.83,0,0,https://www.google.com/search?tbm=isch&q=ACE+MA3350EUM
FESTO,578406,NPQH-BK-G18-P10 Verschlussschraube,7359.7,0,0,https://www.google.com/search?tbm=isch&q=FESTO+578406
SICK,1211478,Sicherheits-Lichtvorhang deTec4 Core Sen,7352.0,0,0,https://www.google.com/search?tbm=isch&q=SICK+1211478
FESTO,51ENMKBNMKBQWF44GCQNS/45PAXSME3A2JO2JL,Valve Terminal,7346.47,0,0,https://www.google.com/search?tbm=isch&q=FESTO+51ENMKBNMKBQWF44GCQNS/45PAXSME3A2JO2JL
FESTO,51ENMKBNMKBNMKBQWF44GCQNS/45PAXSMEAA-3JL,valve terminal VTSA-F art.no.547965,7345.0,0,0,https://www.google.com/search?tbm=isch&q=FESTO+51ENMKBNMKBNMKBQWF44GCQNS/45PAXSMEAA-3JL
SMC,CDQ2B50-25DZ-P3DWASE,CDQ2B50-25DZ-P3DWASE Cylinder,7340.0,0,0,https://www.google.com/search?tbm=isch&q=SMC+CDQ2B50-25DZ-P3DWASE
WEIDMUELLER,2566440850,"Verbindungsleitung 19-pol. 8,5m",7336.56,0,0,https://www.google.com/search?tbm=isch&q=WEIDMUELLER+2566440850
SMC,VV5QC41-10C10FD0,VV5QC41-10C10FD0 Base,7329.0,0,0,https://www.google.com/search?tbm=isch&q=SMC+VV5QC41-10C10FD0
DESTACO,82M-3E030063K8-ALR45-135°,82M-3E030063K8-ALR45-135° cylinder,7326.54,0,0,https://www.google.com/search?tbm=isch&q=DESTACO+82M-3E030063K8-ALR45-135°
COGNEX,DMR-262-BW-FY,DMR-262-BW-FY barcode scanner,7300.88,0,0,https://www.google.com/search?tbm=isch&q=COGNEX+DMR-262-BW-FY
SICK,1220319,C4C-SX12010A10000 Raster,7298.4,0,0,https://www.google.com/search?tbm=isch&q=SICK+1220319
FESTO,560223,HGPT-50-A-B-G1 parallel gripper,7292.8,0,0,https://www.google.com/search?tbm=isch&q=FESTO+560223
SCHMALZ,10.01.06.02442,SAOB 60x30 HT2-65 G1/4-IG suction cup,7284.96,0,0,https://www.google.com/search?tbm=isch&q=SCHMALZ+10.01.06.02442
VARIOUS,AJPY10,AJPY10 Connector Fuyan,7280.0,0,0,https://www.google.com/search?tbm=isch&q=VARIOUS+AJPY10
SMC,XT92-51-X2,XT92-51-X2 VALVE,7272.0,0,0,https://www.google.com/search?tbm=isch&q=SMC+XT92-51-X2
FESTO,1463250_0030-C-PPSA,DSBC-032-0030-C-PPSA Cylinder,7259.36,0,0,https://www.google.com/search?tbm=isch&q=FESTO+1463250_0030-C-PPSA
THK,CF24UUR-AB,CF24UUR-AB Cam follower,7256.8,0,0,https://www.google.com/search?tbm=isch&q=THK+CF24UUR-AB
GSEE,SRJ45S EIZ4-20M/F21/LG,SRJ45S EIZ4-20M/F21/LG Profinet,7255.8,0,0,https://www.google.com/search?tbm=isch&q=GSEE+SRJ45S+EIZ4-20M/F21/LG
SANKYO,11050309,SOB 50-65-30 Bushing,7251.2,0,0,https://www.google.com/search?tbm=isch&q=SANKYO+11050309
FAG,H3130,H3130 clamp bush,7247.76,0,0,https://www.google.com/search?tbm=isch&q=FAG+H3130
PRIMES,410-070-020,Schutzglaskassette für PMM,0,852.35,1,https://www.google.com/search?tbm=isch&q=PRIMES+410-070-020
MENNEKES,734,CEE-Anbausteckdose 16A/7pol. 400V.,7236.8,0,0,https://www.google.com/search?tbm=isch&q=MENNEKES+734
THK,BTK 2505V-2.6ZZ+285LC7T-H1K,BTK 2505V-2.6ZZ+285LC7T-H1K,7235.39,0,0,https://www.google.com/search?tbm=isch&q=THK+BTK+2505V-2.6ZZ+285LC7T-H1K
SKF,TSN 222 L,TSN 222 L Seals,7224.0,0,0,https://www.google.com/search?tbm=isch&q=SKF+TSN+222+L
GSEE,24100041,G6B-MS-1L-2M25-C Shell,7221.6,0,0,https://www.google.com/search?tbm=isch&q=GSEE+24100041
LAPP,1119216,Steuerleitung 16G1mm²,7210.0,0,0,https://www.google.com/search?tbm=isch&q=LAPP+1119216
VARIOUS,MTSBRK40-250-F15-R25-T20-Q25-S28-E20,MTSBRK40-250-F15-R25-T20-Q25-S28-E20,7200.0,0,0,https://www.google.com/search?tbm=isch&q=VARIOUS+MTSBRK40-250-F15-R25-T20-Q25-S28-E20
TÜNKERS,3010800009,A2 K 60 UZ T12 A18 L4=45+2 CN Cylinder,7200.0,0,0,https://www.google.com/search?tbm=isch&q=TÜNKERS+3010800009
TÜNKERS,3010113142,A1,7200.0,0,0,https://www.google.com/search?tbm=isch&q=TÜNKERS+3010113142
LENZE,QEV111ACZJFO,Anschlußleitung für Servo-Motor 50m,7196.43,0,0,https://www.google.com/search?tbm=isch&q=LENZE+QEV111ACZJFO
SIEMENS,3RT2916-1BB00,"SURGE SUPPRESSOR, VARISTOR, AC 24...48V,",7193.11,0,0,https://www.google.com/search?tbm=isch&q=SIEMENS+3RT2916-1BB00
SEW EURODRIVE,KT47 DRN80M4/BE1 HR/IS/TF M2A,KT47 DRN80M4/BE1 HR/IS/TF M2A,7184.96,0,0,https://www.google.com/search?tbm=isch&q=SEW+EURODRIVE+KT47+DRN80M4/BE1+HR/IS/TF+M2A
MISUMI,BHS2M16-150,BHS2M16-150 Axis of Guide,7184.0,0,0,https://www.google.com/search?tbm=isch&q=MISUMI+BHS2M16-150
SEW EURODRIVE,13324551/65M,13324551/65m Cable,7181.82,0,0,https://www.google.com/search?tbm=isch&q=SEW+EURODRIVE+13324551/65M
FESTO,1205861,AMTE-M-LH-G14 Schalldämpfer,7176.6,0,0,https://www.google.com/search?tbm=isch&q=FESTO+1205861
VARIOUS,5.9,5.9 Alloy twist drill,7150.46,0,0,https://www.google.com/search?tbm=isch&q=VARIOUS+5.9
VARIOUS,Φ16-25,φ16-25 Stainless steel hose clamp,7150.0,0,0,https://www.google.com/search?tbm=isch&q=VARIOUS+Φ16-25
SICK,2019085,BEF-WN-W23 holder for WL 27,7135.6,0,0,https://www.google.com/search?tbm=isch&q=SICK+2019085
GEBERIT,82311,82311Stainless Steelreducerwithplainend,0,838.44,0,https://www.google.com/search?tbm=isch&q=GEBERIT+82311
LUMBERG,JTTPE2JT010M,JTTPE2JT010M CABLE,7126.4,0,0,https://www.google.com/search?tbm=isch&q=LUMBERG+JTTPE2JT010M
SANKYO,102016,SOBU 12-15-10 bush,7119.65,0,0,https://www.google.com/search?tbm=isch&q=SANKYO+102016
SANKYO,BAH16X080,BAH 16x080 Bolzen mit Achshalter,7116.0,0,0,https://www.google.com/search?tbm=isch&q=SANKYO+BAH16X080
FESTO,558772,NPQM-D-Q8-S10-P10 connector,7114.97,0,0,https://www.google.com/search?tbm=isch&q=FESTO+558772
HELUKABEL,707230,"TOPSERV® 113 PUR (4G2,5+(2x0,5)) mm² OG",7113.48,0,0,https://www.google.com/search?tbm=isch&q=HELUKABEL+707230
BALLUFF,BNN001F,BNN 520-UB-650 Sensor Bracket,7110.0,0,0,https://www.google.com/search?tbm=isch&q=BALLUFF+BNN001F
TURCK,RKC4.4T-3-RSC4.4T/TXO3700,RKC4.4T-3-RSC4.4T/TXO3700 Cable,7100.0,0,0,https://www.google.com/search?tbm=isch&q=TURCK+RKC4.4T-3-RSC4.4T/TXO3700
THK,HSR35C2SS+820L,HSR35C2SS+820L G1=G2=10,7086.72,0,0,https://www.google.com/search?tbm=isch&q=THK+HSR35C2SS+820L
SCHMALZ,10.01.03.00308,SAUG-ANB G1/4-AG 200 sucker holder 200mm,7083.08,0,0,https://www.google.com/search?tbm=isch&q=SCHMALZ+10.01.03.00308
PARKER,209P-12-8-3,209P-12-8-3 BUSHING,7080.0,0,0,https://www.google.com/search?tbm=isch&q=PARKER+209P-12-8-3
MULTI CONTACT,30.0066,EG-TS-M63 Endgehäuse,7053.3,0,0,https://www.google.com/search?tbm=isch&q=MULTI+CONTACT+30.0066
SANKYO,118055040,SOBF-55x65x40 bush with collar,7046.0,0,0,https://www.google.com/search?tbm=isch&q=SANKYO+118055040
LAPP,1119634,Steuerleitung 4x25qmm,7034.4,0,0,https://www.google.com/search?tbm=isch&q=LAPP+1119634
RITTAL,1038.5,Kompakt-Schaltschrank AE 380x600x210mm,7032.75,0,0,https://www.google.com/search?tbm=isch&q=RITTAL+1038.5
ACE,ML3325M,ML3325M SHOCK ABSORBER,7027.06,0,0,https://www.google.com/search?tbm=isch&q=ACE+ML3325M
SMC,C-VQM4-00000004W20-EBL VALVE,C-VQM4-00000004W20-EBL Valve,7026.0,0,0,https://www.google.com/search?tbm=isch&q=SMC+C-VQM4-00000004W20-EBL+VALVE
shanggong,GB/T6135.3_9.8MM,twist drill GB/T6135.3_9.8mm,7014.24,0,0,https://www.google.com/search?tbm=isch&q=shanggong+GB/T6135.3_9.8MM
RITTAL,7280.1,DK7280.100 Service plug,7013.49,0,0,https://www.google.com/search?tbm=isch&q=RITTAL+7280.1
EUCHNER,LR-X100,LR-X100  Laser rangefinder,7008.84,0,0,https://www.google.com/search?tbm=isch&q=EUCHNER+LR-X100
SCHNEIDER ELECTRIC,NSC100B3100N,NSC100B TM100D（W*H*D）：75*130*60,7000.34,0,0,https://www.google.com/search?tbm=isch&q=SCHNEIDER+ELECTRIC+NSC100B3100N
SANKYO,11020200,SOB 20-28-20 oilles bush,7000.0,0,0,https://www.google.com/search?tbm=isch&q=SANKYO+11020200
VARIOUS,EGT006 L=0208,"EGT_006 / L=0208 mm tube 30x2,5 VW-Norm",6987.56,0,0,https://www.google.com/search?tbm=isch&q=VARIOUS+EGT006+L=0208
FESTO,51EF34GCQWNMKBNMKBNMKBNLKAS/45PAVU5A,valve terminal VTSA-F art.no.547965,6987.1,0,0,https://www.google.com/search?tbm=isch&q=FESTO+51EF34GCQWNMKBNMKBNMKBNLKAS/45PAVU5A
VARIOUS,EGT234.1,EGT_234.1 connection rib inside SW51,6987.02,0,0,https://www.google.com/search?tbm=isch&q=VARIOUS+EGT234.1
ITEM,0.0.664.12,"0.0.664.12 shaft D25-686, self ranked",6971.83,0,0,https://www.google.com/search?tbm=isch&q=ITEM+0.0.664.12
ITEM,0.0.411.32,0.0.411.32 Winkelsatz 8 80x80,6969.44,0,0,https://www.google.com/search?tbm=isch&q=ITEM+0.0.411.32
ITEM,"0.0.294.34, 3000 MM",0.0.294.34 / L=3000mm Wellenkl.-Profil 8,6964.68,0,0,"https://www.google.com/search?tbm=isch&q=ITEM+0.0.294.34,+3000+MM"
SMC,C-VQM4-00000444WC0-EBBBBBBLL,C-VQM4-00000444WC0-EBBBBBBLL,6962.0,0,0,https://www.google.com/search?tbm=isch&q=SMC+C-VQM4-00000444WC0-EBBBBBBLL
ESCHA,8047664,Mounting-clip setM12x1,6950.0,0,0,https://www.google.com/search?tbm=isch&q=ESCHA+8047664
FESTO,51EF44GCQWNMKBNMKBNMKBS/45PAVU4A6J2L,valve terminal VTSA-F art.no.547965,6947.55,0,0,https://www.google.com/search?tbm=isch&q=FESTO+51EF44GCQWNMKBNMKBNMKBS/45PAVU4A6J2L
HELUKABEL,10090,"PVC-Steuerleitung OZ-500 2x1,5mm²",6929.0,0,0,https://www.google.com/search?tbm=isch&q=HELUKABEL+10090
FESTO,195585,"CRSGS-M20x1,5 joint head",6913.64,0,0,https://www.google.com/search?tbm=isch&q=FESTO+195585
ITEM,"0.0.026.04, 5260 MM",0.0.026.04 / L=5260mm Profil 8 80x40,6908.56,0,0,"https://www.google.com/search?tbm=isch&q=ITEM+0.0.026.04,+5260+MM"
SANKYO,11050358,SOB 50-60-35 bush,6900.06,0,0,https://www.google.com/search?tbm=isch&q=SANKYO+11050358
COLSON,SB-6509-948BRK1,SB-6509-948BRK1 Trundle,6900.0,0,0,https://www.google.com/search?tbm=isch&q=COLSON+SB-6509-948BRK1
SKF,6004-2Z,6004-2Z ball bearing,6887.0,0,0,https://www.google.com/search?tbm=isch&q=SKF+6004-2Z
LAPP,26126,"ÖLFLEX® CLASSIC FD 810 18G0,75 cable",6882.0,0,0,https://www.google.com/search?tbm=isch&q=LAPP+26126
GARANT,156420 DF,piloted counterbore set 6-pc. in box DF,6877.43,0,0,https://www.google.com/search?tbm=isch&q=GARANT+156420+DF
SCHMALZ,10.01.06.00803,SAB 40 NBR-60 G1/4-AG Sucker,6872.4,0,0,https://www.google.com/search?tbm=isch&q=SCHMALZ+10.01.06.00803
SIEMENS,3RV2021-1FA25,3RV2021-1FA25,6870.04,0,0,https://www.google.com/search?tbm=isch&q=SIEMENS+3RV2021-1FA25
LUETZE,716425,LOCC-Box Supply Set 6mm²,6868.49,0,0,https://www.google.com/search?tbm=isch&q=LUETZE+716425
FESTO,554272,ADNGF-63-030-P-A CYLINDER,6860.96,0,0,https://www.google.com/search?tbm=isch&q=FESTO+554272
CAMOZZI,658010-8,6580 10-8 connector,6851.62,0,0,https://www.google.com/search?tbm=isch&q=CAMOZZI+658010-8
SIEMENS,3RV2011-1CA10,"Leistungsschalt. BGR S00, 1,8-2,5A",6840.1,0,0,https://www.google.com/search?tbm=isch&q=SIEMENS+3RV2011-1CA10
ETON,40.1.040120.08.02-2650-05,40.1.040120.08.02-2650-05 Profile,6840.0,0,0,https://www.google.com/search?tbm=isch&q=ETON+40.1.040120.08.02-2650-05
FESTO,51EF33GCQPPKAFKAUKAS/45PNXSSAMEBSSZOJ,51EF33GCQPPKAFKAUKAS/45PNXSSAMEBSSZOJ,6836.78,0,0,https://www.google.com/search?tbm=isch&q=FESTO+51EF33GCQPPKAFKAUKAS/45PNXSSAMEBSSZOJ
TÜNKERS,V 50.1 ZL A10 T00 45 120,V 50.1 ZL A10 T00 45~120° clamp,6828.0,0,0,https://www.google.com/search?tbm=isch&q=TÜNKERS+V+50.1+ZL+A10+T00+45+120
TURCK,4602071,Bi2U-EGT08-AP6X-H1341 sensor inductive,6825.0,0,0,https://www.google.com/search?tbm=isch&q=TURCK+4602071
ATLAS COPCO,1018279,1018279  drive,6823.0,0,0,https://www.google.com/search?tbm=isch&q=ATLAS+COPCO+1018279
SCHMALZ,10.01.06.04898,SAOB 60x30 NBR-60 G1/4-IG FO suction cup,6822.14,0,0,https://www.google.com/search?tbm=isch&q=SCHMALZ+10.01.06.04898
TURCK,6635153,RSSD-RSSD-4422-15M Cable,6820.0,0,0,https://www.google.com/search?tbm=isch&q=TURCK+6635153
KEBA,85066,"KeTop Anschlusskabel 15,0m",0,801.9,0,https://www.google.com/search?tbm=isch&q=KEBA+85066
LENZE,QEV111ACSJEB,Brake resistor,6805.19,0,0,https://www.google.com/search?tbm=isch&q=LENZE+QEV111ACSJEB
TURCK,6904601,"M12 female connector,screw connector",6800.0,0,0,https://www.google.com/search?tbm=isch&q=TURCK+6904601
TURCK,6904611,"M12 male connector,screw connector",6800.0,0,0,https://www.google.com/search?tbm=isch&q=TURCK+6904611
ITEM,0.0.419.74,0.0.419.03 / L=5690mm Profil 6-60x60,6797.76,0,0,https://www.google.com/search?tbm=isch&q=ITEM+0.0.419.74
FESTO,529853,MS6-FRM-1/2 branching module,6796.24,0,0,https://www.google.com/search?tbm=isch&q=FESTO+529853
FESTO,578312,NPQH-D-S12-Q10-P10 Connector,6786.98,0,0,https://www.google.com/search?tbm=isch&q=FESTO+578312
WENGLOR,OLM104A0002,OLM104A0002 retro-reflex sensor,6773.51,0,0,https://www.google.com/search?tbm=isch&q=WENGLOR+OLM104A0002
FESTO,578289,NPQH-L-G38-Q12-P10 Push-in L-fitting,6770.0,0,0,https://www.google.com/search?tbm=isch&q=FESTO+578289
TURCK,6945005_,MW-30 Sensorhalter,6760.2,0,0,https://www.google.com/search?tbm=isch&q=TURCK+6945005_
SEW EURODRIVE,25.74956181.01.0004.17.03,K37DRN90S4BE2HR/ISU/TF Motor,6748.77,0,0,https://www.google.com/search?tbm=isch&q=SEW+EURODRIVE+25.74956181.01.0004.17.03
PEPPERL&FUCHS,281668,V1-W-BK5M-PUR-U5/ABG-V1-W cable,6741.75,0,0,https://www.google.com/search?tbm=isch&q=PEPPERL&FUCHS+281668
FESTO,532318_020-B-PPV-A-GF,DFM-32-020-B-PPV-A-GF cylinder,6738.74,0,0,https://www.google.com/search?tbm=isch&q=FESTO+532318_020-B-PPV-A-GF
SEW EURODRIVE,1995405/12.0,1995405/12.0 Cable,6735.56,0,0,https://www.google.com/search?tbm=isch&q=SEW+EURODRIVE+1995405/12.0
RITTAL,7187.642,7187.642,6730.74,0,0,https://www.google.com/search?tbm=isch&q=RITTAL+7187.642
SIEMENS,6GF3500-8BA41,6GF3500-8BA41,6665.12,712.8,0,https://www.google.com/search?tbm=isch&q=SIEMENS+6GF3500-8BA41
SENSOPART,533-11035,Kalibrierplatte für VISOR zum Einmessen,0,782.66,0,https://www.google.com/search?tbm=isch&q=SENSOPART+533-11035
MISUMI,JBHFYG26-P16-L12,JBHFYG26-P16-L12 centering bush,6640.2,0,0,https://www.google.com/search?tbm=isch&q=MISUMI+JBHFYG26-P16-L12
SCHMALZ,10.01.03.00332,HTR-UNI 2N FSTE-HDB Universal holder,6640.0,0,0,https://www.google.com/search?tbm=isch&q=SCHMALZ+10.01.03.00332
ESCHA,8045578,Al-WWAK5P3-3-AL-WAS5/S370 CABLE,6600.0,0,0,https://www.google.com/search?tbm=isch&q=ESCHA+8045578
FESTO,51EF34GCQWNMKBQNS/45PAVU1BOL,valve island,6572.58,0,0,https://www.google.com/search?tbm=isch&q=FESTO+51EF34GCQWNMKBQNS/45PAVU1BOL
KUNSHAN SVLEC ELECTRIC,912961,"M12 female straight, 5-core connector",6570.0,0,0,https://www.google.com/search?tbm=isch&q=KUNSHAN+SVLEC+ELECTRIC+912961
KUNSHAN SVLEC ELECTRIC,912761,"M12 straight head, 5-core, connector",6570.0,0,0,https://www.google.com/search?tbm=isch&q=KUNSHAN+SVLEC+ELECTRIC+912761
DESTACO,82M-3E030063K8-ARR45-135°,82M-3E030063K8-ARR45-135° cylinder,6512.48,0,0,https://www.google.com/search?tbm=isch&q=DESTACO+82M-3E030063K8-ARR45-135°
DESTACO,8BF-752-1-01,8BF-752-1-01 Pin,6508.26,0,0,https://www.google.com/search?tbm=isch&q=DESTACO+8BF-752-1-01
VARIOUS,KR52022RS,KR5202-2RS track roller,6469.14,0,0,https://www.google.com/search?tbm=isch&q=VARIOUS+KR52022RS
TUCKER,61250130,61250130 Rivet Rod,6460.8,0,0,https://www.google.com/search?tbm=isch&q=TUCKER+61250130
SEW EURODRIVE,18166598/1.0,Konfektioniertes Kabel 1m,6443.44,0,2,https://www.google.com/search?tbm=isch&q=SEW+EURODRIVE+18166598/1.0
PARKER,1452121,01452121 Connector,6440.0,0,0,https://www.google.com/search?tbm=isch&q=PARKER+1452121
COLSON,4-6109-928BRK1,4-6109-928BRK1  wheel,6430.0,0,0,https://www.google.com/search?tbm=isch&q=COLSON+4-6109-928BRK1
HILTI,206507,TE-YX 16/55 Hammerbohrer,6429.83,0,0,https://www.google.com/search?tbm=isch&q=HILTI+206507
SICK,2051610,BEF-KHS-N04 Universalklemmhalter,6427.8,0,0,https://www.google.com/search?tbm=isch&q=SICK+2051610
ATLAS COPCO,4027020475,4027020475 DG E16 socket,0,755.0,0,https://www.google.com/search?tbm=isch&q=ATLAS+COPCO+4027020475
VARIOUS,SPOT-5000B,SPOT-5000B repair machine,6411.5,0,0,https://www.google.com/search?tbm=isch&q=VARIOUS+SPOT-5000B
RITTAL,8800.92,"Sockel, stationär, Basis TS,  636mm",6402.66,0,0,https://www.google.com/search?tbm=isch&q=RITTAL+8800.92
SIEMENS,8WU4420-OFA,8WU4420-OFA buzzer,6398.1,0,0,https://www.google.com/search?tbm=isch&q=SIEMENS+8WU4420-OFA
SANKYO,17160000,SOBW-16 Oilless Washer,6385.46,0,0,https://www.google.com/search?tbm=isch&q=SANKYO+17160000
SIEMENS,8WU4408-0DA,8WU4408-0DA Support tube,6366.0,0,0,https://www.google.com/search?tbm=isch&q=SIEMENS+8WU4408-0DA
ESCHA,8012651,"8012651 Y-Distributor, M12, 1x coupling,",6363.0,0,0,https://www.google.com/search?tbm=isch&q=ESCHA+8012651
SEW EURODRIVE,08199701/2M,08199701/2m   Cable,6341.58,0,0,https://www.google.com/search?tbm=isch&q=SEW+EURODRIVE+08199701/2M
VARIOUS,JQ550101307,JQ550101307,6338.97,0,0,https://www.google.com/search?tbm=isch&q=VARIOUS+JQ550101307
SEW EURODRIVE,18121985/10.0,18121985/10.0 CABLE,6323.9,0,0,https://www.google.com/search?tbm=isch&q=SEW+EURODRIVE+18121985/10.0
TUCKER,61250131,61250131 Rivet Rod,6313.55,0,0,https://www.google.com/search?tbm=isch&q=TUCKER+61250131
TÜNKERS,1060300020,V2 63.1 A11  Pressure arm,6308.06,0,0,https://www.google.com/search?tbm=isch&q=TÜNKERS+1060300020
SEW EURODRIVE,28125673/55M,28125673/55m Cable,6306.0,0,0,https://www.google.com/search?tbm=isch&q=SEW+EURODRIVE+28125673/55M
TURCK,6936048,S89/VB2-BEFESTIGUNGSSET,6300.0,0,0,https://www.google.com/search?tbm=isch&q=TURCK+6936048
THK,CSR20SRRC1+160/160LP,CSR20SRRC1+160/160LP Gail,6300.0,0,0,https://www.google.com/search?tbm=isch&q=THK+CSR20SRRC1+160/160LP
RITTAL,2500.71,Steckdosenbox für Systemleuchte LED,6291.34,0,0,https://www.google.com/search?tbm=isch&q=RITTAL+2500.71
CRB ANTRIEBSTECHNIK,010.14.0179.121.5112N,010.14.0179.121.5112N Drehverbindung CRB,0,738.99,0,https://www.google.com/search?tbm=isch&q=CRB+ANTRIEBSTECHNIK+010.14.0179.121.5112N
MISUMI,MPFZ25-15,MPFZ25-15 oil-free bushing,6259.99,0,3,https://www.google.com/search?tbm=isch&q=MISUMI+MPFZ25-15
RITTAL,8602.06,TS8602.060 base for cabinet (side),6236.03,0,0,https://www.google.com/search?tbm=isch&q=RITTAL+8602.06
VARIOUS,1850X1000X500MM,1850x1000x500mm File Cabinet,6216.0,0,0,https://www.google.com/search?tbm=isch&q=VARIOUS+1850X1000X500MM
RITTAL,2820.42,"AX2820.420 base/plinth trim panels, side",6206.29,0,0,https://www.google.com/search?tbm=isch&q=RITTAL+2820.42
BREMER,228 5611/101 5119,NIR10.100 Stahlnocken,6201.92,893.76,0,https://www.google.com/search?tbm=isch&q=BREMER+228+5611/101+5119
VARIOUS,MGHC2-A-140-FA-C-50-180-PX2-1-0-A,MGHC2-A-140-FA-C-50-180-PX2-1-0-A Clamp,6189.72,0,0,https://www.google.com/search?tbm=isch&q=VARIOUS+MGHC2-A-140-FA-C-50-180-PX2-1-0-A
SCHMALZ,10.01.06.01533,SAB 22 NBR-60 G1/4-IG suction pad,6170.35,0,0,https://www.google.com/search?tbm=isch&q=SCHMALZ+10.01.06.01533
TÜNKERS,V2 50.1 ZR A12 T00 5°-44°,V2 50.1 ZR A12 T00 5°-44°,6152.0,0,0,https://www.google.com/search?tbm=isch&q=TÜNKERS+V2+50.1+ZR+A12+T00+5°-44°
SIEMENS,3RV6021-4EA10,3RV6021-4EA10 Breaker,6142.66,0,1,https://www.google.com/search?tbm=isch&q=SIEMENS+3RV6021-4EA10
NORELEM,03089-2105,03089-2105 Arretierbolzen,6130.71,0,1,https://www.google.com/search?tbm=isch&q=NORELEM+03089-2105
SCHMALZ,10.08.03.00181,SVS-GE M16x1-AG G1/8-IG30 Schottverschr.,6124.01,0,0,https://www.google.com/search?tbm=isch&q=SCHMALZ+10.08.03.00181
SMC,Y521B82222L,Y521B82222L Valve,6115.0,0,0,https://www.google.com/search?tbm=isch&q=SMC+Y521B82222L
FESTO,4516338,HGL-3/8-B-CS Non-return valve,6080.12,0,0,https://www.google.com/search?tbm=isch&q=FESTO+4516338
FSG,U2E-884-Z,"U2E-884-Z Kombirolle D88,4 x H61 x d45",0,712.64,0,https://www.google.com/search?tbm=isch&q=FSG+U2E-884-Z
MULTI CONTACT,18.4401,Contact holder E2-15PE/S  18.4401,6034.0,0,0,https://www.google.com/search?tbm=isch&q=MULTI+CONTACT+18.4401
COLSON,4-6108-928,4-6108-928 Wheel,6034.0,0,1,https://www.google.com/search?tbm=isch&q=COLSON+4-6108-928
SANKYO,11040408,SOB 40-55-40 bush,6025.68,0,0,https://www.google.com/search?tbm=isch&q=SANKYO+11040408
FESTO,558790,NPQM-T-Q12-E-P10 connector,6007.16,0,0,https://www.google.com/search?tbm=isch&q=FESTO+558790
ESCHA,8045581,Al-WWAK5P3-2-AL-WAS5/S370 CABLE,6000.0,0,0,https://www.google.com/search?tbm=isch&q=ESCHA+8045581
APS,APS84040L,APS-8-4040L aluminium profile,5983.73,0,0,https://www.google.com/search?tbm=isch&q=APS+APS84040L
LAPP,38602,"0038602 Unitronic LiHCH (TP) 2x2x0,5",5963.0,0,0,https://www.google.com/search?tbm=isch&q=LAPP+38602
LENZE,QEV111ACZJFG,Motorleitung Servoumrichter 9400 25m,5947.37,0,0,https://www.google.com/search?tbm=isch&q=LENZE+QEV111ACZJFG
TURCK,6630917,RKC4.4T-0.6-RSC4.4T/TXL3013,5947.2,0,0,https://www.google.com/search?tbm=isch&q=TURCK+6630917
MENZEL,9570000002,INDUTEC MS SBT4 3-fach schlauch PURØ4mm,0,697.5,0,https://www.google.com/search?tbm=isch&q=MENZEL+9570000002
LENZE,QEV111ACZJFL,Anschlußleitung für Servo-Motor 40m,5905.38,0,0,https://www.google.com/search?tbm=isch&q=LENZE+QEV111ACZJFL
KLÜBER,392130915,Klüberplex AG 11-461 Lubricating oil pum,5904.0,0,0,https://www.google.com/search?tbm=isch&q=KLÜBER+392130915
SCHMALZ,10.02.02.03490,ASV SMPi/SCPi 2xS-M12-4 distributor,5899.56,0,0,https://www.google.com/search?tbm=isch&q=SCHMALZ+10.02.02.03490
LAPP,4521014,4521014 Cable H07V-K 1x70 mm² BK black,5899.5,0,0,https://www.google.com/search?tbm=isch&q=LAPP+4521014
RITTAL,8845.5,Systemschrank 800x1400x500mm RAL7035,5889.68,0,0,https://www.google.com/search?tbm=isch&q=RITTAL+8845.5
WEIDMUELLER,2566420850,"Verbindungsleitung 6-pol. 8,5m",5883.12,0,0,https://www.google.com/search?tbm=isch&q=WEIDMUELLER+2566420850
TURCK,46185,BI15-M30-AP6X-H1141 Inductive sensor,5880.0,0,0,https://www.google.com/search?tbm=isch&q=TURCK+46185
VARIOUS,BPW01-D5-PP,BPW01-d5-PP,5875.76,0,0,https://www.google.com/search?tbm=isch&q=VARIOUS+BPW01-D5-PP
JEAN MUELLER,D8072103,"K02/E18 screw cap,porcelain",5862.78,0,0,https://www.google.com/search?tbm=isch&q=JEAN+MUELLER+D8072103
SEW EURODRIVE,28125673/50M,28125673/50m Cable,5858.96,0,0,https://www.google.com/search?tbm=isch&q=SEW+EURODRIVE+28125673/50M
SICK,6044572,Plug connectors and cables,5851.4,0,0,https://www.google.com/search?tbm=isch&q=SICK+6044572
CAMOZZI,S65101612,S6510 16-1/2 Male Connector,5847.8,0,0,https://www.google.com/search?tbm=isch&q=CAMOZZI+S65101612
RITTAL,7097.34,cable clamp 34-38,5818.13,0,0,https://www.google.com/search?tbm=isch&q=RITTAL+7097.34
FESTO,578349,NPQH-D-G12-Q10-P10 Connector,5804.76,0,1,https://www.google.com/search?tbm=isch&q=FESTO+578349
TURCK,6635151,RSSD-RSSD-4422-5M Cable,5797.0,0,0,https://www.google.com/search?tbm=isch&q=TURCK+6635151
ICOTEK,43934,Kabeldurchführungsplatte rastbar,5740.0,1161.0,0,https://www.google.com/search?tbm=isch&q=ICOTEK+43934
FESTO,531640,KD4-CK-9 connector,5736.0,0,0,https://www.google.com/search?tbm=isch&q=FESTO+531640
FESTO,8074906,SPAU-P10R-MS6-F-L-PNLK-&,5732.0,0,0,https://www.google.com/search?tbm=isch&q=FESTO+8074906
NORDLOCK,1698517,1698517 DNL 8 F Nordlock Scheibe,5720.0,0,0,https://www.google.com/search?tbm=isch&q=NORDLOCK+1698517
BELDEN,93984,RKCW/LED 4/9  Connector,5720.0,0,0,https://www.google.com/search?tbm=isch&q=BELDEN+93984
GSEE,10091001,EK4112-0/9,5699.4,0,0,https://www.google.com/search?tbm=isch&q=GSEE+10091001
ITEM,0.0.265.44,0.0.265.44 Winkelstellfuß 8,5679.04,0,0,https://www.google.com/search?tbm=isch&q=ITEM+0.0.265.44
FESTO,VTUS-30-P-T-G34-GU1-Q12T-1VHL,VTUS-30-P-T-G34-GU1-Q12T-1VHL Valve,5675.06,0,0,https://www.google.com/search?tbm=isch&q=FESTO+VTUS-30-P-T-G34-GU1-Q12T-1VHL
SIEMENS,6ES7138-4CB11-0AB0,"Simatic DP, Powermodul PM-E",5674.08,0,0,https://www.google.com/search?tbm=isch&q=SIEMENS+6ES7138-4CB11-0AB0
SEW EURODRIVE,F47DRN90S4BE2/HR/IS/TF,F47DRN90S4BE2/HR/IS/TF Motor,5664.6,0,0,https://www.google.com/search?tbm=isch&q=SEW+EURODRIVE+F47DRN90S4BE2/HR/IS/TF
DESTACO,82M-4E03H063L8-2A12-90(L),82M-4E03H063L8-2A12-90(L) Clamp,5660.0,0,0,https://www.google.com/search?tbm=isch&q=DESTACO+82M-4E03H063L8-2A12-90(L)
ITEM,0.0.439.23,0.0.439.23 Stellfuss D60 M12x120,5658.65,0,0,https://www.google.com/search?tbm=isch&q=ITEM+0.0.439.23
SMC,C-VQM2-0000004WC8-EBBLL,C-VQM2-0000004WC8-EBBLL,5638.0,0,0,https://www.google.com/search?tbm=isch&q=SMC+C-VQM2-0000004WC8-EBBLL
EATON,271064,"Phasenschiene, 3Ph, 16qmm, Gabel, 1m",5627.76,0,0,https://www.google.com/search?tbm=isch&q=EATON+271064
YANGZHOU RUIJIE HYDRAULIC TECHNOLOGY,BD491508,BD491508,5610.0,0,0,https://www.google.com/search?tbm=isch&q=YANGZHOU+RUIJIE+HYDRAULIC+TECHNOLOGY+BD491508
SIEMENS,3RV6011-0EA10,3RV6011-0EA10 Circuit breaker,5607.0,0,0,https://www.google.com/search?tbm=isch&q=SIEMENS+3RV6011-0EA10
PHOENIX,2744335,2744335 PSM-LWL-RUGGED-FLEX-980/1000fibr,5600.0,0,0,https://www.google.com/search?tbm=isch&q=PHOENIX+2744335
MURRPLASTIK,83693445,Halter FHS-C,5598.6,0,0,https://www.google.com/search?tbm=isch&q=MURRPLASTIK+83693445
SIEMENS,5SY4116-6,5SY4116-6 Circuit breaker,5594.51,181.56,1,https://www.google.com/search?tbm=isch&q=SIEMENS+5SY4116-6
SEW EURODRIVE,13643878,Absolutwertgeber,5584.07,0,0,https://www.google.com/search?tbm=isch&q=SEW+EURODRIVE+13643878
VARIOUS,JDB-160X50X70,JDB-160X50X70,5548.38,0,0,https://www.google.com/search?tbm=isch&q=VARIOUS+JDB-160X50X70
FESTO,539995,OVEM-14-H-B-QO-OE-N-2P Vakuumsaugdüse,5540.08,0,0,https://www.google.com/search?tbm=isch&q=FESTO+539995
SCHMALZ,10.01.03.00343,SAUG-ANB G1/4-AG 200 FO suction connect,5538.12,0,0,https://www.google.com/search?tbm=isch&q=SCHMALZ+10.01.03.00343
RITTAL,9340.03,"SV9340.030 SUPPORT FOR COPPER BARS, 1P",5532.09,0,0,https://www.google.com/search?tbm=isch&q=RITTAL+9340.03
SANKYO,27181500,SOML-18x150 oilless Slide Plate,5508.0,0,0,https://www.google.com/search?tbm=isch&q=SANKYO+27181500
FESTO,153150,QSY-8 Y-connection assembly  Ø 8,5498.4,0,0,https://www.google.com/search?tbm=isch&q=FESTO+153150
AUTOMABLIE,AT70,AT-70 Balancer,5493.8,0,0,https://www.google.com/search?tbm=isch&q=AUTOMABLIE+AT70
INA,NATV15PP,NATV15-PP TRACK_ROLLER,5493.5,0,0,https://www.google.com/search?tbm=isch&q=INA+NATV15PP
LAPP,83011320600,ÖLFLEX SERVO PLCY 4 G 6,5468.0,0,0,https://www.google.com/search?tbm=isch&q=LAPP+83011320600
SIEMENS,5SL6104-7CC,5SL6104-7CC 230/400V 6KA CURVA C,5444.52,0,0,https://www.google.com/search?tbm=isch&q=SIEMENS+5SL6104-7CC
SEW EURODRIVE,FA37 DRN90S4/BE2HR/IS/TF,FA37 DRN90S4/BE2HR/IS/TF   Motor,5434.01,0,0,https://www.google.com/search?tbm=isch&q=SEW+EURODRIVE+FA37+DRN90S4/BE2HR/IS/TF
VARIOUS,BLR91-40,BLR91-40,5428.66,0,0,https://www.google.com/search?tbm=isch&q=VARIOUS+BLR91-40
NORELEM,07420-136,"DIN6319_D37,0 x 68 x 14,0 spherical disc",5419.12,0,3,https://www.google.com/search?tbm=isch&q=NORELEM+07420-136
RK ROSE&KRIEGER,1.86E+11,GW60 Gelenkklemmstück,0,635.52,0,https://www.google.com/search?tbm=isch&q=RK+ROSE&KRIEGER+1.86E+11
SANKYO,11030300,SOB 30-38-30 centrador,5400.0,0,0,https://www.google.com/search?tbm=isch&q=SANKYO+11030300
BOSCH REXROTH,R100002099_3150,R100002099 Stahlwelle WV-20H7 L=3150mm,0,635.08,0,https://www.google.com/search?tbm=isch&q=BOSCH+REXROTH+R100002099_3150
HILTI,409190,TE-CX 10/27 hammer drill,5391.92,0,0,https://www.google.com/search?tbm=isch&q=HILTI+409190
NORELEM,06916-120061,06916-120061 Maneta empuñadura curva,5380.56,0,1,https://www.google.com/search?tbm=isch&q=NORELEM+06916-120061
SCHMERSAL,101193783,7-119-WASI-SS02-M12-8V2CSS34F0258 sensor,5370.0,0,0,https://www.google.com/search?tbm=isch&q=SCHMERSAL+101193783
RITTAL,8602.2,TS8602.200 Base front/rear 1200mm 200mm,5362.47,0,0,https://www.google.com/search?tbm=isch&q=RITTAL+8602.2
TURCK,6634749,RKC4.4T-45-RSC4.4T/TXL,5358.0,0,0,https://www.google.com/search?tbm=isch&q=TURCK+6634749
FESTO,1376306,DSBC-50-80-PPSA-N3 Standard cylinder,5351.76,0,0,https://www.google.com/search?tbm=isch&q=FESTO+1376306
TURCK,6630921,RKC4.4T-3-RSC4.4T/TXL3013,5346.0,0,0,https://www.google.com/search?tbm=isch&q=TURCK+6630921
SICK,1113237,C4C-EC07530A10000 750mm receiver,5328.84,0,0,https://www.google.com/search?tbm=isch&q=SICK+1113237
NORELEM,26120-05003507057,26120-05003507057 Anschlagschiene,5310.64,0,0,https://www.google.com/search?tbm=isch&q=NORELEM+26120-05003507057
THK,SHS30R2SS-700L,SHS30R2SS-700L Slide rail,5309.76,0,0,https://www.google.com/search?tbm=isch&q=THK+SHS30R2SS-700L
VARIOUS,NFC-FLEX110 CY 4G10,NFC-FLEX110 CY 4G10 Cable,5307.0,0,0,https://www.google.com/search?tbm=isch&q=VARIOUS+NFC-FLEX110+CY+4G10
LAPP,26183,"OELFLEX-FD CLASSIC 810 4x6mm²,",5305.0,0,0,https://www.google.com/search?tbm=isch&q=LAPP+26183
EATON,266627,Hauptschalterbausatz bestehend,5300.82,0,0,https://www.google.com/search?tbm=isch&q=EATON+266627
ESCHA,8046032,Al-WAK5-5-AL-WAS5/S370 CABLE,5300.0,0,0,https://www.google.com/search?tbm=isch&q=ESCHA+8046032
RITTAL,8800.9,Geräteboden für Schranktiefe 6,5289.97,0,0,https://www.google.com/search?tbm=isch&q=RITTAL+8800.9
RUD,7101314,VRS-F-M16 7101314 Starpoint-Ringschraube,0,621.0,0,https://www.google.com/search?tbm=isch&q=RUD+7101314
LINDE,32050323,"32050323 Kugelhahn DN 15 1/2"" IG",0,620.02,0,https://www.google.com/search?tbm=isch&q=LINDE+32050323
SIEMENS,3RK1922-2BA00,Rückwandbusmodul 110mm f. ET 200PRO,5268.9,8955.6,0,https://www.google.com/search?tbm=isch&q=SIEMENS+3RK1922-2BA00
TUCKER,61235065,61235065 Rivet,5261.3,0,0,https://www.google.com/search?tbm=isch&q=TUCKER+61235065
FESTO,535554,CLR-32/40-FS clamping finger,5257.98,0,0,https://www.google.com/search?tbm=isch&q=FESTO+535554
FESTO,578306,NPQH-D-S8-Q6-P10 connector,5241.2,0,0,https://www.google.com/search?tbm=isch&q=FESTO+578306
FESTO,51EF34GCQWNMKBQNUKAPKAS/45PAVU1AJL,valve terminal CPX/VTSA-F Art.Nr. 547965,5240.08,0,0,https://www.google.com/search?tbm=isch&q=FESTO+51EF34GCQWNMKBQNUKAPKAS/45PAVU1AJL
SCHMALZ,10.01.06.00853,SAB 100 NBR-60 G1/4-IG Bellows suction p,5225.84,0,0,https://www.google.com/search?tbm=isch&q=SCHMALZ+10.01.06.00853
FESTO,534770_030-P-A-GF,DFM-63-30-P-A-GF Cylinder,5219.16,0,0,https://www.google.com/search?tbm=isch&q=FESTO+534770_030-P-A-GF
FESTO,23368215,CN_CS.3154042 RIP,5212.4,0,0,https://www.google.com/search?tbm=isch&q=FESTO+23368215
NORELEM,03090-4308,03090-4308 rest bolt,5202.8,0,0,https://www.google.com/search?tbm=isch&q=NORELEM+03090-4308
MBS,29064,ASK 318.3 400/5A 5VA Kl.1 Aufsteck-Strom,5182.32,0,0,https://www.google.com/search?tbm=isch&q=MBS+29064
VARIOUS,T1405013,T1405013 connector,5180.98,0,0,https://www.google.com/search?tbm=isch&q=VARIOUS+T1405013
FESTO,163530,DAMT-V1-100-A pivot pin,5147.56,0,0,https://www.google.com/search?tbm=isch&q=FESTO+163530
SANKYO,17350000,SOBW-35 Standard- Anlaufscheibe,5130.3,0,0,https://www.google.com/search?tbm=isch&q=SANKYO+17350000
SEW EURODRIVE,28125673/25M,28125673/25m Cable,5118.15,0,0,https://www.google.com/search?tbm=isch&q=SEW+EURODRIVE+28125673/25M
WEIDMUELLER,2500890000,2500890000   ENERGY METER 700-PN-230,5103.0,0,0,https://www.google.com/search?tbm=isch&q=WEIDMUELLER+2500890000
FESTO,174387,SNC-080 Swivel flange,5072.29,0,0,https://www.google.com/search?tbm=isch&q=FESTO+174387
VARIOUS,27689,CAB-ETH-X-M05 M12-IP67 GETH-X CAB 5M,5062.0,0,0,https://www.google.com/search?tbm=isch&q=VARIOUS+27689
LEUZE,50135196,MD 708-21-42/D4-12 ethernet switch,5061.94,0,0,https://www.google.com/search?tbm=isch&q=LEUZE+50135196
OBO BETTERMANN,7111428,7111428 RWEB 140 FS,5047.48,0,0,https://www.google.com/search?tbm=isch&q=OBO+BETTERMANN+7111428
CENTERLINE,CLRG-U45-96Z3-ISO16-220753A,CLRG-U45-96Z3-ISO16-220753A Electrode,5044.24,0,0,https://www.google.com/search?tbm=isch&q=CENTERLINE+CLRG-U45-96Z3-ISO16-220753A
GEBERIT,82331,"Reduzierstück  Ø 76,1 x 54,0",0,591.12,0,https://www.google.com/search?tbm=isch&q=GEBERIT+82331
VARIOUS,LC 3G4,LC 3G4 Cable,5021.74,0,0,https://www.google.com/search?tbm=isch&q=VARIOUS+LC+3G4
RITTAL,1554.5,EB JUNCTION BOX 200X300X120,5018.09,0,0,https://www.google.com/search?tbm=isch&q=RITTAL+1554.5
TURCK,4685833,"BIM-UNR-AP6X-0,3-RS4 Magnetfeldsensor",5010.0,0,0,https://www.google.com/search?tbm=isch&q=TURCK+4685833
MURRPLASTIK,87171017,"87171017  146mm*90mm*10mm,KDL 2/10",5004.96,0,0,https://www.google.com/search?tbm=isch&q=MURRPLASTIK+87171017
FESTO,578328,NPQH-D-Q14-E-P10,4999.2,0,0,https://www.google.com/search?tbm=isch&q=FESTO+578328
DESTACO,8BF-853-1-01,8BF-853-1-01,4952.21,0,0,https://www.google.com/search?tbm=isch&q=DESTACO+8BF-853-1-01
SEW EURODRIVE,18124976/3.0,18124976/3.0 Cable,4938.02,0,0,https://www.google.com/search?tbm=isch&q=SEW+EURODRIVE+18124976/3.0
JEAN MUELLER,M000GG63/69,M000gG63/69 Fuses NH000,4938.0,0,0,https://www.google.com/search?tbm=isch&q=JEAN+MUELLER+M000GG63/69
MENZEL,9560020901,INDUTEC ® MS FD 20 Ö 2 M,0,579.15,0,https://www.google.com/search?tbm=isch&q=MENZEL+9560020901
SIEMENS,3RV2021-4PA15,"Leistungsschalter 30-36A,  432A, S0",4914.6,2075.75,0,https://www.google.com/search?tbm=isch&q=SIEMENS+3RV2021-4PA15
FESTO,51EF33GCQPNMKBNMKBT/45P-R-XS-SME-3A-OZO*,valve terminal VTSA-F-FB Art.Nr.547965,4906.15,0,0,https://www.google.com/search?tbm=isch&q=FESTO+51EF33GCQPNMKBNMKBT/45P-R-XS-SME-3A-OZO*
EUCHNER,95894,ESH-PRO-20A-1205 Safety switch,4904.2,0,0,https://www.google.com/search?tbm=isch&q=EUCHNER+95894
RITTAL,4591.7,TS4591.700 Mounting plate,4900.9,0,0,https://www.google.com/search?tbm=isch&q=RITTAL+4591.7
COLSON,4.4109.928 BRK4,4.4109.928 BRK4 Wheel,4848.0,0,0,https://www.google.com/search?tbm=isch&q=COLSON+4.4109.928+BRK4
RITTAL,9342.27,"Anschlussadpater 250A, 690V 3-polig,",4841.81,0,0,https://www.google.com/search?tbm=isch&q=RITTAL+9342.27
SCHMALZ,10.01.01.10691,SAF 100 NBR-60 G1/4-IG Flat suction pad,4837.04,0,0,https://www.google.com/search?tbm=isch&q=SCHMALZ+10.01.01.10691
RITTAL,8802.08,Profil zur Kabeleinführung  für 800mm br,4824.43,0,0,https://www.google.com/search?tbm=isch&q=RITTAL+8802.08
SIEMENS,8WU4420-6AE,8WU4420-6AE Pole lamp,4803.76,0,0,https://www.google.com/search?tbm=isch&q=SIEMENS+8WU4420-6AE
VARIOUS,PTM63X50,PTM63X50,4800.0,0,0,https://www.google.com/search?tbm=isch&q=VARIOUS+PTM63X50
TURCK,6627779,RKC4.4T-40-RSC4.4T/TXL,4788.3,0,0,https://www.google.com/search?tbm=isch&q=TURCK+6627779
SANKYO,SOLP-35X150,SOLP-35X150  FLACHLEISTE,4779.6,0,0,https://www.google.com/search?tbm=isch&q=SANKYO+SOLP-35X150
DESTACO,8JG-392-2-01,8JG-392-2-01 clamp arm,4770.68,0,0,https://www.google.com/search?tbm=isch&q=DESTACO+8JG-392-2-01
SCHMALZ,10.01.01.10689,SAF 60 NBR-60 G1/4-IG flat suction pad,4768.81,0,0,https://www.google.com/search?tbm=isch&q=SCHMALZ+10.01.01.10689
ITEM,0.0.294.46,0.0.294.46 scaper,4766.2,0,0,https://www.google.com/search?tbm=isch&q=ITEM+0.0.294.46
JEAN MUELLER,A-RS183,A-RS183 Protective cover,4763.3,0,0,https://www.google.com/search?tbm=isch&q=JEAN+MUELLER+A-RS183
LAPP,4520085,4520085  H07V-K PK PE 10mm2 pink,4752.0,0,0,https://www.google.com/search?tbm=isch&q=LAPP+4520085
FESTO,537130_025-P-A,ADNGF-63-025-P-A cylinder,4721.76,0,0,https://www.google.com/search?tbm=isch&q=FESTO+537130_025-P-A
MOELLER,207211,Ein-Aus-Schalter 6 pol. 32A,4717.65,0,0,https://www.google.com/search?tbm=isch&q=MOELLER+207211
WOEHNER,32459,32459 transformer,4704.4,0,0,https://www.google.com/search?tbm=isch&q=WOEHNER+32459
RK ROSE&KRIEGER,80404010235,8.04040.1_0235 ø40x4 galv.verz. tube,0,552.96,0,https://www.google.com/search?tbm=isch&q=RK+ROSE&KRIEGER+80404010235
LBF TECHNIK,V0003P05,Segmentbogen NW300 Grad=90°,0,552.96,0,https://www.google.com/search?tbm=isch&q=LBF+TECHNIK+V0003P05
HAZET,6391-50 AND 6402-1,6391-50 and 6402-1 spanner,4695.36,0,0,https://www.google.com/search?tbm=isch&q=HAZET+6391-50+AND+6402-1
PNEUMAX,03OT0608,03OT0608 Connector,4692.66,0,0,https://www.google.com/search?tbm=isch&q=PNEUMAX+03OT0608
FESTO,558788,NPQM-T-Q8-E-P10 connector,4685.56,0,0,https://www.google.com/search?tbm=isch&q=FESTO+558788
FESTO,527663_1/2-D7-RG-E11,MS6-LR-1/2-D7-RG-E11 Druckregelventil,4683.44,0,0,https://www.google.com/search?tbm=isch&q=FESTO+527663_1/2-D7-RG-E11
FESTO,578316,NPQH-D-S14-Q12-P10 Connector,4672.8,0,0,https://www.google.com/search?tbm=isch&q=FESTO+578316
NORELEM,95059_0859525,95059_0859525 Roller,4667.88,0,0,https://www.google.com/search?tbm=isch&q=NORELEM+95059_0859525
PHOENIX,2819969,Transportschutz für Lichtwellenleiter-,4647.25,0,0,https://www.google.com/search?tbm=isch&q=PHOENIX+2819969
VARIOUS,FU-06-01.30-01,FU-06-02.30-01 Lagerklotz,0,546.18,0,https://www.google.com/search?tbm=isch&q=VARIOUS+FU-06-01.30-01
JEAN MUELLER,N5081705,FUSE LINK 10A 690VAC NH000,4642.23,0,0,https://www.google.com/search?tbm=isch&q=JEAN+MUELLER+N5081705
TURCK,6827186,"BL67-B-2M12 Base module 2 x M12, 5 pol.",4640.0,0,0,https://www.google.com/search?tbm=isch&q=TURCK+6827186
SCHNEIDER ELECTRIC,A9N22403,A9N22403 breakers,4631.86,0,0,https://www.google.com/search?tbm=isch&q=SCHNEIDER+ELECTRIC+A9N22403
SMC,Y520B82L,Y520B82L Valve,4627.0,0,0,https://www.google.com/search?tbm=isch&q=SMC+Y520B82L
TUCKER,61250013,61250013 Sensor,4626.45,0,0,https://www.google.com/search?tbm=isch&q=TUCKER+61250013
COLSON,4.08199.929 BRK1,4.08199.929 BRK1 caster wheel,4620.0,0,0,https://www.google.com/search?tbm=isch&q=COLSON+4.08199.929+BRK1
THK,HSR45B2SS-420L_G52-5_0_B-PT18_0_139,HSR45B2SS-420L_G52-5_0_B-PT18_0_139,4619.48,0,0,https://www.google.com/search?tbm=isch&q=THK+HSR45B2SS-420L_G52-5_0_B-PT18_0_139
ITEM,0.0.420.12,0.0.420.12 Bockrolle D75,4614.8,0,0,https://www.google.com/search?tbm=isch&q=ITEM+0.0.420.12
SICK,1040731,IME12-02BPSZC0K,4608.96,0,0,https://www.google.com/search?tbm=isch&q=SICK+1040731
VARIOUS,VP-15,VP-15 Base,4601.77,0,0,https://www.google.com/search?tbm=isch&q=VARIOUS+VP-15
SKF,22224E,22224 E bearing,4560.0,0,0,https://www.google.com/search?tbm=isch&q=SKF+22224E
OBO BETTERMANN,7111304,7111304 RWEB 130 FS,4557.93,0,0,https://www.google.com/search?tbm=isch&q=OBO+BETTERMANN+7111304
ESCHA,8109317,AL-SWKP3P2-0.6-AL-WAS3/S740/S7 Connector,4550.0,0,0,https://www.google.com/search?tbm=isch&q=ESCHA+8109317
FESTO,554408,HAB-1/4+HGL-1/4 check valve,4545.36,0,0,https://www.google.com/search?tbm=isch&q=FESTO+554408
FESTO,174386,SNC-063 Swivel flange,4535.96,0,0,https://www.google.com/search?tbm=isch&q=FESTO+174386
SANKYO,120004051,VDI-033 Führungsbuchse,4524.0,0,0,https://www.google.com/search?tbm=isch&q=SANKYO+120004051
SEW EURODRIVE,18204155,Braking resistor,4508.0,0,0,https://www.google.com/search?tbm=isch&q=SEW+EURODRIVE+18204155
HILTI,206506,TE-YX 16/35 Hammer Driller,4507.9,0,0,https://www.google.com/search?tbm=isch&q=HILTI+206506
SCHMALZ,10.01.02.01056,FSTE-HD G1-4 AG  Connecting rods,4500.0,0,0,https://www.google.com/search?tbm=isch&q=SCHMALZ+10.01.02.01056
TURCK,8004188,8004188,4500.0,0,0,https://www.google.com/search?tbm=isch&q=TURCK+8004188
RITTAL,8285.5,Cabinet TS 1200x1800x500 RAL 7035,4490.66,0,0,https://www.google.com/search?tbm=isch&q=RITTAL+8285.5
SANKYO,11025258,SOB 25-35-25 bush,4485.0,0,0,https://www.google.com/search?tbm=isch&q=SANKYO+11025258
ESCHA,8055431,"Drehmomentschlüssel-Set M8x1, M12x1",4467.0,0,0,https://www.google.com/search?tbm=isch&q=ESCHA+8055431
JEAN MUELLER,N5012605,M000GL25 NH000 25A/500V,4466.42,0,0,https://www.google.com/search?tbm=isch&q=JEAN+MUELLER+N5012605
RK ROSE&KRIEGER,13120300020,FS 12-2 Fußklemmstück,0,525.0,0,https://www.google.com/search?tbm=isch&q=RK+ROSE&KRIEGER+13120300020
SIEMENS,3UG4512-2BR20,Analog Überwachungsrelais,4461.35,57.43,0,https://www.google.com/search?tbm=isch&q=SIEMENS+3UG4512-2BR20
PNEUMAX,23OT1000,23OT1000 Connector,4438.09,0,0,https://www.google.com/search?tbm=isch&q=PNEUMAX+23OT1000
CAPTRON,CHT9-Y86DZS-305/TG-SR/CP94/CP95,capacitive sensor button incl. housing,4422.0,0,0,https://www.google.com/search?tbm=isch&q=CAPTRON+CHT9-Y86DZS-305/TG-SR/CP94/CP95
VARIOUS,EGT213,EGT_213 pin,4417.1,0,0,https://www.google.com/search?tbm=isch&q=VARIOUS+EGT213
FESTO,51EF33GCQPNMKBNMKBT/45P-R-XS-SME-2B-OZO*,valve terminal VTSA-F-FB Art.Nr.547965,4416.73,0,0,https://www.google.com/search?tbm=isch&q=FESTO+51EF33GCQPNMKBNMKBT/45P-R-XS-SME-2B-OZO*
SENSOPART,526-51525,LO C 35 Objektiv C-Mount 35mm,0,519.42,0,https://www.google.com/search?tbm=isch&q=SENSOPART+526-51525
DESTACO,82L-4E230025B7,82L-4E230025B7 lightweight clamp,4399.16,0,0,https://www.google.com/search?tbm=isch&q=DESTACO+82L-4E230025B7
SANKYO,11008080,SOB 08-12-08 standard bush,4377.6,0,0,https://www.google.com/search?tbm=isch&q=SANKYO+11008080
LAPP,52026022,Rundkabelkeilklemme RKK 06,4372.2,0,0,https://www.google.com/search?tbm=isch&q=LAPP+52026022
LAPP,52026024,Rundkabelkeilklemmen RKK 02,4372.2,0,0,https://www.google.com/search?tbm=isch&q=LAPP+52026024
LENZE,QEV111ACZJJN,Encoderleitung Servoumrichter 25m,4336.92,0,0,https://www.google.com/search?tbm=isch&q=LENZE+QEV111ACZJJN
YANGZHOU RUIJIE HYDRAULIC TECHNOLOGY,RST0822,RST0822,4330.0,0,0,https://www.google.com/search?tbm=isch&q=YANGZHOU+RUIJIE+HYDRAULIC+TECHNOLOGY+RST0822
VARIOUS,T2105016,T2105016 connector,4323.92,0,0,https://www.google.com/search?tbm=isch&q=VARIOUS+T2105016
ETON,40.1.040160.10.02-2650-05-XX,40.1.040160.10.02-2650-05-XX Profile,4320.0,0,0,https://www.google.com/search?tbm=isch&q=ETON+40.1.040160.10.02-2650-05-XX
BOSCH REXROTH,R901343196,R901343196 OEL-WASSERKUEHLER CBH16-13H,0,508.19,0,https://www.google.com/search?tbm=isch&q=BOSCH+REXROTH+R901343196
TÜNKERS,V 80.1 A41AM T12T,V 80.1 A41AM T12T   Cylinder,4307.39,0,0,https://www.google.com/search?tbm=isch&q=TÜNKERS+V+80.1+A41AM+T12T
SIEMENS,3RK1903-3AD00,Terminalmodul TM-FRS130-S32-01,4302.52,0,0,https://www.google.com/search?tbm=isch&q=SIEMENS+3RK1903-3AD00
THK,HSR35A2QZSS-600L-II,HSR35A2QZSS-600L-II,4300.88,0,0,https://www.google.com/search?tbm=isch&q=THK+HSR35A2QZSS-600L-II
RITTAL,9340.04,SV9340.040 Busbar support 2-pole,4300.65,0,0,https://www.google.com/search?tbm=isch&q=RITTAL+9340.04
ESCHA,8046648,BV6_AL-WAK5-3-AL-WAS5/S370 länge 3m,4300.0,0,0,https://www.google.com/search?tbm=isch&q=ESCHA+8046648
VARIOUS,3C582158B3,3C582-15-8B-3,4293.75,0,0,https://www.google.com/search?tbm=isch&q=VARIOUS+3C582158B3
FESTO,525467,PAN-V0-08x1-BL plastic tube,4292.5,0,0,https://www.google.com/search?tbm=isch&q=FESTO+525467
FESTO,160551,PAN-V0-08X1-SW Kunstoffschlauch,4292.5,0,0,https://www.google.com/search?tbm=isch&q=FESTO+160551
RITTAL,9341.12,SV9341.120 Base tray(L  900mm),4291.31,0,0,https://www.google.com/search?tbm=isch&q=RITTAL+9341.12
MOELLER,294359,PL10-C10,4278.68,0,0,https://www.google.com/search?tbm=isch&q=MOELLER+294359
VARIOUS,T0402515,DN25-DN15 connector,4276.92,0,0,https://www.google.com/search?tbm=isch&q=VARIOUS+T0402515
TURCK,6628407,RKC4.4T-35-RSC4.4T/TXL,4269.6,0,0,https://www.google.com/search?tbm=isch&q=TURCK+6628407
VARIOUS,8-M8,NUTENSTEIN 8-M8-STECKBAR,4261.3,0,0,https://www.google.com/search?tbm=isch&q=VARIOUS+8-M8
JEAN MUELLER,D8003524,D8003524 P02/50,4244.67,0,0,https://www.google.com/search?tbm=isch&q=JEAN+MUELLER+D8003524
TURCK,6945004,MW-18 Befestigungswinkel V2A,4244.0,0,0,https://www.google.com/search?tbm=isch&q=TURCK+6945004
SCHNEIDER ELECTRIC,A9N22424,C65N-DC 2P 10A Breaker,4231.24,0,0,https://www.google.com/search?tbm=isch&q=SCHNEIDER+ELECTRIC+A9N22424
ATLAS COPCO,1011207,1011207  camshaft,4226.0,0,0,https://www.google.com/search?tbm=isch&q=ATLAS+COPCO+1011207
PEPPERL&FUCHS,263916,"Verbindungskabel, M12 auf M12, PUR-Kabel",4204.2,0,0,https://www.google.com/search?tbm=isch&q=PEPPERL&FUCHS+263916
LUMBERG,RS 50-6677/15M,power cable gray 5-core 7/8 mg-bulk 15M,4194.0,0,0,https://www.google.com/search?tbm=isch&q=LUMBERG+RS+50-6677/15M
FESTO,578293,NPQH-L-G12-Q14-P10 push-in fitting,4185.51,0,1,https://www.google.com/search?tbm=isch&q=FESTO+578293
SANKYO,11008150,SOB 08-12-15 bush,4171.0,0,0,https://www.google.com/search?tbm=isch&q=SANKYO+11008150
LENZE,QEV111ACZJKW,Motorleitung f. Frequenzumrichter 35m,4162.52,0,0,https://www.google.com/search?tbm=isch&q=LENZE+QEV111ACZJKW
RITTAL,8800.71,"bisagra 180°, RAL 7035 para dinámico",4161.2,0,0,https://www.google.com/search?tbm=isch&q=RITTAL+8800.71
FESTO,162582,LR-1/8-D-7-MINI Druckregelventil,4150.3,0,0,https://www.google.com/search?tbm=isch&q=FESTO+162582
SKF,PWTR 45100.2RS,STUETZROLLE PWTR 45100.2RS,4140.0,15756.0,0,https://www.google.com/search?tbm=isch&q=SKF+PWTR+45100.2RS
VARIOUS,96689850000,NUKRE72-A Bearing,4134.48,0,0,https://www.google.com/search?tbm=isch&q=VARIOUS+96689850000
LAPP,3912015,3912015 60227IEC02(RV),4125.5,0,0,https://www.google.com/search?tbm=isch&q=LAPP+3912015
RITTAL,9340.11,"SV9340.110 BASE TREAY, 700mm",4105.02,0,0,https://www.google.com/search?tbm=isch&q=RITTAL+9340.11
COLSON,SB-6508-948,SB-6508-948 WHEEL,4088.0,0,0,https://www.google.com/search?tbm=isch&q=COLSON+SB-6508-948
APS,84080_L=6020MM,8-4080 L=6020mm aluminium profile,4083.88,0,0,https://www.google.com/search?tbm=isch&q=APS+84080_L=6020MM
EATON,158245,PKE32/AK 158245,4080.54,0,0,https://www.google.com/search?tbm=isch&q=EATON+158245
LENZE,QEV111ACZJFE,Anschlußleitung für Servo-Motor 15m,4058.71,0,0,https://www.google.com/search?tbm=isch&q=LENZE+QEV111ACZJFE
HILTI,293217,TE-YX 25/52 hammer driller,4056.58,0,0,https://www.google.com/search?tbm=isch&q=HILTI+293217
LUMBERG,RSC 50/9,"RSC 50/9 24V Connector, 5core, 7/8",4052.8,0,0,https://www.google.com/search?tbm=isch&q=LUMBERG+RSC+50/9
FESTO,4516324,HGL-1/4-B-CS Non-return valve,4051.04,0,0,https://www.google.com/search?tbm=isch&q=FESTO+4516324
VARIOUS,SC-6508-948,SC-6508-948 Wheel Keshun,4050.0,0,0,https://www.google.com/search?tbm=isch&q=VARIOUS+SC-6508-948
LENZE,13560529,EZAMBHXM018/M SCREEN-PLATE,4043.76,0,0,https://www.google.com/search?tbm=isch&q=LENZE+13560529
RITTAL,3571.005,SV Laminated copper busbar 5x24mm (5x24x,4024.58,0,0,https://www.google.com/search?tbm=isch&q=RITTAL+3571.005
THK,HSR30A2QZSS-660L_G10-II,HSR30A2QZSS-660L_G10-II,4014.16,0,0,https://www.google.com/search?tbm=isch&q=THK+HSR30A2QZSS-660L_G10-II
LAPP,26283,ÖLFLEX® FD CLASSIC 810 CY 4G6,4003.0,0,0,https://www.google.com/search?tbm=isch&q=LAPP+26283
LENZE,QEV111ACSJDV_,ERBR047R800W BRAKE RESISTOR,4001.36,0,0,https://www.google.com/search?tbm=isch&q=LENZE+QEV111ACSJDV_
VARIOUS,DC80VA90S00,DC80VA90S00,4000.0,0,0,https://www.google.com/search?tbm=isch&q=VARIOUS+DC80VA90S00
VARIOUS,DC80HA40S12,DC80HA40S12 Cylinder,4000.0,0,0,https://www.google.com/search?tbm=isch&q=VARIOUS+DC80HA40S12
LAPP,35812,0035812 data cable with copper blinding,3995.0,0,0,https://www.google.com/search?tbm=isch&q=LAPP+35812
BOSCH,1618598159,Bosch GBH Max Bohrhalter,3991.42,0,0,https://www.google.com/search?tbm=isch&q=BOSCH+1618598159
PIAB,OBF40X80M14,OBF40X80M14,3982.1,0,0,https://www.google.com/search?tbm=isch&q=PIAB+OBF40X80M14
LENZE,QEV111ACZJTC,"Motorleitung 60m  Querschn. 2,5 mm²",3981.86,0,0,https://www.google.com/search?tbm=isch&q=LENZE+QEV111ACZJTC
WEIDMUELLER,1099580000,"Montagefuß, FreeCon",3969.0,356.9,0,https://www.google.com/search?tbm=isch&q=WEIDMUELLER+1099580000
ESCHA,8094234,AL-SKP3-1-AL-WAS3/S740/S77 Cable,3960.0,0,0,https://www.google.com/search?tbm=isch&q=ESCHA+8094234
FESTO,13571,"CRSG-M16x1,5 Gelenkkopf",3954.15,0,0,https://www.google.com/search?tbm=isch&q=FESTO+13571
SCHNEIDER ELECTRIC,XB2BS542C,XB2BS542C,3946.92,0,0,https://www.google.com/search?tbm=isch&q=SCHNEIDER+ELECTRIC+XB2BS542C
SEW EURODRIVE,18125794/15M,18125794/15m Motor cable,3935.36,0,0,https://www.google.com/search?tbm=isch&q=SEW+EURODRIVE+18125794/15M
SCHMALZ,10.01.01.12249,SAOG-S 95x40 NBR-60 G1/4-IG,3920.0,0,0,https://www.google.com/search?tbm=isch&q=SCHMALZ+10.01.01.12249
VIDEOR,220198,"Netzwerk Video Rekorder, IER-28R040005A",0,460.38,0,https://www.google.com/search?tbm=isch&q=VIDEOR+220198
VARIOUS,30094,PDR015 Insulated P tube bundle DN20,3912.65,0,0,https://www.google.com/search?tbm=isch&q=VARIOUS+30094
SCHUNK,301034,MMSK 22-S-PNP electr. magnetic switch,3912.0,0,0,https://www.google.com/search?tbm=isch&q=SCHUNK+301034
PARKER,3C482158B,3C482-15-8B Push-Lok Armatur,3911.88,0,0,https://www.google.com/search?tbm=isch&q=PARKER+3C482158B
THIELMANN,300592,Push-Pull RJ45 auf M12 Stecker male,0,459.04,0,https://www.google.com/search?tbm=isch&q=THIELMANN+300592
TURCK,RKM52-20M/WXS2204,RKM52-20M/WXS2204 Cable,3895.0,0,0,https://www.google.com/search?tbm=isch&q=TURCK+RKM52-20M/WXS2204
CAMOZZI,65228-3/8,6522 8-3/8 connector,3888.0,0,0,https://www.google.com/search?tbm=isch&q=CAMOZZI+65228-3/8
FESTO,161115,NAS-1/8-02-VDMA base plate,3886.84,0,0,https://www.google.com/search?tbm=isch&q=FESTO+161115
RITTAL,2540.5,cam locks E1 for AE,3885.12,0,0,https://www.google.com/search?tbm=isch&q=RITTAL+2540.5
LUMBERG,RS 50-HF5G1.5/25M,RS 50-HF5G1.5/25M power cable,3881.5,0,0,https://www.google.com/search?tbm=isch&q=LUMBERG+RS+50-HF5G1.5/25M
SENSOPART,533-01015,"LOF-BP-R635-30,5x0,5 Rotfilter",0,456.64,0,https://www.google.com/search?tbm=isch&q=SENSOPART+533-01015
RK ROSE&KRIEGER,80181513000,"8.01815.1 L=3000mm Rohr ø18x1,5mm verz.",0,455.81,0,https://www.google.com/search?tbm=isch&q=RK+ROSE&KRIEGER+80181513000
LUMBERG,RST4-RKT4-9029/7.5M,RST4-RKT4-9029/7.5M CABLE,3871.5,0,0,https://www.google.com/search?tbm=isch&q=LUMBERG+RST4-RKT4-9029/7.5M
TÜNKERS,V2 63.1 Z A40 T12 45-105°,V2 63.1 Z A40 T12 45-105° Cylinder,3867.56,0,0,https://www.google.com/search?tbm=isch&q=TÜNKERS+V2+63.1+Z+A40+T12+45-105°
FESTO,558769,NPQM-D-Q6-S10-P10 connector,3860.0,0,0,https://www.google.com/search?tbm=isch&q=FESTO+558769
TURCK,6630938,RKC4.5T-5-RSC4.5T/TXY3013,3859.0,0,0,https://www.google.com/search?tbm=isch&q=TURCK+6630938
SMC,CNA2T63TF-175-D-XC35,CNA2T63TF-175-D-XC35 Spannzylinder,3852.0,0,0,https://www.google.com/search?tbm=isch&q=SMC+CNA2T63TF-175-D-XC35
KUNSHAN SVLEC ELECTRIC,940061,T-connector 940061,3823.0,0,0,https://www.google.com/search?tbm=isch&q=KUNSHAN+SVLEC+ELECTRIC+940061
OBO BETTERMANN,7111096,7111096 RWEB 110 FS,3820.45,0,0,https://www.google.com/search?tbm=isch&q=OBO+BETTERMANN+7111096
TURCK,RKM52-25M/WXS2204,RKM52-25M/WXS2204 Cable,3800.0,0,0,https://www.google.com/search?tbm=isch&q=TURCK+RKM52-25M/WXS2204
PEPPERL&FUCHS,86787,"NBB1,5-8GM30-E2-C-V1 proximity switch",3789.0,0,0,https://www.google.com/search?tbm=isch&q=PEPPERL&FUCHS+86787
DESTACO,82M-3E03HS63L8,82M-3E03HS63L8 Power clamp,3785.76,0,0,https://www.google.com/search?tbm=isch&q=DESTACO+82M-3E03HS63L8
SANKYO,118025030,SOBF-25x35x30 bush with collar,3780.0,0,0,https://www.google.com/search?tbm=isch&q=SANKYO+118025030
SEW EURODRIVE,01992023/12M,01992023/12m cable,3773.46,0,0,https://www.google.com/search?tbm=isch&q=SEW+EURODRIVE+01992023/12M
SCHNEIDER ELECTRIC,A9D91610,A9D91610 breakers,3764.16,0,0,https://www.google.com/search?tbm=isch&q=SCHNEIDER+ELECTRIC+A9D91610
EATON,280926,P5-160/EA/SVB-SW/HI10 Switch,3762.0,0,0,https://www.google.com/search?tbm=isch&q=EATON+280926
EISELE,AJPL 6-G01-FY,AJPL 6-G01-FY Connetor,3762.0,0,0,https://www.google.com/search?tbm=isch&q=EISELE+AJPL+6-G01-FY
OBO BETTERMANN,7111207,7111207 RWEB 120 FS,3761.8,0,0,https://www.google.com/search?tbm=isch&q=OBO+BETTERMANN+7111207
VARIOUS,805205015,805205015 Xingweilian,3761.06,0,0,https://www.google.com/search?tbm=isch&q=VARIOUS+805205015
SEW EURODRIVE,R27DRS71M4BE1HR/ASE4/TF,R27DRS71M4BE1HR/ASE4/TF Motor,3757.52,0,0,https://www.google.com/search?tbm=isch&q=SEW+EURODRIVE+R27DRS71M4BE1HR/ASE4/TF
JEAN MUELLER,N2015205,NH2 200A/500V,3746.52,0,0,https://www.google.com/search?tbm=isch&q=JEAN+MUELLER+N2015205
GSEE,SRJ45S EIZ4-45M/F21/LG,SRJ45S EIZ4-45M/F21/LG Profinet,3731.8,0,0,https://www.google.com/search?tbm=isch&q=GSEE+SRJ45S+EIZ4-45M/F21/LG
NORELEM,95016-11080321,95016-11080321 fixed castor,3731.12,0,0,https://www.google.com/search?tbm=isch&q=NORELEM+95016-11080321
TÜNKERS,MK_63.1_A42_T12_90°,MK_63.1_A42_T12_90° cylinder,3724.0,0,0,https://www.google.com/search?tbm=isch&q=TÜNKERS+MK_63.1_A42_T12_90°
VARIOUS,50*245*305,50*245*305 roller,3724.0,0,0,https://www.google.com/search?tbm=isch&q=VARIOUS+50*245*305
TÜNKERS,MK2 50.1 A10 T12 105°,MK2 50.1 A10 T12 105° clamp,3724.0,0,0,https://www.google.com/search?tbm=isch&q=TÜNKERS+MK2+50.1+A10+T12+105°
MARVTECH,10122373,EWAF4-1-EAM4/C01/HBK Cable,3717.0,0,0,https://www.google.com/search?tbm=isch&q=MARVTECH+10122373
ENIDINE,MF22192,OEMXT 1.5M X 3 xtreme shock absorber,3711.51,0,0,https://www.google.com/search?tbm=isch&q=ENIDINE+MF22192
FESTO,5755,VZ-3-PK-3 Time delay valve,3700.4,0,0,https://www.google.com/search?tbm=isch&q=FESTO+5755
ITEM,0.0.388.63,0.0.388.63 Direktverbindungssatz 8,3657.01,0,0,https://www.google.com/search?tbm=isch&q=ITEM+0.0.388.63
ITEM,"0.0.026.04, 5200MM",0.0.026.04_L=5200mm profile,3637.94,0,0,"https://www.google.com/search?tbm=isch&q=ITEM+0.0.026.04,+5200MM"
TURCK,6625741,RKC4.4T-30-RSC4.4T/TXL,3637.8,0,0,https://www.google.com/search?tbm=isch&q=TURCK+6625741
SCHMALZ,10.07.06.00174,HTS-A3 SP G17 G5 holder,3637.12,0,0,https://www.google.com/search?tbm=isch&q=SCHMALZ+10.07.06.00174
TURCK,6914950,T piece for power,3630.0,0,0,https://www.google.com/search?tbm=isch&q=TURCK+6914950
FESTO,156643,ADVU-050-060-A-P-A cylinder,3629.12,0,0,https://www.google.com/search?tbm=isch&q=FESTO+156643
MISUMI,B6210ZZ,B6210ZZ Bearing,3628.8,0,0,https://www.google.com/search?tbm=isch&q=MISUMI+B6210ZZ
THK,CSR20SSS-110-110LP-B-M6F1,CSR20SSS-110-110LP-B-M6F1 Gail,3628.32,0,0,https://www.google.com/search?tbm=isch&q=THK+CSR20SSS-110-110LP-B-M6F1
SICK,2079316,DOL-1208G10MD25KM1 cable,3622.5,0,0,https://www.google.com/search?tbm=isch&q=SICK+2079316
LUMBERG,PNM2TPE22JT450M,PNM2TPE22JT450M Cable,3619.5,0,0,https://www.google.com/search?tbm=isch&q=LUMBERG+PNM2TPE22JT450M
FESTO,162584,LR-3/8-D-7-MINI pressure regulator,3614.16,0,0,https://www.google.com/search?tbm=isch&q=FESTO+162584
MINK,STL2074-K406,STL2074-K406 Standard brush,3600.0,0,0,https://www.google.com/search?tbm=isch&q=MINK+STL2074-K406
LENZE,13536254,13536254  SYSTEM-I/O 1000 EPM-S202.2A DC,3584.0,0,0,https://www.google.com/search?tbm=isch&q=LENZE+13536254
KERBKONUS,308 200 060.110,308 200 060.110 M06 Ensat-SBI,0,420.4,0,https://www.google.com/search?tbm=isch&q=KERBKONUS+308+200+060.110
shanggong,GB/T6135.3_7.8MM,twist drill GB/T6135.3_7.8mm,3573.09,0,0,https://www.google.com/search?tbm=isch&q=shanggong+GB/T6135.3_7.8MM
FESTO,153039,QS-10-8 Push-in connector,3572.58,0,0,https://www.google.com/search?tbm=isch&q=FESTO+153039
LAPP,1119755,"Steuerleitung 5x0,5mm²",3571.0,0,0,https://www.google.com/search?tbm=isch&q=LAPP+1119755
SMC,MGPL40-200Z-XC35,MGPL40-200Z-XC35 cylinder,3570.0,0,0,https://www.google.com/search?tbm=isch&q=SMC+MGPL40-200Z-XC35
ACE,MA225M,MA 225 M shock absorber,3560.0,0,0,https://www.google.com/search?tbm=isch&q=ACE+MA225M
ATLAS COPCO,1003004,1003004 A compact cylinder,3551.0,0,0,https://www.google.com/search?tbm=isch&q=ATLAS+COPCO+1003004
FESTO,31759,ZNG-100 Schwenkzapfen,3550.32,0,0,https://www.google.com/search?tbm=isch&q=FESTO+31759
ESCHA,AL-WAK4-7.5-AL-WAS4/S7400,AL-WAK4-7.5-AL-WAS4/S7400 Cable,3550.0,0,0,https://www.google.com/search?tbm=isch&q=ESCHA+AL-WAK4-7.5-AL-WAS4/S7400
RITTAL,1550.5,"EB E-BOX, 200x400x120",3543.68,0,0,https://www.google.com/search?tbm=isch&q=RITTAL+1550.5
SCHMALZ,10.01.03.00302,HTR-UNI 2N X3 holder,3542.7,0,0,https://www.google.com/search?tbm=isch&q=SCHMALZ+10.01.03.00302
VARIOUS,EGT005_N326N,EGT_005 / L=N326N AL-Profil-40,3536.27,0,0,https://www.google.com/search?tbm=isch&q=VARIOUS+EGT005_N326N
EUCHNER,92898,18-pin + PE Female connector 10m cable,3535.44,0,0,https://www.google.com/search?tbm=isch&q=EUCHNER+92898
SIEMENS,3RT6926-1ER00,3RT6926-1ER00 Suppressor,3534.3,0,0,https://www.google.com/search?tbm=isch&q=SIEMENS+3RT6926-1ER00
SANKYO,11016200,SOB 16-22-20 bush,3528.16,0,0,https://www.google.com/search?tbm=isch&q=SANKYO+11016200
TÜNKERS,5666445,AP4001-4020 Zwischenplattenpaket,3522.72,0,0,https://www.google.com/search?tbm=isch&q=TÜNKERS+5666445
FESTO,159502,LRP-1/4-10 Precision pressure regulator,3521.48,0,0,https://www.google.com/search?tbm=isch&q=FESTO+159502
RK ROSE&KRIEGER,80302010140,8.03020.1 L=0140mm Rohr ø30x2mm verz.,0,413.92,0,https://www.google.com/search?tbm=isch&q=RK+ROSE&KRIEGER+80302010140
RITTAL,3301.612,Kondensatschlauch Ø12mm,3518.04,0,0,https://www.google.com/search?tbm=isch&q=RITTAL+3301.612
DESTACO,82M-3E03H040L8-2AM15-90(R),82M-3E03H040L8-2AM15-90(R),3510.0,0,0,https://www.google.com/search?tbm=isch&q=DESTACO+82M-3E03H040L8-2AM15-90(R)
HELUKABEL,16306,Abgeschirmtes Kabel 4x6qmm,3507.0,0,0,https://www.google.com/search?tbm=isch&q=HELUKABEL+16306
VARIOUS,RSRK 50-HF5G1.5/15M,Double-ended prefabricated cable 15M,3504.8,0,0,https://www.google.com/search?tbm=isch&q=VARIOUS+RSRK+50-HF5G1.5/15M
LUMBERG,DM2-8XM2-6607/40M,cable green 8 core shielded 40M,3495.6,0,0,https://www.google.com/search?tbm=isch&q=LUMBERG+DM2-8XM2-6607/40M
OBO BETTERMANN,6052150,DRL 150 FS Cover with turn buckle,3483.66,0,0,https://www.google.com/search?tbm=isch&q=OBO+BETTERMANN+6052150
IGUS,1640262000_L=1287,1640.26.200.0 L=1287 E-kette 9 Glieder,3483.44,0,0,https://www.google.com/search?tbm=isch&q=IGUS+1640262000_L=1287
BLICKLE,927683,BH-ALEV 150K-FS,3477.0,640.1,0,https://www.google.com/search?tbm=isch&q=BLICKLE+927683
MURRPLASTIK,87171218,"Kabeldurchführungstüllen Ø6-7mm, schwarz",3466.4,0,0,https://www.google.com/search?tbm=isch&q=MURRPLASTIK+87171218
TURCK,6634752,RKC4.5T-35-RSC4.5T/TXY3013,3463.0,0,0,https://www.google.com/search?tbm=isch&q=TURCK+6634752
ITEM,"0.0.614.59, 3020 MM",0.0.614.59 L=3020mm,3459.01,0,0,"https://www.google.com/search?tbm=isch&q=ITEM+0.0.614.59,+3020+MM"
SENSOPART,527-51132,"C-Mount Übergehäuse V10/V20, IP65,",3456.4,223.76,0,https://www.google.com/search?tbm=isch&q=SENSOPART+527-51132
DESTACO,56H40-205D800A,56H40-205D800A Cylinder,3434.06,0,0,https://www.google.com/search?tbm=isch&q=DESTACO+56H40-205D800A
NORELEM,"08910-A25,00X20","DIN172_08910_A25,00x20 Bundbohrbuchse",3433.91,0,0,"https://www.google.com/search?tbm=isch&q=NORELEM+08910-A25,00X20"
BOSCH,1600A01922,1600A01922  18V/4.0Ah Battery,3432.0,0,0,https://www.google.com/search?tbm=isch&q=BOSCH+1600A01922
ITEM,"0.0.026.04, 4900MM",0.0.026.04_L=4900mm profile,3428.06,0,0,"https://www.google.com/search?tbm=isch&q=ITEM+0.0.026.04,+4900MM"
WERMA,975.849.90,975 849 90 foot individually,3423.6,0,0,https://www.google.com/search?tbm=isch&q=WERMA+975.849.90
DESTACO,82M-4E030050L8-A90-90,82M-4E030050L8-A90-90 Clamp,3420.0,0,0,https://www.google.com/search?tbm=isch&q=DESTACO+82M-4E030050L8-A90-90
PHOENIX,2788977,"Entstoerfilter AC230V, 10A, Hu",3417.8,0,0,https://www.google.com/search?tbm=isch&q=PHOENIX+2788977
BORRIES,2733810194C,2733810194C Stößel,0,401.07,0,https://www.google.com/search?tbm=isch&q=BORRIES+2733810194C
ATLAS COPCO,1014384,1014384 Sensor,3406.0,0,0,https://www.google.com/search?tbm=isch&q=ATLAS+COPCO+1014384
SANKYO,11010108,SOB 10-14-10 bush,3348.0,0,0,https://www.google.com/search?tbm=isch&q=SANKYO+11010108
SANKYO,118060040,SOBF-60x75x40 bush with collar,3345.6,0,0,https://www.google.com/search?tbm=isch&q=SANKYO+118060040
FESTO,547888,NEBV-M12G8-KD-3-M12G4 Y-Kabel,3341.26,0,0,https://www.google.com/search?tbm=isch&q=FESTO+547888
KEN,6816N,electric  driller_J1Z-SH01-16B,3333.39,0,0,https://www.google.com/search?tbm=isch&q=KEN+6816N
RK ROSE&KRIEGER,80404010200,8.04040.1_0200 ø40x4 galv.verzinkt Rohr,0,391.62,0,https://www.google.com/search?tbm=isch&q=RK+ROSE&KRIEGER+80404010200
FESTO,558670,NPQM-D-G38-Q12-P10 connector,3327.81,0,0,https://www.google.com/search?tbm=isch&q=FESTO+558670
HILTI,2164509,HVU2 M20x170 adhesive anchor capsule,3322.8,0,0,https://www.google.com/search?tbm=isch&q=HILTI+2164509
HELUKABEL,26826,Einzelader 10qmm gr/ge auf Trommel,3320.0,0,0,https://www.google.com/search?tbm=isch&q=HELUKABEL+26826
ITEM,"0.0.026.04, 4720MM",0.0.026.04_L=4720mm profile,3302.12,0,0,"https://www.google.com/search?tbm=isch&q=ITEM+0.0.026.04,+4720MM"
MOELLER,72567,SV cabinet main break on the front panel,3301.84,0,0,https://www.google.com/search?tbm=isch&q=MOELLER+72567
SENSOPART,902-51843,"Ethernetkabel, 30 m, M12, gerade, 4-poli",3300.94,0,0,https://www.google.com/search?tbm=isch&q=SENSOPART+902-51843
TURCK,6904604,B8151-0/9 Connector,3300.0,0,0,https://www.google.com/search?tbm=isch&q=TURCK+6904604
JEAN MUELLER,D8002225,P01/16 Neozed special adapter,3300.0,0,1,https://www.google.com/search?tbm=isch&q=JEAN+MUELLER+D8002225
RITTAL,9340.12,SV9340.120 Base tray(L  900mm),3282.69,0,0,https://www.google.com/search?tbm=isch&q=RITTAL+9340.12
SCHNEIDER ELECTRIC,A9F18240,A9F18240 breaker,3259.2,0,0,https://www.google.com/search?tbm=isch&q=SCHNEIDER+ELECTRIC+A9F18240
ESCHA,8045583,AL-WWAK5P3-5-AL-WAS5/S370 CABLE,3250.0,0,0,https://www.google.com/search?tbm=isch&q=ESCHA+8045583
JEAN MUELLER,N2015605,NH2 250A/500V,3249.6,0,0,https://www.google.com/search?tbm=isch&q=JEAN+MUELLER+N2015605
FESTO,8001206,SPAU-P10R-T-R18M-L-PNLK-PNVBA-M12D,3246.24,0,0,https://www.google.com/search?tbm=isch&q=FESTO+8001206
SCHMALZ,10.01.02.01427,FSTE-HDB G1/4-AG 25 VG-AB,3240.0,0,0,https://www.google.com/search?tbm=isch&q=SCHMALZ+10.01.02.01427
NORELEM,02010-08,02010-08_16x05 stop bolt DIN6321,3230.88,0,0,https://www.google.com/search?tbm=isch&q=NORELEM+02010-08
MISUMI,JBNM25-25,JBNM25-25 bush,3227.62,0,0,https://www.google.com/search?tbm=isch&q=MISUMI+JBNM25-25
THK,SHS30C2SS+600L G=20,SHS30C2SS+600L G=20 Gail,3221.24,0,0,https://www.google.com/search?tbm=isch&q=THK+SHS30C2SS+600L+G=20
PNEUMAX,10714,10714 Connector,3218.67,0,0,https://www.google.com/search?tbm=isch&q=PNEUMAX+10714
COLSON,4.05109.939,4.05109.939 Wheel,3210.0,0,0,https://www.google.com/search?tbm=isch&q=COLSON+4.05109.939
FESTO,160552,"PAN-V0-10X1,25-SW Plastic tubing",3210.0,0,0,https://www.google.com/search?tbm=isch&q=FESTO+160552
LAPP,83011360400,"ÖLFLEX® SERVO FD PSLC11Y 4 G 2,5",3205.0,0,0,https://www.google.com/search?tbm=isch&q=LAPP+83011360400
ATLAS COPCO,1034957,1034957  Rotary escapement plate,3204.0,0,0,https://www.google.com/search?tbm=isch&q=ATLAS+COPCO+1034957
SICK,1113242,C4C-SC07530A10000 750mm Transmitter,3201.66,0,0,https://www.google.com/search?tbm=isch&q=SICK+1113242
FESTO,558662,NPQM-D-G18-Q6-P10 Steckverschraubung,3195.9,0,0,https://www.google.com/search?tbm=isch&q=FESTO+558662
GSEE,24100000,G6B-SH2E-M25 Shell,3186.0,0,0,https://www.google.com/search?tbm=isch&q=GSEE+24100000
PEPPERL&FUCHS,70112557,MH-EXG-12 mounting help,3185.76,0,0,https://www.google.com/search?tbm=isch&q=PEPPERL&FUCHS+70112557
PILZ,541303,Sicherheitssensor z.Stellungsüberwachung,3175.36,0,0,https://www.google.com/search?tbm=isch&q=PILZ+541303
FESTO,558799,NPQM-Y-Q6-E-P10  connector metal,3159.32,0,0,https://www.google.com/search?tbm=isch&q=FESTO+558799
FESTO,33898,HI_33898 LNG-200,3155.44,0,0,https://www.google.com/search?tbm=isch&q=FESTO+33898
ATLAS COPCO,1007695,1007695 Flat cylinder,3151.0,0,0,https://www.google.com/search?tbm=isch&q=ATLAS+COPCO+1007695
SMC,880923,AN30-03 silencer,3150.0,0,0,https://www.google.com/search?tbm=isch&q=SMC+880923
SEW EURODRIVE,18110533/10.0,18110533/10M,3140.22,0,0,https://www.google.com/search?tbm=isch&q=SEW+EURODRIVE+18110533/10.0
COLSON,4.4108.928,4.4108.928 Wheel,3136.0,0,0,https://www.google.com/search?tbm=isch&q=COLSON+4.4108.928
TURCK,100000144,RKC4.5T-30-RSC4.5T/TXY3013,3128.4,0,0,https://www.google.com/search?tbm=isch&q=TURCK+100000144
SIEMENS,3RV6901-1E,3RV6901-1E switch,3120.3,0,0,https://www.google.com/search?tbm=isch&q=SIEMENS+3RV6901-1E
BREMER,201 1271/101 0790,NLA 12.2/320B SLOT_STRIP,3115.76,0,0,https://www.google.com/search?tbm=isch&q=BREMER+201+1271/101+0790
SENSOPART,543-11045,V10/V20 Illumination cable 2x M12/12-pol,3113.4,0,0,https://www.google.com/search?tbm=isch&q=SENSOPART+543-11045
FESTO,174377,FNC-40 flange holder,3111.78,0,0,https://www.google.com/search?tbm=isch&q=FESTO+174377
RITTAL,1339.509,Kom.-Schaltschrank RAL 7035 600x380x350,3105.0,0,0,https://www.google.com/search?tbm=isch&q=RITTAL+1339.509
MOELLER,PL10-C6 294358,Circuit breaker  6A C,3103.8,0,0,https://www.google.com/search?tbm=isch&q=MOELLER+PL10-C6+294358
FESTO,174400,SNCS-63 Swivel flange,3100.86,0,0,https://www.google.com/search?tbm=isch&q=FESTO+174400
TÜNKERS,416660_03,TGT_017N base plate,3100.0,0,0,https://www.google.com/search?tbm=isch&q=TÜNKERS+416660_03
IGUS,E4.21.030.063.0 L=1189 +E4.210.030.2.12,E4.21.030.063.0 L=1189 +E4.210.030.2.12,3095.82,0,0,https://www.google.com/search?tbm=isch&q=IGUS+E4.21.030.063.0+L=1189++E4.210.030.2.12
ITEM,0.0.419.40,0.0.419.40 T-slot nut 6 ST M6,3091.48,0,0,https://www.google.com/search?tbm=isch&q=ITEM+0.0.419.40
SANKYO,11016160,SOB 16-22-16 standard bush,3089.62,0,0,https://www.google.com/search?tbm=isch&q=SANKYO+11016160
VARIOUS,20036,Z0144A connector,3086.47,0,0,https://www.google.com/search?tbm=isch&q=VARIOUS+20036
VARIOUS,22X370MM,22X370mm Water drill,3080.0,0,0,https://www.google.com/search?tbm=isch&q=VARIOUS+22X370MM
ITEM,0.0.440.58,0.0.440.58 Automatikverbindungssatz Typ8,3079.09,0,0,https://www.google.com/search?tbm=isch&q=ITEM+0.0.440.58
SICK,2096011,Sensor-/Aktor-Leitung 10m 5pol. PUR,3076.04,0,0,https://www.google.com/search?tbm=isch&q=SICK+2096011
VARIOUS,EGT194,EGT_194 / RD40-K40-VU KT-connection,3068.31,0,0,https://www.google.com/search?tbm=isch&q=VARIOUS+EGT194
STÄUBLI,K4N001711,K4N001711 MPS630 VALVE ASS.,3049.52,0,0,https://www.google.com/search?tbm=isch&q=STÄUBLI+K4N001711
SANKYO,11070400,SOB 70-85-40 Bushing,3046.86,0,0,https://www.google.com/search?tbm=isch&q=SANKYO+11070400
RITTAL,3239.2,SK3239.200,3044.58,0,0,https://www.google.com/search?tbm=isch&q=RITTAL+3239.2
RK ROSE&KRIEGER,80181510130,"8.01815.1 L=0130mm tube Ø18x1,5 zinced",0,357.06,0,https://www.google.com/search?tbm=isch&q=RK+ROSE&KRIEGER+80181510130
BLICKLE,48306,BO-SPO 200G Schwerlast Bockrolle,0,356.6,0,https://www.google.com/search?tbm=isch&q=BLICKLE+48306
KUNSHAN SVLEC ELECTRIC,940641-650-0060,M12x1-M8 0.6m black 3-pin with LED,3027.0,0,0,https://www.google.com/search?tbm=isch&q=KUNSHAN+SVLEC+ELECTRIC+940641-650-0060
CENTERLINE,100-23324,100-23324 copper medal,3026.55,0,0,https://www.google.com/search?tbm=isch&q=CENTERLINE+100-23324
CENTERLINE,100-18421,100-18421 copper medal,3026.55,0,0,https://www.google.com/search?tbm=isch&q=CENTERLINE+100-18421
CENTERLINE,100-23325,100-23325 copper medal,3026.55,0,0,https://www.google.com/search?tbm=isch&q=CENTERLINE+100-23325
GSEE,JB8M12-4P-J-R,JB8M12-4P-J-R Brcket box,3026.52,0,0,https://www.google.com/search?tbm=isch&q=GSEE+JB8M12-4P-J-R
PHOENIX,2731128,"2731128, IBS RL AP Mounting plate f/modu",3012.8,0,0,https://www.google.com/search?tbm=isch&q=PHOENIX+2731128
MOELLER,294361,PL10-C16/1 Breaker,3008.06,0,0,https://www.google.com/search?tbm=isch&q=MOELLER+294361
INA,NKIB5906,NKIB5906 bearing,3001.76,0,0,https://www.google.com/search?tbm=isch&q=INA+NKIB5906
FESTO,558810,Push-in bulkhead connector,2997.0,0,0,https://www.google.com/search?tbm=isch&q=FESTO+558810
SIEMENS,3RH2122-1SB40,COUPLING CONTACTOR RELAY,2995.03,0,0,https://www.google.com/search?tbm=isch&q=SIEMENS+3RH2122-1SB40
LAPP,1020141,"ÖLFLEX SERVO 728 CY (6x2x0,25) Cable",2992.0,0,0,https://www.google.com/search?tbm=isch&q=LAPP+1020141
RITTAL,7187.269,7187.269,2991.6,0,0,https://www.google.com/search?tbm=isch&q=RITTAL+7187.269
COLSON,4-6109-829DB4,4-6109-829DB4 Wheel,2990.0,0,0,https://www.google.com/search?tbm=isch&q=COLSON+4-6109-829DB4
WOEHNER,32430,"adapter EEC 25 A, 1 adjustable mounting",2978.7,0,0,https://www.google.com/search?tbm=isch&q=WOEHNER+32430
LEUZE,50135130,KD S-M12-8A-P1-150 Cable,2959.3,0,0,https://www.google.com/search?tbm=isch&q=LEUZE+50135130
VARIOUS,982820-452-2000,982820-452-2000  high flexible cable Xingweilian,2955.75,0,0,https://www.google.com/search?tbm=isch&q=VARIOUS+982820-452-2000
FESTO,159585,LFR-1/2-D-MIDI-A connector,2953.5,0,0,https://www.google.com/search?tbm=isch&q=FESTO+159585
RITTAL,9340.07,SV9340.070 End covres for contact hazard,2953.41,0,0,https://www.google.com/search?tbm=isch&q=RITTAL+9340.07
DESTACO,8BF-553-1,8BF-553-1,2951.68,0,0,https://www.google.com/search?tbm=isch&q=DESTACO+8BF-553-1
THK,HSR25B6SS+900L_G30_0_B-M6F,HSR25B6SS+900L_G30_0_B-M6F Rail,2943.36,0,0,https://www.google.com/search?tbm=isch&q=THK+HSR25B6SS+900L_G30_0_B-M6F
CAMOZZI,652210-1/4,6522 10-1/4 connector,2934.0,0,0,https://www.google.com/search?tbm=isch&q=CAMOZZI+652210-1/4
SICK,1211463,1211463,2929.5,0,0,https://www.google.com/search?tbm=isch&q=SICK+1211463
MTS,3062298,3062298 A2956460700 ZSB-Einweiser-5,0,344.26,0,https://www.google.com/search?tbm=isch&q=MTS+3062298
SANKYO,27028050,UWP-28x50 slide plate,2926.0,0,0,https://www.google.com/search?tbm=isch&q=SANKYO+27028050
WEIDMUELLER,1096180000,"IE-PIC-HYB-S-0,5-300 Crimpkontakt",2922.0,213.0,0,https://www.google.com/search?tbm=isch&q=WEIDMUELLER+1096180000
COLSON,6-8298-939,6-8298-939 Wheel,2920.0,0,0,https://www.google.com/search?tbm=isch&q=COLSON+6-8298-939
WERMA,975.849.10,975 849 10 pipe individually,2917.76,0,0,https://www.google.com/search?tbm=isch&q=WERMA+975.849.10
LAPP,52026020,Rundkabelkeilklemme RKK 01,2914.8,0,0,https://www.google.com/search?tbm=isch&q=LAPP+52026020
SCHNEIDER ELECTRIC,A9F19210,A9F19210 circuit breaker,2909.18,0,0,https://www.google.com/search?tbm=isch&q=SCHNEIDER+ELECTRIC+A9F19210
JEAN MUELLER,D0003802,D02/63 Neozed fuse link 400V gl.size D02,2908.24,0,0,https://www.google.com/search?tbm=isch&q=JEAN+MUELLER+D0003802
RITTAL,9344.61,9344.610 Rahmenklemme f.LTS.RIT,2907.96,0,0,https://www.google.com/search?tbm=isch&q=RITTAL+9344.61
TURCK,6635152,RSSD-RSSD-4422-10M Cable,2904.0,0,0,https://www.google.com/search?tbm=isch&q=TURCK+6635152
SANKYO,118025025,SOBF-25x35x25 bush with collar,2901.3,0,0,https://www.google.com/search?tbm=isch&q=SANKYO+118025025
BREMER,221 6701/101 4934,solid steel cam H=16mm incl. 2 slot nuts,2886.99,0,0,https://www.google.com/search?tbm=isch&q=BREMER+221+6701/101+4934
SANKYO,17600000,SOBW-60 Washer,2880.0,0,0,https://www.google.com/search?tbm=isch&q=SANKYO+17600000
RK ROSE&KRIEGER,12300100020,FK 30-4 Flanschklemmstück,0,338.13,0,https://www.google.com/search?tbm=isch&q=RK+ROSE&KRIEGER+12300100020
SANKYO,11012250,SOB 12-18-25 bush,2860.0,0,0,https://www.google.com/search?tbm=isch&q=SANKYO+11012250
TURCK,6635347,RSSD-RSSD-4422-20M Cable,2856.0,0,0,https://www.google.com/search?tbm=isch&q=TURCK+6635347
FESTO,578287,NPQH-L-G38-Q8-P10 RACOR RAPIDO EN L,2854.92,0,0,https://www.google.com/search?tbm=isch&q=FESTO+578287
LEUZE,424422,Set Halterung,2841.64,0,0,https://www.google.com/search?tbm=isch&q=LEUZE+424422
ATLAS COPCO,1001998,1001998 Gail,2841.0,0,0,https://www.google.com/search?tbm=isch&q=ATLAS+COPCO+1001998
TÜNKERS,AP43014320,AP4301-4320 Zwischenplattenpaket,2835.36,0,0,https://www.google.com/search?tbm=isch&q=TÜNKERS+AP43014320
DESTACO,82M-4E03H063L8-2A10-75(R),82M-4E03H063L8-2A10-75(R) Clamp,2830.0,0,0,https://www.google.com/search?tbm=isch&q=DESTACO+82M-4E03H063L8-2A10-75(R)
LUMBERG,PNM2TPE22JT700M,PNM2TPE22JT700M Cable,2827.45,0,0,https://www.google.com/search?tbm=isch&q=LUMBERG+PNM2TPE22JT700M
ITEM,0.0.494.28,0.0.494.28 T-Slot Nut 8 M8,2821.58,0,0,https://www.google.com/search?tbm=isch&q=ITEM+0.0.494.28
VARIOUS,3C5822212B3,3C582-22-12B-3 connector,2820.6,0,0,https://www.google.com/search?tbm=isch&q=VARIOUS+3C5822212B3
FESTO,174385,SNC-50 Swivel flange,2809.56,0,0,https://www.google.com/search?tbm=isch&q=FESTO+174385
RITTAL,7187.578,7187.578,2807.93,0,0,https://www.google.com/search?tbm=isch&q=RITTAL+7187.578
ESCHA,PUR 4*0.34/S7400 8057309,Cable 4x0.34mm P00 orange,2800.0,0,0,https://www.google.com/search?tbm=isch&q=ESCHA+PUR+4*0.34/S7400+8057309
LUMBERG,DM2-8XM2-6607/10M,cable green 8 core shielded 10M,2796.0,0,0,https://www.google.com/search?tbm=isch&q=LUMBERG+DM2-8XM2-6607/10M
SANKYO,17200000,SOBW-20 oilles washer,2789.1,0,0,https://www.google.com/search?tbm=isch&q=SANKYO+17200000
KUNSHAN SVLEC ELECTRIC,941123,2M12 male M12 female,2788.0,0,0,https://www.google.com/search?tbm=isch&q=KUNSHAN+SVLEC+ELECTRIC+941123
ATLAS COPCO,1011786,1011786 connector,2785.0,0,0,https://www.google.com/search?tbm=isch&q=ATLAS+COPCO+1011786
MOELLER,294420,PL10-C32/3 Breaker,2783.1,0,0,https://www.google.com/search?tbm=isch&q=MOELLER+294420
LUETZE,380182.1,RG035 Rail 1000MM,2774.4,0,0,https://www.google.com/search?tbm=isch&q=LUETZE+380182.1
ITEM,0.0.642.54,0.0.642.54 Automatik-Winkelsatz 8 40x40,2772.71,0,0,https://www.google.com/search?tbm=isch&q=ITEM+0.0.642.54
SIEMENS,5SY4104-7CC,5SY4104-7CC,2771.28,0,0,https://www.google.com/search?tbm=isch&q=SIEMENS+5SY4104-7CC
LAPP,1119021,"Steuerleitung 21G0,5qmm",2769.0,0,0,https://www.google.com/search?tbm=isch&q=LAPP+1119021
DAMPTAC,DTK2016+SL2016,DTK2016+SL2016 Buffer,2766.4,0,0,https://www.google.com/search?tbm=isch&q=DAMPTAC+DTK2016+SL2016
MOELLER,294417,"PL10-C16/3 Circuit breaker 3pol, C16A",2762.16,0,0,https://www.google.com/search?tbm=isch&q=MOELLER+294417
TÜNKERS,MK2 63.1 A40 T00 90°,MK2 63.1 A40 T00 90° Cylinder,2762.16,0,0,https://www.google.com/search?tbm=isch&q=TÜNKERS+MK2+63.1+A40+T00+90°
NORELEM,"08910-B30,00X25","DIN172_08910_B30,00x25 bush with collar",2761.83,0,0,"https://www.google.com/search?tbm=isch&q=NORELEM+08910-B30,00X25"
WALTHER,7-119-101881,7-119-101881 Mechanical safety lock,2761.06,0,0,https://www.google.com/search?tbm=isch&q=WALTHER+7-119-101881
THIELMANN,300593,Verbindungskabel Leoni auf MVK,0,323.68,0,https://www.google.com/search?tbm=isch&q=THIELMANN+300593
YANGZHOU RUIJIE HYDRAULIC TECHNOLOGY,SW411508RJ,SW411508RJ  connector,2750.0,0,0,https://www.google.com/search?tbm=isch&q=YANGZHOU+RUIJIE+HYDRAULIC+TECHNOLOGY+SW411508RJ
CAMOZZI,65226-1/4,6522 6-1/4 connector,2744.95,0,0,https://www.google.com/search?tbm=isch&q=CAMOZZI+65226-1/4
ITEM,"0.0.026.27, 4890MM",0.0.026.27_L=4890mm profile,2743.86,0,0,"https://www.google.com/search?tbm=isch&q=ITEM+0.0.026.27,+4890MM"
ITEM,"0.0.026.27,5200MM",0.0.026.27/L=5200mm Profile 8 80x80,2738.89,0,0,"https://www.google.com/search?tbm=isch&q=ITEM+0.0.026.27,5200MM"
JEAN MUELLER,N5014105,NH000 80A/500V,2738.35,0,0,https://www.google.com/search?tbm=isch&q=JEAN+MUELLER+N5014105
RITTAL,2576.032,Kunststoff-Handgriff  mit E1 Schließung,2730.22,0,0,https://www.google.com/search?tbm=isch&q=RITTAL+2576.032
TÜNKERS,9090000009,09090000009 Buffer shaft,2728.0,0,0,https://www.google.com/search?tbm=isch&q=TÜNKERS+9090000009
SCHMALZ,10.01.06.01197,SAB 30 NBR-60 G1/4-AG Balgsauggreifer,2720.0,0,0,https://www.google.com/search?tbm=isch&q=SCHMALZ+10.01.06.01197
PNEUMAX,08OT0806,08OT0806 Connector,2717.35,0,0,https://www.google.com/search?tbm=isch&q=PNEUMAX+08OT0806
TURCK,6634751,RKC4.5T-25-RSC4.5T/TXY3013,2711.0,0,0,https://www.google.com/search?tbm=isch&q=TURCK+6634751
FESTO,556989,VABV-S6-1Q-G12 adapter plate,2708.29,0,0,https://www.google.com/search?tbm=isch&q=FESTO+556989
ETON,45.1.045090.06.02-520MM,45.1.045090.06.02-520mm,2707.2,0,0,https://www.google.com/search?tbm=isch&q=ETON+45.1.045090.06.02-520MM
FESTO,8001208,SPAU-P10R-T-R14M-L-PNLK-PNVBA-M12D,2705.2,0,0,https://www.google.com/search?tbm=isch&q=FESTO+8001208
MENZEL,9500000431,INDUTEC ® MS MVB2 AVM,0,315.9,0,https://www.google.com/search?tbm=isch&q=MENZEL+9500000431
WEIDMUELLER,8946980000,"Tragschienen-Outlet, LWL, SC-Duplex",2684.08,0,0,https://www.google.com/search?tbm=isch&q=WEIDMUELLER+8946980000
SMC,VV5QC21-04C8SD6F2N,VV5QC21-04C8SD6F2N valve,2673.0,0,0,https://www.google.com/search?tbm=isch&q=SMC+VV5QC21-04C8SD6F2N
LEONI,350343,station welding gun KSR/UIR connector,2670.0,0,0,https://www.google.com/search?tbm=isch&q=LEONI+350343
SCHNEIDER ELECTRIC,OSMFU332X 32A 3P,OSMFU332X 32A 3P,2664.9,0,0,https://www.google.com/search?tbm=isch&q=SCHNEIDER+ELECTRIC+OSMFU332X+32A+3P
FESTO,532319_050-B-PPV-A-GF,DFM-40-050-B-PPV-A-GF cylinder,2659.78,0,0,https://www.google.com/search?tbm=isch&q=FESTO+532319_050-B-PPV-A-GF
MULTI CONTACT,30.0108,BP12/35 PE SOCKET,2656.8,0,0,https://www.google.com/search?tbm=isch&q=MULTI+CONTACT+30.0108
TURCK,6630908,RKC4.4T-2-RSC4.4T/TXL3013,2651.0,0,0,https://www.google.com/search?tbm=isch&q=TURCK+6630908
SANKYO,17120000,SOBW-12 oilless washer,2644.2,0,0,https://www.google.com/search?tbm=isch&q=SANKYO+17120000
SCHNORR,416201,VS5 Sicherungsscheibe,2640.0,9.8,0,https://www.google.com/search?tbm=isch&q=SCHNORR+416201
ESCHA,8004805,"M12 Stecker gerade, 5-polig",2640.0,0,0,https://www.google.com/search?tbm=isch&q=ESCHA+8004805
NORELEM,07360-123,"07360-123 cup spring DIN2093 ø23x12,2x1",2633.6,0,1,https://www.google.com/search?tbm=isch&q=NORELEM+07360-123
PNEUMAX,10712,10712 Connector,2622.21,0,0,https://www.google.com/search?tbm=isch&q=PNEUMAX+10712
SCHMALZ,10.01.01.12268,SAG 80 NBR-60 G1/4-IG gripper,2615.04,0,0,https://www.google.com/search?tbm=isch&q=SCHMALZ+10.01.01.12268
FESTO,558715,NPQM-L-G38-Q8-P10 Push-in L-fitting,2611.05,0,0,https://www.google.com/search?tbm=isch&q=FESTO+558715
VARIOUS,BT50 DMG32X105,BT50 DMG32X105 Knife handle,2610.0,0,0,https://www.google.com/search?tbm=isch&q=VARIOUS+BT50+DMG32X105
RITTAL,1031.5,Laminated copper bar flexibar,2600.0,0,0,https://www.google.com/search?tbm=isch&q=RITTAL+1031.5
ShangGong,GB/T6135.3_5.2MM,twist drill GB/T6135.3_5.2mm,2599.6,0,0,https://www.google.com/search?tbm=isch&q=ShangGong+GB/T6135.3_5.2MM
VARIOUS,1.5MX50MX0.5,1.5mx50mx0.5 Fireproof cloth,2591.99,0,0,https://www.google.com/search?tbm=isch&q=VARIOUS+1.5MX50MX0.5
VARIOUS,"BR D15,5.T45.33.C16-21090","BR D15,5.T45.33.C16-21090 Blade",2589.98,0,0,"https://www.google.com/search?tbm=isch&q=VARIOUS+BR+D15,5.T45.33.C16-21090"
RITTAL,8601.04,"Sockel-Blende seitlich, 100 mm",2585.58,0,0,https://www.google.com/search?tbm=isch&q=RITTAL+8601.04
ACE,MA3325M,MA 3325M shock absorber,2583.0,0,0,https://www.google.com/search?tbm=isch&q=ACE+MA3325M
ITEM,"0.0.026.27, 4590MM",0.0.026.27_L=4590mm profile,2575.53,0,0,"https://www.google.com/search?tbm=isch&q=ITEM+0.0.026.27,+4590MM"
STAUDINGER,K014457,"Aufständerung für 22"" Gehäuse L=980mm",0,302.06,0,https://www.google.com/search?tbm=isch&q=STAUDINGER+K014457
DESTACO,82M-4E030063L8-A90-90,82M-4E030063L8-A90-90 Clamp,2565.0,0,1,https://www.google.com/search?tbm=isch&q=DESTACO+82M-4E030063L8-A90-90
RITTAL,2500.41,SZ2500.410 Cable de conexion 2 polos,2562.32,0,0,https://www.google.com/search?tbm=isch&q=RITTAL+2500.41
RITTAL,9117.21,cast aluminum foil_280X230X110,2562.27,0,0,https://www.google.com/search?tbm=isch&q=RITTAL+9117.21
CHOLIFT,PALLET JACK-685MM 2.5T,pallet jack-685mm 2.5T,2560.0,0,0,https://www.google.com/search?tbm=isch&q=CHOLIFT+PALLET+JACK-685MM+2.5T
SCHMALZ,10.01.17.00424,SGM-HP 20 G1/8-IG magnet gripper,2559.3,0,0,https://www.google.com/search?tbm=isch&q=SCHMALZ+10.01.17.00424
SEW EURODRIVE,18120628/10.0,Bremsmotorkabel konfektioniert 10m,2551.33,0,0,https://www.google.com/search?tbm=isch&q=SEW+EURODRIVE+18120628/10.0
VARIOUS,Y100BF_0-0.16MPA,Y100BF_0-0.16MPA,2548.9,0,0,https://www.google.com/search?tbm=isch&q=VARIOUS+Y100BF_0-0.16MPA
ITEM,"0.0.026.27,4800MM",0.0.026.27/L=4800mm Profile 8 80x80,2528.23,0,0,"https://www.google.com/search?tbm=isch&q=ITEM+0.0.026.27,4800MM"
shanggong,GB/T6135.3_5.8MM,twist drill GB/T6135.3_5.8mm,2525.23,0,0,https://www.google.com/search?tbm=isch&q=shanggong+GB/T6135.3_5.8MM
SANKYO,11035608,SOB 35-45-60 bush,2524.91,0,0,https://www.google.com/search?tbm=isch&q=SANKYO+11035608
ShangGong,GB/T6135.3_4.2MM,twist drill GB/T6135.3_4.2mm,2522.12,0,0,https://www.google.com/search?tbm=isch&q=ShangGong+GB/T6135.3_4.2MM
SCHUNK,301160,programmable magnet switch,2520.0,0,0,https://www.google.com/search?tbm=isch&q=SCHUNK+301160
ATLAS COPCO,1025868,1025868 Sensor,2506.0,0,0,https://www.google.com/search?tbm=isch&q=ATLAS+COPCO+1025868
SCHNEIDER ELECTRIC,XB2BC21C,XB2BC21C,2481.14,0,0,https://www.google.com/search?tbm=isch&q=SCHNEIDER+ELECTRIC+XB2BC21C
YANGZHOU RUIJIE HYDRAULIC TECHNOLOGY,RST0816,RST0816,2480.0,0,0,https://www.google.com/search?tbm=isch&q=YANGZHOU+RUIJIE+HYDRAULIC+TECHNOLOGY+RST0816
TURCK,6635154,RSSD-RSSD-4422-25M Cable,2480.0,0,0,https://www.google.com/search?tbm=isch&q=TURCK+6635154
BLICKLE,739961,LH-PO 200K-FS Stahlblech-Lenkrolle,0,291.68,0,https://www.google.com/search?tbm=isch&q=BLICKLE+739961
MARVTECH,10120997,EDM4-3-EDM4/PN23/HBK Cable,2477.9,0,0,https://www.google.com/search?tbm=isch&q=MARVTECH+10120997
FESTO,8002283,LFR-1/4-D-MINI-A-MPA valve,2474.55,0,0,https://www.google.com/search?tbm=isch&q=FESTO+8002283
VARIOUS,11006,CTA41/600 Single-sided support arm,2470.0,0,0,https://www.google.com/search?tbm=isch&q=VARIOUS+11006
SIEMENS,5SY6106-6CC,5SY6106-6CC,2468.7,0,0,https://www.google.com/search?tbm=isch&q=SIEMENS+5SY6106-6CC
DESTACO,82M-3E030040K8ART25,82M-3E030040K8-ART25-10° cylinder,2462.94,0,0,https://www.google.com/search?tbm=isch&q=DESTACO+82M-3E030040K8ART25
RITTAL,8614.675,Partial mounting plate 500x775mm,2461.2,0,0,https://www.google.com/search?tbm=isch&q=RITTAL+8614.675
ETON,40.1.040120.08.02-3100-05,40.1.040120.08.02-3100-05 Profile,2460.0,0,0,https://www.google.com/search?tbm=isch&q=ETON+40.1.040120.08.02-3100-05
COLSON,6-8299-939,6-8299-939 Wheel,2460.0,0,0,https://www.google.com/search?tbm=isch&q=COLSON+6-8299-939
RK ROSE&KRIEGER,80404010260,8.04040.1_0260 ø40x4 gal.verz Rohr,0,289.38,0,https://www.google.com/search?tbm=isch&q=RK+ROSE&KRIEGER+80404010260
SMC,EX245-DY1,EX245-DY1-X37 Digit. Module,2451.0,0,0,https://www.google.com/search?tbm=isch&q=SMC+EX245-DY1
YANGZHOU RUIJIE HYDRAULIC TECHNOLOGY,GB2216,GB-22-16 connector,2450.0,0,0,https://www.google.com/search?tbm=isch&q=YANGZHOU+RUIJIE+HYDRAULIC+TECHNOLOGY+GB2216
RITTAL,1339.5,"Kompakt-Schaltschrank AE, lack",2443.35,0,0,https://www.google.com/search?tbm=isch&q=RITTAL+1339.5
TURCK,6604219,"6604219 M12 x 1 round connector Female,",2440.0,0,0,https://www.google.com/search?tbm=isch&q=TURCK+6604219
RITTAL,6320.4,6320.400  WxHxD 500x500x210 mm,2435.32,0,0,https://www.google.com/search?tbm=isch&q=RITTAL+6320.4
COLSON,4_6109_929 BRK1,4_6109_929 BRK1,2430.0,0,0,https://www.google.com/search?tbm=isch&q=COLSON+4_6109_929+BRK1
ITEM,0.0.373.23,0.0.373.23 Multiblock 8 Zn,2429.38,0,0,https://www.google.com/search?tbm=isch&q=ITEM+0.0.373.23
SICK,1211497,C4C-EA07530A10000 Light curtain 0.75m,2427.57,0,0,https://www.google.com/search?tbm=isch&q=SICK+1211497
JEAN MUELLER,N5082205,FUSE LINK 16A 690VAC NH000,2424.94,0,0,https://www.google.com/search?tbm=isch&q=JEAN+MUELLER+N5082205
SEW EURODRIVE,18125794/3.0,Bremsmotorkabel DR konfekt. 3m,2423.42,0,1,https://www.google.com/search?tbm=isch&q=SEW+EURODRIVE+18125794/3.0
ATLAS COPCO,1031777,1031777 Sensor,2423.0,0,0,https://www.google.com/search?tbm=isch&q=ATLAS+COPCO+1031777
FESTO,576126,DFSP-40-20-PS-PA cylinder,2422.2,0,0,https://www.google.com/search?tbm=isch&q=FESTO+576126
PERMA,CN-KABEL.05,CN-KABEL.05 Cable,2418.75,0,0,https://www.google.com/search?tbm=isch&q=PERMA+CN-KABEL.05
KERBKONUS,302 000 100.160_M10X22,302 000 100.160 Ensatbuchsen Norm 302,0,284.28,0,https://www.google.com/search?tbm=isch&q=KERBKONUS+302+000+100.160_M10X22
VARIOUS,YHD3024-5T,YHD3024-5T  Sensor,2411.8,0,0,https://www.google.com/search?tbm=isch&q=VARIOUS+YHD3024-5T
COLSON,4.08198.929,4.08198.929 Rigid caster,2408.0,0,0,https://www.google.com/search?tbm=isch&q=COLSON+4.08198.929
TURCK,8053527,BEFESTIGUNGSCLIP M12/VE 10,2400.0,0,0,https://www.google.com/search?tbm=isch&q=TURCK+8053527
RÄDER VOGEL,1010110000,A 100/050/1/15 PEVOLON® Schwerlastrad,0,281.86,0,https://www.google.com/search?tbm=isch&q=RÄDER+VOGEL+1010110000
FESTO,36162,SMB-2-B Befestigungssatz,2378.58,0,0,https://www.google.com/search?tbm=isch&q=FESTO+36162
TINGTE PIPE INDUSTRY,T1006520,T1006520 connector,2376.6,0,0,https://www.google.com/search?tbm=isch&q=TINGTE+PIPE+INDUSTRY+T1006520
TURCK,6630940,RKC4.5T-15-RSC4.5T/TXY3013,2369.1,0,0,https://www.google.com/search?tbm=isch&q=TURCK+6630940
SEW EURODRIVE,18125859/20M,18125859/20m CMP motor cable,2366.01,0,0,https://www.google.com/search?tbm=isch&q=SEW+EURODRIVE+18125859/20M
FESTO,31767,LBG-125 Clevis foot mounting,2366.0,0,0,https://www.google.com/search?tbm=isch&q=FESTO+31767
SEW EURODRIVE,18201342,"BW147-T brake resistor 1,2kW",2364.6,0,0,https://www.google.com/search?tbm=isch&q=SEW+EURODRIVE+18201342
SIEMENS,3RV6011-4AA10,3RV6011-4AA10 Breaker,2355.9,0,0,https://www.google.com/search?tbm=isch&q=SIEMENS+3RV6011-4AA10
VARIOUS,914521,M12 round connector 4 pin Cable Xingweilian,2354.8,0,0,https://www.google.com/search?tbm=isch&q=VARIOUS+914521
RITTAL,4596,"4596.000 Support Strips for TS, SE, CM..",2354.16,0,0,https://www.google.com/search?tbm=isch&q=RITTAL+4596
RITTAL,2393.4,Schiene für Innenausbau AX  für T: 400mm,2347.92,0,0,https://www.google.com/search?tbm=isch&q=RITTAL+2393.4
COLSON,SC-6508-648,SC-6508-648,2340.0,0,0,https://www.google.com/search?tbm=isch&q=COLSON+SC-6508-648
LUMBERG,RS 50-6677/25M,power cable gray 5-core 7/8 mg-bulk 25M,2337.6,0,0,https://www.google.com/search?tbm=isch&q=LUMBERG+RS+50-6677/25M
GSEE,24010400,G10A-S2E-M20 Connector,2336.0,0,0,https://www.google.com/search?tbm=isch&q=GSEE+24010400
ESCHA,8800561,AL-WAK4-5-AL-WAS4/S370OG,2335.0,0,0,https://www.google.com/search?tbm=isch&q=ESCHA+8800561
SAV,SAV 240.17-MH17-02 L=15,SAV 240.17-MH17-02 MAGNET ø08 L=15 Sonde,0,272.16,0,https://www.google.com/search?tbm=isch&q=SAV+SAV+240.17-MH17-02+L=15
LENZE,QEV111ACZJJS,Encoderleitung Servoumrichter 50m,2311.83,0,0,https://www.google.com/search?tbm=isch&q=LENZE+QEV111ACZJJS
WEIDMUELLER,2566450850,"Sensor-/Aktor-Leitung 5pol., 8,5m,",2311.6,0,0,https://www.google.com/search?tbm=isch&q=WEIDMUELLER+2566450850
ESCHA,8086449,"AL-WAK4.5-0,6-AL-WAS4.5/S370YE/S8201",2300.0,0,0,https://www.google.com/search?tbm=isch&q=ESCHA+8086449
TÜNKERS,V2 80.1 A41 T12 45°,V2 80.1 A41 T12_45° Cylinder,2300.0,0,0,https://www.google.com/search?tbm=isch&q=TÜNKERS+V2+80.1+A41+T12+45°
HELM HESPE&WOELM,59120,Helm 591 Rollapparat,0,269.88,0,https://www.google.com/search?tbm=isch&q=HELM+HESPE&WOELM+59120
JEAN MUELLER,N5082605,FUSE LINK 25A 690VAC NH000,2278.92,0,0,https://www.google.com/search?tbm=isch&q=JEAN+MUELLER+N5082605
TÜNKERS,V2 50.1 ZR A12 T12 45-105°,V2 50.1 ZR A12 T12 45-105° Spanner,2276.0,0,0,https://www.google.com/search?tbm=isch&q=TÜNKERS+V2+50.1+ZR+A12+T12+45-105°
TURCK,6630918,RKC4.4T-1-RSC4.4T/TXL3013,2275.0,0,0,https://www.google.com/search?tbm=isch&q=TURCK+6630918
ESCHA,8800563,AL-WWAK4P3-1-AL-WAS4/S370OG,2272.0,0,0,https://www.google.com/search?tbm=isch&q=ESCHA+8800563
SEW EURODRIVE,13309269,Junction box M12-8/1-M23 1m,2270.77,0,0,https://www.google.com/search?tbm=isch&q=SEW+EURODRIVE+13309269
IGUS,1.656M760.150.175.0+7600.150.1+765.150.2,1.656m760.150.175.0+7600.150.1+765.150.2,2266.94,0,0,https://www.google.com/search?tbm=isch&q=IGUS+1.656M760.150.175.0+7600.150.1+765.150.2
SANKYO,11030408,SOB 30-40-40 oilless bush,2258.16,0,0,https://www.google.com/search?tbm=isch&q=SANKYO+11030408
FESTO,8026209,VABB-B10-25-E Plate,2249.64,0,0,https://www.google.com/search?tbm=isch&q=FESTO+8026209
SCHMALZ,10.01.05.00551,SAOF 50x16 NBR-45 G1/4-IG Flat suction p,2242.04,0,0,https://www.google.com/search?tbm=isch&q=SCHMALZ+10.01.05.00551
TÜNKERS,V2 50.1 A42AL,V2 50.1 A42AL  pressure arm,2240.0,0,0,https://www.google.com/search?tbm=isch&q=TÜNKERS+V2+50.1+A42AL
JEAN MUELLER,N2013805,NH2 63A/500V,2236.5,0,0,https://www.google.com/search?tbm=isch&q=JEAN+MUELLER+N2013805
SIEMENS,5SY6304-7CC,5SY6304-7CC Breaker,2236.3,0,0,https://www.google.com/search?tbm=isch&q=SIEMENS+5SY6304-7CC
VARIOUS,NFC-FLEX110 3G1.5,NFC-FLEX110 3G1.5 Cable,2235.0,0,0,https://www.google.com/search?tbm=isch&q=VARIOUS+NFC-FLEX110+3G1.5
NORELEM,"08910-A40,00X30","DIN172_08910_A40,00x30 Bundbohrbuchse",2232.48,0,0,"https://www.google.com/search?tbm=isch&q=NORELEM+08910-A40,00X30"
SMC,VSA3135-04,VSA3135-04 Valve,2232.0,0,0,https://www.google.com/search?tbm=isch&q=SMC+VSA3135-04
FESTO,161318,DZF-63-320-A-P-A flat cylinder,2228.12,0,0,https://www.google.com/search?tbm=isch&q=FESTO+161318
SIEMENS,3RV6021-4BA10,3RV6021-4BA10 Breaker,2208.9,0,1,https://www.google.com/search?tbm=isch&q=SIEMENS+3RV6021-4BA10
EAGTOP ELECTRONIC,R.BRU.12K5.0019.8888M,R.BRU.12K5.0019.8888M  Resistor,2207.08,0,0,https://www.google.com/search?tbm=isch&q=EAGTOP+ELECTRONIC+R.BRU.12K5.0019.8888M
DESTACO,8KB-099-1,8KB-099-1 Handle,2200.0,0,0,https://www.google.com/search?tbm=isch&q=DESTACO+8KB-099-1
JEAN MUELLER,N5083505,Molten core M000gG50/69,2199.09,0,0,https://www.google.com/search?tbm=isch&q=JEAN+MUELLER+N5083505
ECKOLD,68434,ME-112-10-002 centering,2198.23,0,0,https://www.google.com/search?tbm=isch&q=ECKOLD+68434
FESTO,23098950,CS1583185A_VI FÜR SVS  STOßPUNKTER,2184.9,0,0,https://www.google.com/search?tbm=isch&q=FESTO+23098950
SIEMENS,5SY4206-7CC,5SY4206-7CC breaker,2184.1,0,0,https://www.google.com/search?tbm=isch&q=SIEMENS+5SY4206-7CC
MISUMI,ROFAC50-15-L60-H0.8,ROFAC50-15-L60-H0.8,2183.2,0,0,https://www.google.com/search?tbm=isch&q=MISUMI+ROFAC50-15-L60-H0.8
RITTAL,9341.11,SV9341.110 BASE TRAYS L=700mm,2181.75,0,0,https://www.google.com/search?tbm=isch&q=RITTAL+9341.11
ITEM,0.0.677.56,0.0.677.56 angle connector 8 40x40-45°,2179.98,0,0,https://www.google.com/search?tbm=isch&q=ITEM+0.0.677.56
JEAN MUELLER,D8001724,P01/10 Neozed special adapter 10A,2172.0,0,0,https://www.google.com/search?tbm=isch&q=JEAN+MUELLER+D8001724
NORELEM,"08910-B30,50X25","DIN172_08910_B30,50x25 bush",2170.84,0,0,"https://www.google.com/search?tbm=isch&q=NORELEM+08910-B30,50X25"
DESTACO,8BF-763-1-01,8BF-763-1-01 centering pin,2169.42,0,0,https://www.google.com/search?tbm=isch&q=DESTACO+8BF-763-1-01
EATON,262242,Anschlussklemmen oben,2168.88,0,0,https://www.google.com/search?tbm=isch&q=EATON+262242
MARVTECH,10250608,MF5-2-MM5/C13/YE/CYE Cable,2168.1,0,0,https://www.google.com/search?tbm=isch&q=MARVTECH+10250608
VARIOUS,RS15/2A,RS15/2A Core,2154.88,0,0,https://www.google.com/search?tbm=isch&q=VARIOUS+RS15/2A
VARIOUS,760621409,760 621 409 Cleaning Oil Spray 400ml,2153.76,0,0,https://www.google.com/search?tbm=isch&q=VARIOUS+760621409
HILTI,2252557,HVU2 M12X110 CN Adhesive,2152.64,0,0,https://www.google.com/search?tbm=isch&q=HILTI+2252557
KOCO,FL456ADJ,FL456ADJ Ground brake,2145.0,0,0,https://www.google.com/search?tbm=isch&q=KOCO+FL456ADJ
THK,HSR30A1QZZZ-450L_G25,HSR30A1QZZZ-450L_G25,2138.04,0,0,https://www.google.com/search?tbm=isch&q=THK+HSR30A1QZZZ-450L_G25
RITTAL,1570.81,1570.810 Mounting plate 800x300 mm,2137.32,0,0,https://www.google.com/search?tbm=isch&q=RITTAL+1570.81
TAJIMA,6-32MM,"socket set 1/2"" 6-32mm",2137.08,0,0,https://www.google.com/search?tbm=isch&q=TAJIMA+6-32MM
FESTO,578335,NPQH-D-M5-Q6-P10 Steckverschraubung,2136.72,0,0,https://www.google.com/search?tbm=isch&q=FESTO+578335
SKF,BS222102RSVT143,BS2-2210-2RS/VT143 Pendelrollenlager,2136.0,0,0,https://www.google.com/search?tbm=isch&q=SKF+BS222102RSVT143
RK ROSE&KRIEGER,80404010300,8.04040.1_0300 ø40x4 galv.verz. Rohr,0,250.38,0,https://www.google.com/search?tbm=isch&q=RK+ROSE&KRIEGER+80404010300
PARKER,0158 21 21-3,0158 21 21-3 Connector,2124.0,0,0,https://www.google.com/search?tbm=isch&q=PARKER+0158+21+21-3
GSEE,YWK4-2EZ3/LG,YWK4-2EZ3/LG cable,2124.0,0,0,https://www.google.com/search?tbm=isch&q=GSEE+YWK4-2EZ3/LG
VARIOUS,917121-297-2500,917121-297-2500,2123.9,0,0,https://www.google.com/search?tbm=isch&q=VARIOUS+917121-297-2500
PNEUMAX,22OT1014,22OT1014 Connector,2120.03,0,0,https://www.google.com/search?tbm=isch&q=PNEUMAX+22OT1014
RITTAL,5051.037,"Montageplatte für VX, TS BH 600x2000mm",2119.17,0,0,https://www.google.com/search?tbm=isch&q=RITTAL+5051.037
SIEMENS,8WU4420-6AF,8WU4420-6AF Light,2113.5,0,0,https://www.google.com/search?tbm=isch&q=SIEMENS+8WU4420-6AF
TINGTE PIPE INDUSTRY,T1006550,T1006550 connector,2113.2,0,0,https://www.google.com/search?tbm=isch&q=TINGTE+PIPE+INDUSTRY+T1006550
EXPERT,510833,GG712S safety sensor M18,2112.0,0,0,https://www.google.com/search?tbm=isch&q=EXPERT+510833
HELM HESPE&WOELM,50420,Helm 504 Höhenverstellbare Muffe,0,248.28,0,https://www.google.com/search?tbm=isch&q=HELM+HESPE&WOELM+50420
FESTO,31761,LBG-032 clevis foot mounting,2109.22,0,0,https://www.google.com/search?tbm=isch&q=FESTO+31761
CAMOZZI,65408,6540 8 T conncetor,2108.4,0,0,https://www.google.com/search?tbm=isch&q=CAMOZZI+65408
CAMOZZI,658014,6580 14 quick connector,2106.4,0,0,https://www.google.com/search?tbm=isch&q=CAMOZZI+658014
JEAN MUELLER,N2014905,NH fuse-link 500V combi indicatorM2GL160,2105.67,0,0,https://www.google.com/search?tbm=isch&q=JEAN+MUELLER+N2014905
VARIOUS,MMSTP12-30,MMSTP12-30 Pin,2101.0,0,0,https://www.google.com/search?tbm=isch&q=VARIOUS+MMSTP12-30
RITTAL,8800.13,"TS support strips, inner 8800.130",2097.36,0,0,https://www.google.com/search?tbm=isch&q=RITTAL+8800.13
VARIOUS,944511-796-0150,944511-796-0150 M12 Cable 1.5M - Xingweilian,2095.68,0,0,https://www.google.com/search?tbm=isch&q=VARIOUS+944511-796-0150
FESTO,174393,SNCB-63 swivel flange,2091.88,0,0,https://www.google.com/search?tbm=isch&q=FESTO+174393
SIEMENS,6ES7823-0AA00-1AA0,6ES7823-0AA00-1AA0 SIMATIC ProDiag Licen,0,245.2,0,https://www.google.com/search?tbm=isch&q=SIEMENS+6ES7823-0AA00-1AA0
DESTACO,82M-3E03HS50L8,82M-3E03HS50L8 Power clamp,2079.8,0,0,https://www.google.com/search?tbm=isch&q=DESTACO+82M-3E03HS50L8
ATLAS COPCO,1000313,1000313 Slide,2067.0,0,0,https://www.google.com/search?tbm=isch&q=ATLAS+COPCO+1000313
VARIOUS,JQ550102307,JQ550102307,2060.16,0,0,https://www.google.com/search?tbm=isch&q=VARIOUS+JQ550102307
MITUTOYO,543-682B,543-682B Dial indicator,2060.0,0,0,https://www.google.com/search?tbm=isch&q=MITUTOYO+543-682B
SMC,880928,AN20-C10 silencer,2058.0,0,0,https://www.google.com/search?tbm=isch&q=SMC+880928
ITEM,0.0.419.68,0.0.419.68 angle bracket set 6 60x60,2057.94,0,0,https://www.google.com/search?tbm=isch&q=ITEM+0.0.419.68
FESTO,558771,NPQM-D-Q8-S6-P10 Steckverbindung,2056.2,0,0,https://www.google.com/search?tbm=isch&q=FESTO+558771
ITEM,0.0.601.65,0.0.601.65 Hand Grip Element X D25,2052.89,0,0,https://www.google.com/search?tbm=isch&q=ITEM+0.0.601.65
STAUFF,1110002044,1110002044 Sensor Bracket,2052.18,0,0,https://www.google.com/search?tbm=isch&q=STAUFF+1110002044
SVS SCHWEIßTECHNIK,59721364,Spanausblasvorrichtung EF310-01,0,240.89,0,https://www.google.com/search?tbm=isch&q=SVS+SCHWEIßTECHNIK+59721364
SENSOPART,902-51784,"Ethernetkabel M12 ger. 4pol. /RJ45, 10m",2044.8,0,0,https://www.google.com/search?tbm=isch&q=SENSOPART+902-51784
FESTO,534342,GRLA-3/8-QS-8-RS-D,2040.22,0,0,https://www.google.com/search?tbm=isch&q=FESTO+534342
SIEMENS,3RH6122-1BB40,"3RH6122-1BB40 Intermediate relay, S00",2038.88,0,0,https://www.google.com/search?tbm=isch&q=SIEMENS+3RH6122-1BB40
PARKER,3828288B,38282-8-8B Verbinder,2036.08,0,0,https://www.google.com/search?tbm=isch&q=PARKER+3828288B
ITEM,0.0.294.03,0.0.294.03 Roller D14,2034.47,0,0,https://www.google.com/search?tbm=isch&q=ITEM+0.0.294.03
SIEMENS,5SY6104-7CC,"Circuit breaker C4A, 1pole",2027.63,0,0,https://www.google.com/search?tbm=isch&q=SIEMENS+5SY6104-7CC
SEW EURODRIVE,13354345/30.0,Konfektioniertes Kabel 13354345/30.0,2022.12,0,0,https://www.google.com/search?tbm=isch&q=SEW+EURODRIVE+13354345/30.0
LEUZE,50135131,"Anschlussleitung  M12, 8 polig, 25 m",2017.0,0,0,https://www.google.com/search?tbm=isch&q=LEUZE+50135131
RITTAL,2500.49,Systemleuchte LED inkl. Steckdose,2002.71,0,0,https://www.google.com/search?tbm=isch&q=RITTAL+2500.49
FESTO,578292,NPQH-L-G12-Q12 L-Steckverschraubung,1996.3,0,0,https://www.google.com/search?tbm=isch&q=FESTO+578292
FESTO,558709,NPQM-L-G18-Q6-P10 Push-in L-fitting,1996.06,0,0,https://www.google.com/search?tbm=isch&q=FESTO+558709
SCHNEIDER ELECTRIC,A9SF19332,A9SF19332 iC65N 3P D32A,1996.0,0,0,https://www.google.com/search?tbm=isch&q=SCHNEIDER+ELECTRIC+A9SF19332
TURCK,4602034,Bi2U-EG08-AP6X-H1341 proximity switch,1995.0,0,0,https://www.google.com/search?tbm=isch&q=TURCK+4602034
TINGTE PIPE INDUSTRY,T1006540,T1006540 connector,1994.6,0,0,https://www.google.com/search?tbm=isch&q=TINGTE+PIPE+INDUSTRY+T1006540
FESTO,8165691,DSBC-100-250-D3-PPSA-N3 Cylinder,1992.18,0,0,https://www.google.com/search?tbm=isch&q=FESTO+8165691
MISUMI,UL12-20,UL12-20 Spring,1987.46,0,0,https://www.google.com/search?tbm=isch&q=MISUMI+UL12-20
ENIDINE,ECO 120 MF-2B,ECO 120 MF-2B shock absorber,1985.84,0,0,https://www.google.com/search?tbm=isch&q=ENIDINE+ECO+120+MF-2B
TURCK,6633705,RKC4.5T-20-RSC4.5T/TXY3013,1974.2,0,0,https://www.google.com/search?tbm=isch&q=TURCK+6633705
RITTAL,5115.5,Door-operated switch,1973.7,0,0,https://www.google.com/search?tbm=isch&q=RITTAL+5115.5
SANKYO,11060358,SOB 60-75-35 bush,1968.0,0,0,https://www.google.com/search?tbm=isch&q=SANKYO+11060358
SCHMALZ,10.01.05.00560,SAOF 60x23 NBR-45 G1/4-IG Flat Suction P,1965.36,0,0,https://www.google.com/search?tbm=isch&q=SCHMALZ+10.01.05.00560
SIKLA,110858,"Montageschiene MS 27 Typ: 27/25/1,25",0,230.75,0,https://www.google.com/search?tbm=isch&q=SIKLA+110858
SANKYO,11025400,SOB 25-33-40 bush,1960.5,0,0,https://www.google.com/search?tbm=isch&q=SANKYO+11025400
SCHNEIDER ELECTRIC,A9N22402,A9N22402 breakers,1951.8,0,0,https://www.google.com/search?tbm=isch&q=SCHNEIDER+ELECTRIC+A9N22402
SIEMENS,3RV5031-4GA10,3RV5031-4GA10 Breaker,1950.69,0,0,https://www.google.com/search?tbm=isch&q=SIEMENS+3RV5031-4GA10
FENGHUANG,4X300/WHITE,4X300 White Nylon strap,1928.75,0,0,https://www.google.com/search?tbm=isch&q=FENGHUANG+4X300/WHITE
PEPPERL&FUCHS,261033,NRB15-30GM50-E2-C-V1 Näherungs. BMW,1926.75,0,0,https://www.google.com/search?tbm=isch&q=PEPPERL&FUCHS+261033
FESTO,174371,HNC-050 foot mounting,1921.32,0,0,https://www.google.com/search?tbm=isch&q=FESTO+174371
PÖPPELMANN,62000040000,GPN 620 U4B plug,1920.0,0,0,https://www.google.com/search?tbm=isch&q=PÖPPELMANN+62000040000
HILTI,409176,TE-CX 8/17 hammer drill,1918.2,0,0,https://www.google.com/search?tbm=isch&q=HILTI+409176
FESTO,578341,NPQH-D-G14-Q6-P10 push-in fitting,1916.0,0,0,https://www.google.com/search?tbm=isch&q=FESTO+578341
STAUFF,1110001088,SP 320 AL DP AS M W10,1911.6,0,0,https://www.google.com/search?tbm=isch&q=STAUFF+1110001088
HIRSCHMANN,942074-001,942074-001 Adapter_ACA31_SD_512MB.HIR,1911.52,0,0,https://www.google.com/search?tbm=isch&q=HIRSCHMANN+942074-001
RITTAL,3451.5,Copper platoon cable clamp,1904.8,0,0,https://www.google.com/search?tbm=isch&q=RITTAL+3451.5
WENGLOR,RE6040BA,RE6040BA Reflektor,1904.31,0,0,https://www.google.com/search?tbm=isch&q=WENGLOR+RE6040BA
THK,HSR30C2SS-360L_B-M6F,HSR30C2SS-360L_B-M6F Gail,1898.22,0,0,https://www.google.com/search?tbm=isch&q=THK+HSR30C2SS-360L_B-M6F
SCHMALZ,10.01.01.11754,SAOG 60x20 NBR-45 G1/4-IG Sauger,1894.09,0,0,https://www.google.com/search?tbm=isch&q=SCHMALZ+10.01.01.11754
SANKYO,118020015,SOBF-20x30x15 bush with collar,1892.0,0,0,https://www.google.com/search?tbm=isch&q=SANKYO+118020015
DOCERAM,1462-Z-150300,1462-Z-150300 Isolierteil DOUGLAS,0,222.54,0,https://www.google.com/search?tbm=isch&q=DOCERAM+1462-Z-150300
LAPP,4520092,"4520092 Cable H07V-K 1X 2.5Mm,orange100m",1890.0,0,0,https://www.google.com/search?tbm=isch&q=LAPP+4520092
RITTAL,9341.13,SV9341.130 RiLine60 base tray (PLS800),1888.39,0,0,https://www.google.com/search?tbm=isch&q=RITTAL+9341.13
IGUS,2400.05.055.0 L=1242+2050.34PZB+.A1,2400.05.055.0 L=1242+2050.34PZB+.A1Chain,1882.02,0,0,https://www.google.com/search?tbm=isch&q=IGUS+2400.05.055.0+L=1242+2050.34PZB+.A1
TURCK,6630937,RKC4.5T-3-RSC4.5T/TXY3013,1880.0,0,0,https://www.google.com/search?tbm=isch&q=TURCK+6630937
ENIDINE,J124059034,JN M27x3 (old:J22587167/J22587035) nut,1878.56,0,0,https://www.google.com/search?tbm=isch&q=ENIDINE+J124059034
RK ROSE&KRIEGER,80404010230,8.04040.1_0230 ø40x4 tube galvanized,0,220.48,0,https://www.google.com/search?tbm=isch&q=RK+ROSE&KRIEGER+80404010230
PEPPERL&FUCHS,326161-0014,326161-0014 NBB4-12GM30-E2-V1,1869.12,0,0,https://www.google.com/search?tbm=isch&q=PEPPERL&FUCHS+326161-0014
FESTO,12133,PU-13-SW Plastic tube,1863.5,0,0,https://www.google.com/search?tbm=isch&q=FESTO+12133
KIPPING,4734034,4734020 Tortreibriegel Typ 902,0,219.2,0,https://www.google.com/search?tbm=isch&q=KIPPING+4734034
PEPPERL&FUCHS,263917,V1-G-BK10M-PUR-U/ABG-V1-G,1854.2,0,0,https://www.google.com/search?tbm=isch&q=PEPPERL&FUCHS+263917
VARIOUS,30098,P0R040 P-type tube bundle,1853.7,0,0,https://www.google.com/search?tbm=isch&q=VARIOUS+30098
STAUFF,SM 218-PP-IS,SM 218-PP-IS Clamp,1851.36,0,0,https://www.google.com/search?tbm=isch&q=STAUFF+SM+218-PP-IS
HELUKABEL,16295,"Abgeschirmtes Kabel 4x2,5qmm",1843.5,0,0,https://www.google.com/search?tbm=isch&q=HELUKABEL+16295
SCHMALZ,10.01.17.00170,HTS-A3 SGM 30/40 mounting system,1841.58,0,0,https://www.google.com/search?tbm=isch&q=SCHMALZ+10.01.17.00170
TINGTE PIPE INDUSTRY,T1404015,T1404015 Connector,1834.26,0,0,https://www.google.com/search?tbm=isch&q=TINGTE+PIPE+INDUSTRY+T1404015
PEPPERL&FUCHS,200663,NDS-F146-8E2-V1 connecting unit,1831.48,0,0,https://www.google.com/search?tbm=isch&q=PEPPERL&FUCHS+200663
PNEUMAX,105ZM518+29OT1818,105ZM518+29OT1818 Flow control valve,1830.34,0,0,https://www.google.com/search?tbm=isch&q=PNEUMAX+105ZM518+29OT1818
ESCHA,8004815,"M12 Kupplung gerade, 5-polig",1830.0,0,0,https://www.google.com/search?tbm=isch&q=ESCHA+8004815
LENZE,QEV111ACZJKV,Motorleitung f. Frequenzumrichter 30m,1828.04,0,0,https://www.google.com/search?tbm=isch&q=LENZE+QEV111ACZJKV
DESTACO,8KB-103-1,8KB-103-1 Hand Lever,1826.0,0,0,https://www.google.com/search?tbm=isch&q=DESTACO+8KB-103-1
LUMBERG,RST4-RKMV3-224/0.6M,RST4-RKMV3-224/0.6M CABLE,1822.5,0,0,https://www.google.com/search?tbm=isch&q=LUMBERG+RST4-RKMV3-224/0.6M
SIEMENS,5SY6110-7CC,"Circuit breaker C10A, 1pole",1821.93,0,0,https://www.google.com/search?tbm=isch&q=SIEMENS+5SY6110-7CC
ITEM,0.0.294.01 L=4790MM,0.0.294.01 / L=4790mm Profile,1820.11,0,0,https://www.google.com/search?tbm=isch&q=ITEM+0.0.294.01+L=4790MM
RITTAL,2388.22,cable clip,1818.68,0,0,https://www.google.com/search?tbm=isch&q=RITTAL+2388.22
SCHNEIDER ELECTRIC,A9SF19106,"A9SF19106 1P,6A,D breaker",1818.6,0,0,https://www.google.com/search?tbm=isch&q=SCHNEIDER+ELECTRIC+A9SF19106
SANKYO,11018300,SOB 18-24-30 bush,1816.32,0,0,https://www.google.com/search?tbm=isch&q=SANKYO+11018300
LEUZE,50124651,BT 205M mounting device set 50124651,1816.02,0,0,https://www.google.com/search?tbm=isch&q=LEUZE+50124651
SICK,1211450,1211450,1802.5,0,0,https://www.google.com/search?tbm=isch&q=SICK+1211450
VARIOUS,40316,E22-SL-D Plastic pipe clamp,1800.0,0,0,https://www.google.com/search?tbm=isch&q=VARIOUS+40316
RITTAL,9340.63,"OM-Adapter 65A,690V,2.5.16mm 55x208mm",1799.47,0,0,https://www.google.com/search?tbm=isch&q=RITTAL+9340.63
TURCK,RSM52-50M/WXS2204,RSM52-50M/WXS2204 Cable,1797.0,0,0,https://www.google.com/search?tbm=isch&q=TURCK+RSM52-50M/WXS2204
FESTO,8059260,"NPHS-S6-M-G12 coupling 1/2""",1792.8,0,0,https://www.google.com/search?tbm=isch&q=FESTO+8059260
SENSOPART,902-51845,C L12FG-S-30m-PUR  cable,1790.78,0,0,https://www.google.com/search?tbm=isch&q=SENSOPART+902-51845
GSEE,23010100,K-S0.5/D Connector,1785.6,0,0,https://www.google.com/search?tbm=isch&q=GSEE+23010100
SIEMENS,5SL6304-7CC,5SL6304-7CC Breaker,1784.83,0,0,https://www.google.com/search?tbm=isch&q=SIEMENS+5SL6304-7CC
VARIOUS,DW1-120D,DW1-120D water drill,1784.33,0,0,https://www.google.com/search?tbm=isch&q=VARIOUS+DW1-120D
VARIOUS,T2906500,T2906500 CONNECTOR,1784.02,0,0,https://www.google.com/search?tbm=isch&q=VARIOUS+T2906500
TURCK,6634007,RKC4.5T-10-RSC4.5T/TEY2501 Cable,1780.0,0,0,https://www.google.com/search?tbm=isch&q=TURCK+6634007
SANKYO,118060080,SOBF-60x75x80 bush with collar,1773.44,0,0,https://www.google.com/search?tbm=isch&q=SANKYO+118060080
VARIOUS,510110001,510110001  （W380*H600*D350）,1769.9,0,0,https://www.google.com/search?tbm=isch&q=VARIOUS+510110001
SANKYO,11020500,SOB 20-28-50 bush,1768.83,0,0,https://www.google.com/search?tbm=isch&q=SANKYO+11020500
SIEMENS,5SY6216-7CC,5SY6216-7CC breaker,1767.36,0,0,https://www.google.com/search?tbm=isch&q=SIEMENS+5SY6216-7CC
SANKYO,118060050,SOBF-60x75x50 bush with collar,1763.64,0,0,https://www.google.com/search?tbm=isch&q=SANKYO+118060050
MISUMI,SXYKT16L,SXYKT16L Pin,1755.32,0,0,https://www.google.com/search?tbm=isch&q=MISUMI+SXYKT16L
YANGZHOU RUIJIE HYDRAULIC TECHNOLOGY,DR08RJ,DR08RJ  connector,1750.0,0,0,https://www.google.com/search?tbm=isch&q=YANGZHOU+RUIJIE+HYDRAULIC+TECHNOLOGY+DR08RJ
FIBRO,2962.70.026.150,2962.70.026.150 angle bar,1748.68,0,0,https://www.google.com/search?tbm=isch&q=FIBRO+2962.70.026.150
BEE,20046011015,"993-1/2"" IG/IG PN14 Kugelhahn",0,205.61,0,https://www.google.com/search?tbm=isch&q=BEE+20046011015
WENGLOR,Z18Z001,Z18Z001 M18x1 Schnellbefestigungssystem,1741.74,0,0,https://www.google.com/search?tbm=isch&q=WENGLOR+Z18Z001
SEW EURODRIVE,18125859/10.0,"Bremsmotorkabel CMP HAN Q8,   10m",1739.82,0,0,https://www.google.com/search?tbm=isch&q=SEW+EURODRIVE+18125859/10.0
TÜNKERS,301104,SZK 40.1 B T12 Hub 60 Pin Cylinder,1738.0,0,0,https://www.google.com/search?tbm=isch&q=TÜNKERS+301104
SEW EURODRIVE,18121454/20M,18121454/20M Encoder cable,1727.42,0,0,https://www.google.com/search?tbm=isch&q=SEW+EURODRIVE+18121454/20M
SIEMENS,3RV6011-1DA10,3RV6011-1DA10 breaker,1725.2,0,1,https://www.google.com/search?tbm=isch&q=SIEMENS+3RV6011-1DA10
ATLAS COPCO,1021524,1021524  Hose adapter,1725.0,0,0,https://www.google.com/search?tbm=isch&q=ATLAS+COPCO+1021524
TURCK,6630939,RKC4.5T-10-RSC4.5T/TXY3013,1722.9,0,0,https://www.google.com/search?tbm=isch&q=TURCK+6630939
ITEM,0.0.294.01 L=4760MM,0.0.294.01 L=4760 Axis,1717.12,0,0,https://www.google.com/search?tbm=isch&q=ITEM+0.0.294.01+L=4760MM
DESTACO,82M-4E030050L8-A12-90,82M-4E030050L8-A12-90 Clamp,1710.0,0,0,https://www.google.com/search?tbm=isch&q=DESTACO+82M-4E030050L8-A12-90
WINKEL,231.021.000,"V 5250 + AP VULKOLLAN®-Rolle Ø52,5 mm",0,201.08,0,https://www.google.com/search?tbm=isch&q=WINKEL+231.021.000
FESTO,537129_120-P-A,ADNGF-50-120-P-A cylinder,1708.4,0,0,https://www.google.com/search?tbm=isch&q=FESTO+537129_120-P-A
FESTO,13570,"CRSG-M12x1,25 fork head",1708.26,0,0,https://www.google.com/search?tbm=isch&q=FESTO+13570
RITTAL,9342.311,Anschlussblock 95-300mm²,1699.44,0,0,https://www.google.com/search?tbm=isch&q=RITTAL+9342.311
GSEE,SK3 EZ3-1M/P01,SK3 EZ3-1M/P01 Cable,1699.2,0,0,https://www.google.com/search?tbm=isch&q=GSEE+SK3+EZ3-1M/P01
SENSOPART,902-51806,"V10/V20 Beleuchtungsk. 2xM12/12-p. 0,5m",1695.6,123.12,0,https://www.google.com/search?tbm=isch&q=SENSOPART+902-51806
NORELEM,"08910-A15,00X16","DIN172_08910_A15,00x16 bush with collar",1693.52,0,0,"https://www.google.com/search?tbm=isch&q=NORELEM+08910-A15,00X16"
JEAN MUELLER,N5014605,M00GL125 NH00 125A/500V,1693.2,0,0,https://www.google.com/search?tbm=isch&q=JEAN+MUELLER+N5014605
HELM HESPE&WOELM,050021_5300,GUIDE RAIL BG500 L= 5300 mm,0,198.34,0,https://www.google.com/search?tbm=isch&q=HELM+HESPE&WOELM+050021_5300
SKF,3200 A-2RS1TN9,3200 A-2RS1TN9 Bearing,1681.4,0,0,https://www.google.com/search?tbm=isch&q=SKF+3200+A-2RS1TN9
TÜNKERS,V2 50.1 ZL A12 T00 45-105°,V2 50.1 ZL A12 T00 45-105° Clamp,1676.0,0,0,https://www.google.com/search?tbm=isch&q=TÜNKERS+V2+50.1+ZL+A12+T00+45-105°
SICK,1211496,C4C-SA07530A10000 Light curtain 0.75m,1673.19,0,0,https://www.google.com/search?tbm=isch&q=SICK+1211496
AMF,93054,6830 Waagrechtspanner Gr.5,0,196.76,0,https://www.google.com/search?tbm=isch&q=AMF+93054
RITTAL,2500.43,"Anschlussltg. f. Systemleuchte LED, 1m",1670.2,0,0,https://www.google.com/search?tbm=isch&q=RITTAL+2500.43
VARIOUS,20095,UN10 Galvanized plastic wing nut,1665.0,0,0,https://www.google.com/search?tbm=isch&q=VARIOUS+20095
FESTO,554410,HAB-3/8+HGL-3/8 non-return valve,1662.1,0,0,https://www.google.com/search?tbm=isch&q=FESTO+554410
FESTO,578347,NPQH-D-G38-Q12-P10 Push-in fitting,1661.04,0,0,https://www.google.com/search?tbm=isch&q=FESTO+578347
FESTO,576092,DFSP-Q-20-20-DF-PA Stopper cylinder,1656.6,0,0,https://www.google.com/search?tbm=isch&q=FESTO+576092
SANKYO,11025300,SOB 25-33-30 bush,1656.0,0,0,https://www.google.com/search?tbm=isch&q=SANKYO+11025300
THIELMANN,"400016,5/11","Sonderfräser Fronius 16,5/11",0,194.56,0,"https://www.google.com/search?tbm=isch&q=THIELMANN+400016,5/11"
MISUMI,MPWZ10,MPWZ10 washer,1647.0,0,0,https://www.google.com/search?tbm=isch&q=MISUMI+MPWZ10
RITTAL,9340.13,RiLine60 Bodenwan. L=1100mm für Flachsch,1639.05,0,0,https://www.google.com/search?tbm=isch&q=RITTAL+9340.13
TÜNKERS,242838,A40 clamp arm for 50_KPL_K/K2-V/V2-APH,1638.4,0,0,https://www.google.com/search?tbm=isch&q=TÜNKERS+242838
RK ROSE&KRIEGER,80605001600,8.06050.0_1600 STAHLROHR BLANK,0,192.54,0,https://www.google.com/search?tbm=isch&q=RK+ROSE&KRIEGER+80605001600
CAMOZZI,6800810,6800 8-10 Reducer,1636.0,0,0,https://www.google.com/search?tbm=isch&q=CAMOZZI+6800810
SCHMALZ,MAB 80 HT2-65 G1/4-IG,MAB 80 HT2-65 G1/4-IG Sucker,1635.4,0,0,https://www.google.com/search?tbm=isch&q=SCHMALZ+MAB+80+HT2-65+G1/4-IG
PEPPERL&FUCHS,70113964,V19-G-30M-PUR-ABG,1635.0,0,0,https://www.google.com/search?tbm=isch&q=PEPPERL&FUCHS+70113964
VARIOUS,A9N22423,A9N22423 breaker,1634.4,0,0,https://www.google.com/search?tbm=isch&q=VARIOUS+A9N22423
LUMBERG,RSRK 50-HF5G1.5/20M,Double-ended prefabricated cable 20M,1632.9,0,0,https://www.google.com/search?tbm=isch&q=LUMBERG+RSRK+50-HF5G1.5/20M
SCHMERSAL,101181065,Sicherheitssensor,1628.32,0,0,https://www.google.com/search?tbm=isch&q=SCHMERSAL+101181065
GSEE,21010800,GD-K015-P Connector,1628.0,0,0,https://www.google.com/search?tbm=isch&q=GSEE+21010800
SICK,6032802,"Steckeverbinder M12, 4pol. gerade",1625.0,0,0,https://www.google.com/search?tbm=isch&q=SICK+6032802
TURCK,RSM52-45M/WXS2204,RSM52-45M/WXS2204 Cable,1625.0,0,0,https://www.google.com/search?tbm=isch&q=TURCK+RSM52-45M/WXS2204
SANKYO,118025020,SOBF-25x35x20 bush with collar,1614.08,0,0,https://www.google.com/search?tbm=isch&q=SANKYO+118025020
NORELEM,06925-600,06925-600 universal handle,1611.93,0,0,https://www.google.com/search?tbm=isch&q=NORELEM+06925-600
MOELLER,294415,PL10-C10/3,1602.96,0,0,https://www.google.com/search?tbm=isch&q=MOELLER+294415
NORELEM,27624-1224,27624-1224 rechts M12 Gabelgelenk,1601.76,0,1,https://www.google.com/search?tbm=isch&q=NORELEM+27624-1224
RITTAL,3454.5,Copper platoon cable clamp,1600.2,0,0,https://www.google.com/search?tbm=isch&q=RITTAL+3454.5
SKF,SI 20 TXE-2LS,SI 20 TXE-2LS Bearing,1600.0,0,0,https://www.google.com/search?tbm=isch&q=SKF+SI+20+TXE-2LS
FESTO,573833-U,VUWG-L14-B52-G18-U pneu valve,1587.14,0,0,https://www.google.com/search?tbm=isch&q=FESTO+573833-U
SIEMENS,6ES7193-6BP00-0BD0,"SIMATIC ET 200SP, Baseunit BU20-P12+A0+0",1585.76,0,0,https://www.google.com/search?tbm=isch&q=SIEMENS+6ES7193-6BP00-0BD0
ESCHA,8800298,AL-WAK4-3-AL-WAS4/S370OG,1585.0,0,0,https://www.google.com/search?tbm=isch&q=ESCHA+8800298
DESTACO,82ZB-192-1,82ZB-192-1 guide for pin cylinder,1578.34,0,0,https://www.google.com/search?tbm=isch&q=DESTACO+82ZB-192-1
WEIDMUELLER,103730000,WDU 70/95 blau wemid,1574.5,0,0,https://www.google.com/search?tbm=isch&q=WEIDMUELLER+103730000
WEIDMUELLER,1025950085,"PROFINET-Leitung M12 - 8,5m",1574.12,0,0,https://www.google.com/search?tbm=isch&q=WEIDMUELLER+1025950085
RITTAL,3452.5,Copper platoon cable clamp,1568.25,0,0,https://www.google.com/search?tbm=isch&q=RITTAL+3452.5
FESTO,578330,NPQH-D-Q8-Q6-P10 Connector,1562.8,0,0,https://www.google.com/search?tbm=isch&q=FESTO+578330
ESCHA,8072960,AL-WAK4-2-AL-WAS4/S370OG,1560.0,0,0,https://www.google.com/search?tbm=isch&q=ESCHA+8072960
GSEE,20050300,GSB-Z006-S Pin base,1557.6,0,0,https://www.google.com/search?tbm=isch&q=GSEE+20050300
GSEE,21050300,GSB-K006-S base,1557.6,0,0,https://www.google.com/search?tbm=isch&q=GSEE+21050300
SENSOPART,902-51864,"Versorgungs- und I/O-Kabel, M12",0,182.26,0,https://www.google.com/search?tbm=isch&q=SENSOPART+902-51864
HALDER,220331.0052,220331.0052 FEDERNDES DRUCKSTUECK,0,182.0,0,https://www.google.com/search?tbm=isch&q=HALDER+220331.0052
LANDEFELD,T 12 MS,"T 12 MS T-Stück 1/2""  (IG)",0,181.83,0,https://www.google.com/search?tbm=isch&q=LANDEFELD+T+12+MS
RITTAL,2394.4,Schiene für Innenausbau AX  für T: 400mm,1544.1,0,0,https://www.google.com/search?tbm=isch&q=RITTAL+2394.4
VARIOUS,91005,BGB4162L Channel steel end cover,1542.94,0,0,https://www.google.com/search?tbm=isch&q=VARIOUS+91005
FESTO,8084497,EAMM-A-T42-67A,1533.2,0,0,https://www.google.com/search?tbm=isch&q=FESTO+8084497
BOSCH REXROTH,1605-203-31 L=340,1605-203-31 L=340mm rail,1529.2,0,1,https://www.google.com/search?tbm=isch&q=BOSCH+REXROTH+1605-203-31+L=340
SIMATEC,2907001,400mL Module lubrication oil KA01,1522.04,0,0,https://www.google.com/search?tbm=isch&q=SIMATEC+2907001
RK ROSE&KRIEGER,12600000020,FK 60 Flanschklemmstück,0,178.95,0,https://www.google.com/search?tbm=isch&q=RK+ROSE&KRIEGER+12600000020
ShangGong,GB/T6135.3_2.7MM,twist drill GB/T6135.3_2.7mm,1516.09,0,0,https://www.google.com/search?tbm=isch&q=ShangGong+GB/T6135.3_2.7MM
BLICKLE,739376,BH-PO 200K-FS Schwerlast-Bockrolle,0,178.04,0,https://www.google.com/search?tbm=isch&q=BLICKLE+739376
WERMA,64450975,644 509 75 Continuous light element,1513.25,0,0,https://www.google.com/search?tbm=isch&q=WERMA+64450975
SANKYO,118035030,SOBF-35x45x30 bush with collar,1512.0,0,0,https://www.google.com/search?tbm=isch&q=SANKYO+118035030
TINGTE PIPE INDUSTRY,T1305026,T1305026 connector,1510.2,0,0,https://www.google.com/search?tbm=isch&q=TINGTE+PIPE+INDUSTRY+T1305026
SIEMENS,3RK1922-2BQ00,Energiebrueckenstecker z. Energieweiterl,1508.76,10346.6,0,https://www.google.com/search?tbm=isch&q=SIEMENS+3RK1922-2BQ00
SIEMENS,6ES7132-6HD01-0BB1_,6ES7132-6HD01-0BB1,0,176.68,0,https://www.google.com/search?tbm=isch&q=SIEMENS+6ES7132-6HD01-0BB1_
ITEM,0.0.294.01 L=4160MM,0.0.294.01 L=4160 Profile,1501.46,0,0,https://www.google.com/search?tbm=isch&q=ITEM+0.0.294.01+L=4160MM
FESTO,23328964,CN_CS.3145162.02.A .01PL RIP AIR,1500.0,0,0,https://www.google.com/search?tbm=isch&q=FESTO+23328964
MINK,STL3004-K37 L=116MM,STL3004-K37 L=116MM,1500.0,0,0,https://www.google.com/search?tbm=isch&q=MINK+STL3004-K37+L=116MM
MOELLER,72732,"PKZM0-0,4 switch",1497.84,0,0,https://www.google.com/search?tbm=isch&q=MOELLER+72732
VARIOUS,DC63HA91S00,DC63HA91S00,1497.09,0,0,https://www.google.com/search?tbm=isch&q=VARIOUS+DC63HA91S00
IGUS,2400.03.055.0,2400.03.055.0 chain,1490.08,0,0,https://www.google.com/search?tbm=isch&q=IGUS+2400.03.055.0
RK ROSE&KRIEGER,80302010240,8.03020.1 L=0240mm Rohr ø30x2mm verz.,0,175.12,0,https://www.google.com/search?tbm=isch&q=RK+ROSE&KRIEGER+80302010240
GSEE,24121200,G16B-FC-2L-M25 shell,1486.8,0,0,https://www.google.com/search?tbm=isch&q=GSEE+24121200
SIEMENS,5SU1353-1KK16,5SU1353-1KK16 switch,1485.54,0,0,https://www.google.com/search?tbm=isch&q=SIEMENS+5SU1353-1KK16
ETON,40.2.01.06,40.2.01.06 pin,1484.0,0,0,https://www.google.com/search?tbm=isch&q=ETON+40.2.01.06
ITEM,0.0.026.18,0.0.026.18 T-nut 8 St M8 zinced,1483.22,0,0,https://www.google.com/search?tbm=isch&q=ITEM+0.0.026.18
TÜNKERS,235942,A11 Clamp Arm for V/V2 40/K40.1-Clamp,1474.56,0,0,https://www.google.com/search?tbm=isch&q=TÜNKERS+235942
TÜNKERS,235943,A12 Clamp Arm for V/V2 40/K40.1-Clamp,1474.56,0,0,https://www.google.com/search?tbm=isch&q=TÜNKERS+235943
FESTO,8022470,LR-HFOE-D-MINI air feed Handling,1474.4,0,0,https://www.google.com/search?tbm=isch&q=FESTO+8022470
APS,APS84080L=1000MM,APS-8-4080 L=1000mm Profile,1470.22,0,0,https://www.google.com/search?tbm=isch&q=APS+APS84080L=1000MM
VARIOUS,RST1622RJ,RST1622RJ Connector Changzhou Ruijie,1470.0,0,0,https://www.google.com/search?tbm=isch&q=VARIOUS+RST1622RJ
ISCAR,5507879,SOMX 050204-DT IC808 Blade,1468.4,0,0,https://www.google.com/search?tbm=isch&q=ISCAR+5507879
NELSON,924399,92-43-99 Messspitze 6FL13 length 85mm,1466.82,0,0,https://www.google.com/search?tbm=isch&q=NELSON+924399
SANKYO,11040500,SOB 40-50-50 Standard- bush,1466.64,0,0,https://www.google.com/search?tbm=isch&q=SANKYO+11040500
TINGTE PIPE INDUSTRY,T1303224,T1303224 connector,1464.54,0,0,https://www.google.com/search?tbm=isch&q=TINGTE+PIPE+INDUSTRY+T1303224
FESTO,150733,HP-40 Foot fastening,1462.4,0,0,https://www.google.com/search?tbm=isch&q=FESTO+150733
GÜDEL,900722,FR20 Z guiding roll,1460.18,0,0,https://www.google.com/search?tbm=isch&q=GÜDEL+900722
PEPPERL&FUCHS,909686,NBB5-F104M-E2-C-200MM-V1 Sensor,1460.0,0,0,https://www.google.com/search?tbm=isch&q=PEPPERL&FUCHS+909686
VARIOUS,ME90TP D32.C32.Z04.10.200.C,ME90TP D32.C32.Z04.10.200.C Milling,1455.33,0,0,https://www.google.com/search?tbm=isch&q=VARIOUS+ME90TP+D32.C32.Z04.10.200.C
VARIOUS,JQ550101305,JQ550101305,1446.9,0,0,https://www.google.com/search?tbm=isch&q=VARIOUS+JQ550101305
GSEE,SK3 EZ3-5M/P21/LG,SK3 EZ3-5M/P21/LG,1442.5,0,0,https://www.google.com/search?tbm=isch&q=GSEE+SK3+EZ3-5M/P21/LG
SANKYO,118016015,SOBF-16x22x15 bush with collar,1440.56,0,0,https://www.google.com/search?tbm=isch&q=SANKYO+118016015
SMC,880924,AN40-04 silencer G1/2,1430.0,0,0,https://www.google.com/search?tbm=isch&q=SMC+880924
RITTAL,4315.1,SZ4315.100 Cable for enclosure light,1428.51,0,0,https://www.google.com/search?tbm=isch&q=RITTAL+4315.1
STAUFF,TS14 L=1000MM,TS14 L=1000mm Tragschiene in Meter,1425.0,0,0,https://www.google.com/search?tbm=isch&q=STAUFF+TS14+L=1000MM
ENIDINE,MF24056,ECO LROEM .35M shock absorber,1418.4,0,0,https://www.google.com/search?tbm=isch&q=ENIDINE+MF24056
DESTACO,5133-MR,5133-MR pushrod clamp,1413.1,0,0,https://www.google.com/search?tbm=isch&q=DESTACO+5133-MR
FESTO,160553,"PAN-V0-12x1,5-SW Kunstoffschlauch",1401.0,0,0,https://www.google.com/search?tbm=isch&q=FESTO+160553
ESCHA,8048725_,"PUR 5*0.34/S370  Cable (5x0.34mm),P00（or",1400.0,0,0,https://www.google.com/search?tbm=isch&q=ESCHA+8048725_
LUMBERG,RSRK 50-HF5G1.5/30M,Double-ended prefabricated cable 30M,1397.2,0,0,https://www.google.com/search?tbm=isch&q=LUMBERG+RSRK+50-HF5G1.5/30M
LAPP,1119952,"Control Cable 4x2,5qmm",1395.0,0,0,https://www.google.com/search?tbm=isch&q=LAPP+1119952
KUNSHAN SVLEC ELECTRIC,988251-654-0060,"M12 male-M8 female, 0.6m adapter cable",1394.0,0,0,https://www.google.com/search?tbm=isch&q=KUNSHAN+SVLEC+ELECTRIC+988251-654-0060
RITTAL,9342.24,"Anschlussadapter 125A, 690V 3-polig,",1389.5,0,0,https://www.google.com/search?tbm=isch&q=RITTAL+9342.24
FESTO,174372,HNC-063 foot mounting,1381.32,0,0,https://www.google.com/search?tbm=isch&q=FESTO+174372
DESTACO,8EA1584B,8EA-158-4-B Magnetic resistance sensor,1380.52,0,0,https://www.google.com/search?tbm=isch&q=DESTACO+8EA1584B
SCHNORR,423100,423100,1375.0,0,0,https://www.google.com/search?tbm=isch&q=SCHNORR+423100
TURCK,6904613,BS8151-0/9 Connector,1375.0,0,0,https://www.google.com/search?tbm=isch&q=TURCK+6904613
TÜNKERS,V2 50.1 A10AL,V2 50.1 A10AL  pressure arm,1372.0,0,0,https://www.google.com/search?tbm=isch&q=TÜNKERS+V2+50.1+A10AL
BREMER,1015065_,NI 25 101 5065,1369.35,0,0,https://www.google.com/search?tbm=isch&q=BREMER+1015065_
APS,8-4080 L=5710MM,8-4080 L=5710MM Aluminum profiles,1366.39,0,0,https://www.google.com/search?tbm=isch&q=APS+8-4080+L=5710MM
FENGHUANG,5X200/WHITE,5X200 White Nylon strap,1365.0,0,0,https://www.google.com/search?tbm=isch&q=FENGHUANG+5X200/WHITE
FESTO,8120469,DFAP-50-V-15-C-S-S1-CS Cylinder,1362.84,0,0,https://www.google.com/search?tbm=isch&q=FESTO+8120469
VARIOUS,DC63HA82S12G135,DC63HA82S12G135 Cylinder,1360.0,0,0,https://www.google.com/search?tbm=isch&q=VARIOUS+DC63HA82S12G135
SIEMENS,5SY6106-7CC,"Circuit breaker C6A, 1pole",1353.35,0,0,https://www.google.com/search?tbm=isch&q=SIEMENS+5SY6106-7CC
SCHMALZ,10.01.05.00376,SAOF 60x23 NBR-60 G1/4-AG Flachsauggr.,1352.4,0,0,https://www.google.com/search?tbm=isch&q=SCHMALZ+10.01.05.00376
TURCK,1636734,Bi15U-MT30-AP6X-H1141 sensor,1350.0,0,0,https://www.google.com/search?tbm=isch&q=TURCK+1636734
COLSON,4.06109.929 BRK3,4.06109.929 BRK3 caster wheel,1344.0,0,0,https://www.google.com/search?tbm=isch&q=COLSON+4.06109.929+BRK3
FESTO,8152201,"SMT-10M-PS-24V-E-0,3-L-M12 sensor",1343.36,0,0,https://www.google.com/search?tbm=isch&q=FESTO+8152201
SCHNEIDER ELECTRIC,ZB4-BZ102,ZB4BZ102 Cuerpo completo 1NC,1341.7,0,1,https://www.google.com/search?tbm=isch&q=SCHNEIDER+ELECTRIC+ZB4-BZ102
BCI,129944,FIXING BRACKET M220 BODY,0,157.5,0,https://www.google.com/search?tbm=isch&q=BCI+129944
FESTO,578311,NPQH-D-S12-Q8-P10,1335.6,0,0,https://www.google.com/search?tbm=isch&q=FESTO+578311
SEW EURODRIVE,13354221/5.0,13354221/5.0 assembled cable,1333.63,0,0,https://www.google.com/search?tbm=isch&q=SEW+EURODRIVE+13354221/5.0
RK ROSE&KRIEGER,82503011150,8.25030.1 L=1150mm  Alu-Rohr Ø 50 x 3,0,156.32,0,https://www.google.com/search?tbm=isch&q=RK+ROSE&KRIEGER+82503011150
LUMBERG,PNM2TPE22JT300M,PNM2TPE22JT300M Cable,1327.45,0,0,https://www.google.com/search?tbm=isch&q=LUMBERG+PNM2TPE22JT300M
NORELEM,07180-10850,07180-10850 B STAINLESS STEEL,1326.48,0,0,https://www.google.com/search?tbm=isch&q=NORELEM+07180-10850
COLSON,4.06108.829,4.06108.829 roll,1326.0,0,0,https://www.google.com/search?tbm=isch&q=COLSON+4.06108.829
SCHNEEBERGER,575501036,575 501 036 MST M5-49 X 39 X 204-G,0,155.78,0,https://www.google.com/search?tbm=isch&q=SCHNEEBERGER+575501036
NORELEM,"08910-A22,00X20","DIN172_08910_A22,00x20 drill bush",1322.47,0,0,"https://www.google.com/search?tbm=isch&q=NORELEM+08910-A22,00X20"
ITEM,0.0.661.87,0.0.661.87 shaft-coupling D25-74,1320.93,0,0,https://www.google.com/search?tbm=isch&q=ITEM+0.0.661.87
GEBERIT,81223,T-Stück reduziert Ø 54 x 22 x 54,0,155.28,0,https://www.google.com/search?tbm=isch&q=GEBERIT+81223
SCHNEIDER ELECTRIC,XB2-BA61C,XB2-BA61C button 1NO blue,1319.0,0,0,https://www.google.com/search?tbm=isch&q=SCHNEIDER+ELECTRIC+XB2-BA61C
CONTITECH,4000004454,4000004454 ANSCHLAG PUFFER,0,154.52,0,https://www.google.com/search?tbm=isch&q=CONTITECH+4000004454
HILTI,3501741,HDM 500 Glue gun,1313.37,0,0,https://www.google.com/search?tbm=isch&q=HILTI+3501741
RITTAL,3450.5,Copper platoon cable clamp,1307.12,0,0,https://www.google.com/search?tbm=isch&q=RITTAL+3450.5
FESTO,31766,LBG-100 clevis foot mount,1301.34,0,0,https://www.google.com/search?tbm=isch&q=FESTO+31766
ATLAS COPCO,1001269,1001269 Sensor,1296.0,0,0,https://www.google.com/search?tbm=isch&q=ATLAS+COPCO+1001269
HIWIN,EGW25SC-Z0-H,EGW25SC-Z0-H guide wagon,1295.64,0,0,https://www.google.com/search?tbm=isch&q=HIWIN+EGW25SC-Z0-H
NORELEM,"08910-B40,00X30","DIN172_08910_B40,00x30 Bundbohrbuchse",1293.6,0,0,"https://www.google.com/search?tbm=isch&q=NORELEM+08910-B40,00X30"
SIEMENS,5SY62067CC,5SY6 206-7CC,1293.12,0,0,https://www.google.com/search?tbm=isch&q=SIEMENS+5SY62067CC
RITTAL,8602.05,Diode module with diode 1 n 4007 5 mm,1290.96,0,0,https://www.google.com/search?tbm=isch&q=RITTAL+8602.05
ESCHA,8054422,"Al-WWAK5P3-0,6-AL-WAS5/S370 CABLE",1290.0,0,0,https://www.google.com/search?tbm=isch&q=ESCHA+8054422
RITTAL,8800.43,group marker carrier 5 mm,1287.93,0,0,https://www.google.com/search?tbm=isch&q=RITTAL+8800.43
LUMBERG,RS 50-HF5G1.5/30M,RS 50-HF5G1.5/30M power cable,1283.4,0,0,https://www.google.com/search?tbm=isch&q=LUMBERG+RS+50-HF5G1.5/30M
BLEICHERT,CD.1M06D35,CD.1M06D35  washer,1275.0,0,0,https://www.google.com/search?tbm=isch&q=BLEICHERT+CD.1M06D35
RITTAL,9341.07,SV9341.070 RiLine60 end cover (PLS800),1274.01,0,0,https://www.google.com/search?tbm=isch&q=RITTAL+9341.07
HELM HESPE&WOELM,050021_4000_,GUIDE RAIL BG500 L= 4000 mm,0,149.69,0,https://www.google.com/search?tbm=isch&q=HELM+HESPE&WOELM+050021_4000_
RITTAL,8802.085,end and intermediate plate 2.5 mm,1269.18,0,0,https://www.google.com/search?tbm=isch&q=RITTAL+8802.085
VARIOUS,6052P013,6052P013,1268.2,0,0,https://www.google.com/search?tbm=isch&q=VARIOUS+6052P013
SENSOPART,902-51805,"Versorgungs- und I/O-Kabel, 20 m, gerade",1254.86,0,0,https://www.google.com/search?tbm=isch&q=SENSOPART+902-51805
SANKYO,11040400,SOB 40-50-40 bush,1251.46,0,0,https://www.google.com/search?tbm=isch&q=SANKYO+11040400
VARIOUS,ADK-LA-80X120,ADK-LA-80X120  Expansion sleeve,1247.79,0,0,https://www.google.com/search?tbm=isch&q=VARIOUS+ADK-LA-80X120
CAMOZZI,S65101212,S6510-12-1/2 connector,1247.0,0,0,https://www.google.com/search?tbm=isch&q=CAMOZZI+S65101212
RITTAL,9343.21,"NH Reitersicherungslasttrenner Gr.2,400A",1245.92,0,0,https://www.google.com/search?tbm=isch&q=RITTAL+9343.21
KUNSHAN SVLEC ELECTRIC,8004001120,HA Series 4 circuit  16A,1242.6,0,0,https://www.google.com/search?tbm=isch&q=KUNSHAN+SVLEC+ELECTRIC+8004001120
FESTO,4977493,NEBM-L5G6-E-10-N-LE6 cable,1238.72,0,0,https://www.google.com/search?tbm=isch&q=FESTO+4977493
SIEMENS,5SL6106-7CC,5SL6106-7CC breaker,1237.96,0,0,https://www.google.com/search?tbm=isch&q=SIEMENS+5SL6106-7CC
EUCHNER,077015_,Connection cable with plug connector M23,1226.11,0,0,https://www.google.com/search?tbm=isch&q=EUCHNER+077015_
VARIOUS,923122,923122 Connector,1221.24,0,0,https://www.google.com/search?tbm=isch&q=VARIOUS+923122
VARIOUS,923121,923121 Connector,1221.24,0,0,https://www.google.com/search?tbm=isch&q=VARIOUS+923121
LUMBERG,RSRK 50-HF5G1.5/25M,Double-ended prefabricated cable 25M,1218.6,0,0,https://www.google.com/search?tbm=isch&q=LUMBERG+RSRK+50-HF5G1.5/25M
COLSON,4-8189-929,4-8189-929 Swivel Castor,1216.0,0,0,https://www.google.com/search?tbm=isch&q=COLSON+4-8189-929
IGUS,2700.09.100.0 L=1736 +2609.34PZB,2700.09.100.0 L=1736mm +2609.34PZB Chain,1214.3,0,0,https://www.google.com/search?tbm=isch&q=IGUS+2700.09.100.0+L=1736++2609.34PZB
SIEMENS,3RV6011-1JA10,3RV6011-1JA10 Breaker,1207.08,0,1,https://www.google.com/search?tbm=isch&q=SIEMENS+3RV6011-1JA10
RK ROSE&KRIEGER,82503011350,8.25030.1 L=1350mm  Alu-Rohr Ø 50 x 3,0,141.3,0,https://www.google.com/search?tbm=isch&q=RK+ROSE&KRIEGER+82503011350
ESCHA,8048273,AL-SKP3-5-AL-WAS3/S370 cable,1200.0,0,0,https://www.google.com/search?tbm=isch&q=ESCHA+8048273
LOCTITE,577/50ML,Loctite 577 Thread Sealant 50ml,1199.88,0,0,https://www.google.com/search?tbm=isch&q=LOCTITE+577/50ML
SCHMALZ,10.01.03.00327,SAUG-ANB G1/4-AG 110 Saugeranbind.110mm,1196.48,0,0,https://www.google.com/search?tbm=isch&q=SCHMALZ+10.01.03.00327
KUNSHAN SVLEC ELECTRIC,8106103220,HE Series 6 circuit  16A,1194.75,0,0,https://www.google.com/search?tbm=isch&q=KUNSHAN+SVLEC+ELECTRIC+8106103220
LEONI,LS-KU-A1-7M,LS-KU-A1-7M Cable,1194.69,0,0,https://www.google.com/search?tbm=isch&q=LEONI+LS-KU-A1-7M
SCHNEIDER ELECTRIC,A9SF19210,"A9SF19210 1 pole NA,10A,D breaker",1194.6,0,0,https://www.google.com/search?tbm=isch&q=SCHNEIDER+ELECTRIC+A9SF19210
SCHMALZ,10.01.06.02957,FSGAO 55x20 HT1-60 G1/4-IG SAUGGREIFER,1192.86,0,0,https://www.google.com/search?tbm=isch&q=SCHMALZ+10.01.06.02957
SIEMENS,3NA3822-2C,3NA3822-2C,1183.17,0,1,https://www.google.com/search?tbm=isch&q=SIEMENS+3NA3822-2C
MÄDLER,107 815 20,10781520 KETTENRAD_BHT_FORM_A,1182.32,1695.56,2,https://www.google.com/search?tbm=isch&q=MÄDLER+107+815+20
ITEM,0.0.026.01,0.0.026.01 cap 8 40x40 black,1180.37,0,0,https://www.google.com/search?tbm=isch&q=ITEM+0.0.026.01
HILTI,2105888,HST3 M8x75 -/10 ANCHOR BOLT,1180.0,0,0,https://www.google.com/search?tbm=isch&q=HILTI+2105888
ESCHA,8072971,AL-WWAK4P3-2-AL-WAS4/S370OG,1176.0,0,0,https://www.google.com/search?tbm=isch&q=ESCHA+8072971
APS,8-4080 L=4910MM,8-4080 L=4910MM Aluminum profiles,1174.97,0,0,https://www.google.com/search?tbm=isch&q=APS+8-4080+L=4910MM
VARIOUS,JQ551005008,JQ551005008 Line,1168.08,0,0,https://www.google.com/search?tbm=isch&q=VARIOUS+JQ551005008
ZIMMER,CSTE01249,CSTE01249 Cable,1166.4,0,0,https://www.google.com/search?tbm=isch&q=ZIMMER+CSTE01249
KIPPING,4734061,4734061 Stange für Tortreibriegel 3m,0,136.8,0,https://www.google.com/search?tbm=isch&q=KIPPING+4734061
RK ROSE&KRIEGER,82302010300,8.23020.1 L=0300mm Alu-Rohr ø 30 x 2,0,136.76,0,https://www.google.com/search?tbm=isch&q=RK+ROSE&KRIEGER+82302010300
SCHNEIDER,A9D65216,iC65N Vigi+ 2P C 16A 30mA A ELE,1159.5,0,0,https://www.google.com/search?tbm=isch&q=SCHNEIDER+A9D65216
WERMA,649.800.03,"Signalsäule kpl., LED-Dauerlichtelement",1158.9,0,0,https://www.google.com/search?tbm=isch&q=WERMA+649.800.03
SANKYO,11020168,SOB 20-30-16 bush,1155.0,0,0,https://www.google.com/search?tbm=isch&q=SANKYO+11020168
SEW EURODRIVE,18201334,Braking resistor,1153.1,0,0,https://www.google.com/search?tbm=isch&q=SEW+EURODRIVE+18201334
RITTAL,9344.52,SV9344.520 Connection space cover,1151.15,0,0,https://www.google.com/search?tbm=isch&q=RITTAL+9344.52
APS,8-4080 L=4810MM,8-4080 L=4810MM Aluminum profiles,1151.05,0,0,https://www.google.com/search?tbm=isch&q=APS+8-4080+L=4810MM
NORELEM,"08900-A12,00X20","DIN179_08900_A12,00X20 drilling bush",1149.82,0,0,"https://www.google.com/search?tbm=isch&q=NORELEM+08900-A12,00X20"
ShangGong,GB/T6135.3_5MM,twist drill GB/T6135.3_5mm,1149.67,0,0,https://www.google.com/search?tbm=isch&q=ShangGong+GB/T6135.3_5MM
VARIOUS,T2406500,T2406500 cap,1147.0,0,0,https://www.google.com/search?tbm=isch&q=VARIOUS+T2406500
FESTO,8041314,"CS6-120/010/4,3 cable, grounding strap",1144.5,0,0,https://www.google.com/search?tbm=isch&q=FESTO+8041314
OBO BETTERMANN,7111509,7111509 RWEB 150 FS,1142.59,0,0,https://www.google.com/search?tbm=isch&q=OBO+BETTERMANN+7111509
MURRPLASTIK,87171057,"87171057 146mm*90mm*10mm,KDL 2/10",1141.36,0,0,https://www.google.com/search?tbm=isch&q=MURRPLASTIK+87171057
SCHMALZ,10.01.05.00266,SAOF 90x30 NBR-60 G1/4-IG suction cup,1138.32,0,0,https://www.google.com/search?tbm=isch&q=SCHMALZ+10.01.05.00266
TÜNKERS,V2 63.1 ZR A12 T00 45°-105°,V2 63.1 ZR A12 T00 45°-105° Clamp,1138.0,0,0,https://www.google.com/search?tbm=isch&q=TÜNKERS+V2+63.1+ZR+A12+T00+45°-105°
TÜNKERS,V_63.1_ZR_A42_T00 45~120°,V_63.1_ZR_A42_T00_45~120° clamp,1138.0,0,0,https://www.google.com/search?tbm=isch&q=TÜNKERS+V_63.1_ZR_A42_T00+45~120°
RITTAL,8612.15,System-Chassis 17x73mm f. 500mm Schr.Tie,1137.78,0,0,https://www.google.com/search?tbm=isch&q=RITTAL+8612.15
FIBRO,2966.72.030.100.030,2966.72.030.100.030 slider,1132.74,0,0,https://www.google.com/search?tbm=isch&q=FIBRO+2966.72.030.100.030
FESTO,578331,NPQH-D-Q12-Q8-P10,1127.7,0,0,https://www.google.com/search?tbm=isch&q=FESTO+578331
RITTAL,8145.235,Seitenwände in RAL7035,1124.4,0,0,https://www.google.com/search?tbm=isch&q=RITTAL+8145.235
SENSOPART,902-51782,CI L4MG/RJ45G-GS-5m-PUR Ethernetkabel,0,132.04,0,https://www.google.com/search?tbm=isch&q=SENSOPART+902-51782
HARTING,9150006121,09150006121 CRIMP MALE  1.5 mm2,1120.0,0,0,https://www.google.com/search?tbm=isch&q=HARTING+9150006121
CAMOZZI,654012,6540 12 connector,1119.2,0,0,https://www.google.com/search?tbm=isch&q=CAMOZZI+654012
TÜNKERS,V 50.1/K 50/MK 50.1 RL,V 50.1/K 50/MK 50.1 RL  stopper,1118.0,0,0,https://www.google.com/search?tbm=isch&q=TÜNKERS+V+50.1/K+50/MK+50.1+RL
TÜNKERS,V 50.1/K 50/MK 50.1 RR,V 50.1/K 50/MK 50.1 RR   stopper,1118.0,0,0,https://www.google.com/search?tbm=isch&q=TÜNKERS+V+50.1/K+50/MK+50.1+RR
GEBERIT,81711,"Übergangsstück mit Außengewinde Ø54 -R2""",0,131.48,0,https://www.google.com/search?tbm=isch&q=GEBERIT+81711
SIEMENS,5SY4110-7CC,5SY4110-7CC,1116.34,0,0,https://www.google.com/search?tbm=isch&q=SIEMENS+5SY4110-7CC
KUNSHAN SVLEC ELECTRIC,63014104,63014104 M12 connector butt snap,1115.0,0,0,https://www.google.com/search?tbm=isch&q=KUNSHAN+SVLEC+ELECTRIC+63014104
RITTAL,9340.21,SV9340.210 SV RiLine60 cover section,1110.5,0,0,https://www.google.com/search?tbm=isch&q=RITTAL+9340.21
SANKYO,11030400,SOB 30-38-40 bush,1108.64,0,0,https://www.google.com/search?tbm=isch&q=SANKYO+11030400
INA,62082RSR,6208-2RSR Rillenkugellager,1104.32,0,0,https://www.google.com/search?tbm=isch&q=INA+62082RSR
RITTAL,8601.6,Sockel-Element vorn und hinten 100mm hoc,1103.64,0,0,https://www.google.com/search?tbm=isch&q=RITTAL+8601.6
IGUS,16000.2,16000.2 AE-Satz Festpunkt Stahl,1101.14,0,0,https://www.google.com/search?tbm=isch&q=IGUS+16000.2
LENZE,QEV111AHKPHR,QEV111AHKPHR Motor connection cable,1097.83,0,0,https://www.google.com/search?tbm=isch&q=LENZE+QEV111AHKPHR
SEW EURODRIVE,8207135,Baking resistor,1095.79,0,0,https://www.google.com/search?tbm=isch&q=SEW+EURODRIVE+8207135
FESTO,228376,PAL-1/8-1/4.... holder angle,1095.12,0,0,https://www.google.com/search?tbm=isch&q=FESTO+228376
SCHNEIDER ELECTRIC,NSC60E3030N,NSC60E3030N,1088.48,0,0,https://www.google.com/search?tbm=isch&q=SCHNEIDER+ELECTRIC+NSC60E3030N
SCHMALZ,10.01.06.00990,FSG 42 HT1-60 G1/4-IG,1088.0,0,0,https://www.google.com/search?tbm=isch&q=SCHMALZ+10.01.06.00990
SMC,F08-4000-M12-M,F08-4000-M12-M pressure sensor,1086.0,0,0,https://www.google.com/search?tbm=isch&q=SMC+F08-4000-M12-M
CAMOZZI,65126M5,6512 6-M5 connector,1083.95,0,0,https://www.google.com/search?tbm=isch&q=CAMOZZI+65126M5
TÜNKERS,V2 40 A51,V2 40 A51   Cylinder pressure arm,1080.0,0,1,https://www.google.com/search?tbm=isch&q=TÜNKERS+V2+40+A51
SCHMALZ,10.01.05.00578,SAOF 80x40 NBR-45 G1/4-IG suction cup,1080.0,0,0,https://www.google.com/search?tbm=isch&q=SCHMALZ+10.01.05.00578
RITTAL,1548.5,EB Box 150x300x120mm RAL 7035,1079.9,0,0,https://www.google.com/search?tbm=isch&q=RITTAL+1548.5
IGUS,2700.07.063.0 L=1512MM + 26001-07-12-A1,2700.07.063.0 L=1512MM + 26001-07-12-A1,1076.66,0,0,https://www.google.com/search?tbm=isch&q=IGUS+2700.07.063.0+L=1512MM+++26001-07-12-A1
SANKYO,11012120,SOB 12-18-12 standard bush,1075.2,0,0,https://www.google.com/search?tbm=isch&q=SANKYO+11012120
PHOENIX,3036288,"Vierleiter-Reichenklemme 2,5mm², blau",1072.5,0,0,https://www.google.com/search?tbm=isch&q=PHOENIX+3036288
WÜRTH,5176001016,WANTNSPN-GBL/GBL-OFFM-A4-M16 Wantenspann,1069.02,0,0,https://www.google.com/search?tbm=isch&q=WÜRTH+5176001016
FESTO,174382,FNC-125 flange clamp,1068.92,0,0,https://www.google.com/search?tbm=isch&q=FESTO+174382
HILTI,74068,TE-FY-BA-C drill chuck,1065.24,0,0,https://www.google.com/search?tbm=isch&q=HILTI+74068
MITSUBISHI ELECTRIC,V-AD5S,V-AD5S handle,1061.92,0,0,https://www.google.com/search?tbm=isch&q=MITSUBISHI+ELECTRIC+V-AD5S
ISCAR,5600124,SDMT 0903AD-N IC520M Blade,1060.0,0,0,https://www.google.com/search?tbm=isch&q=ISCAR+5600124
LAPP,26170,26170,1054.0,0,0,https://www.google.com/search?tbm=isch&q=LAPP+26170
RITTAL,8802.12,Profil zur Kabeleinführung 1200,1052.7,0,0,https://www.google.com/search?tbm=isch&q=RITTAL+8802.12
VARIOUS,BT50 K19X100,BT50 K19x100 Knife handle,1050.84,0,0,https://www.google.com/search?tbm=isch&q=VARIOUS+BT50+K19X100
LENZE,QEV111ACZJKO,Motorleitung f. Frequenzumrichter 15m,1050.49,0,0,https://www.google.com/search?tbm=isch&q=LENZE+QEV111ACZJKO
EISELE,628-0809,"628-0809 gerade Einschraubung 1/2""-12",0,123.5,0,https://www.google.com/search?tbm=isch&q=EISELE+628-0809
ATLAS COPCO,1000237,1000237 Cylinder,1049.0,0,0,https://www.google.com/search?tbm=isch&q=ATLAS+COPCO+1000237
SANKYO,118030020,SOBF-30x40x20 bush with collar,1048.8,0,0,https://www.google.com/search?tbm=isch&q=SANKYO+118030020
LENZE,QEV111ACSJFV,Motorleitung Servoumrichter 9400 10m,1048.5,0,0,https://www.google.com/search?tbm=isch&q=LENZE+QEV111ACSJFV
JIEKE,22,Ballpoint Hex L-keys long metric 22,1042.72,0,0,https://www.google.com/search?tbm=isch&q=JIEKE+22
EATON,72739,"Motorschutzschalt. 3p, 6,3-10A",1042.44,0,0,https://www.google.com/search?tbm=isch&q=EATON+72739
SANKYO,11018150,SOB 18-24-15 bush,1040.0,0,0,https://www.google.com/search?tbm=isch&q=SANKYO+11018150
LAPP,35802,"UNITRONIC-LiYCY(TP),4x2x0,25mm",1038.0,0,0,https://www.google.com/search?tbm=isch&q=LAPP+35802
VARIOUS,917121-297-2000,917121-297-2000,1035.39,0,0,https://www.google.com/search?tbm=isch&q=VARIOUS+917121-297-2000
ITEM,0.0.196.63,0.0.196.63 Glass Clip,1034.78,0,0,https://www.google.com/search?tbm=isch&q=ITEM+0.0.196.63
ATLAS COPCO,1011250,1011250 pin,1034.0,0,0,https://www.google.com/search?tbm=isch&q=ATLAS+COPCO+1011250
FESTO,153269,QSC-8H Blindstopfen,1033.5,0,0,https://www.google.com/search?tbm=isch&q=FESTO+153269
VARIOUS,BAR6004,BAR6004,1031.04,0,0,https://www.google.com/search?tbm=isch&q=VARIOUS+BAR6004
RITTAL,2388.18,cable clip,1030.33,0,0,https://www.google.com/search?tbm=isch&q=RITTAL+2388.18
TINGTE PIPE INDUSTRY,T1905016,T1905016 connector,1029.0,0,0,https://www.google.com/search?tbm=isch&q=TINGTE+PIPE+INDUSTRY+T1905016
FESTO,576146,"DFSP-50-30-S-PA, STOPPER CYLINDER",1025.8,0,0,https://www.google.com/search?tbm=isch&q=FESTO+576146
FESTO,578329,NPQH-D-Q6-Q4-P10 Connector,1025.5,0,0,https://www.google.com/search?tbm=isch&q=FESTO+578329
MOELLER,294411,PL10-C2/3 breaker,1024.15,0,0,https://www.google.com/search?tbm=isch&q=MOELLER+294411
ITEM,0.0.388.49,0.0.388.49 T-nut 8 St M8 stainless,1021.29,0,0,https://www.google.com/search?tbm=isch&q=ITEM+0.0.388.49
SANKYO,118080060,SOBF-80x100x60 bush with collar,1020.7,0,0,https://www.google.com/search?tbm=isch&q=SANKYO+118080060
ESCHA,8048271,AL-SKP3-3-AL-WAS3/S370 cable,1020.0,0,0,https://www.google.com/search?tbm=isch&q=ESCHA+8048271
VARIOUS,950061,"950061 7/8"", Female Connector Xingweilian",1017.7,0,0,https://www.google.com/search?tbm=isch&q=VARIOUS+950061
WEIDMUELLER,1784760000,SAIEND CAN-M12 5P A-COD,1016.26,0,0,https://www.google.com/search?tbm=isch&q=WEIDMUELLER+1784760000
WEIDMUELLER,9006060000,SWIFTY SET 9006060000,1015.0,0,0,https://www.google.com/search?tbm=isch&q=WEIDMUELLER+9006060000
VARIOUS,4EM D200.045.C20.100 SG830,4EM D200.045.C20.100 SG830,1010.72,0,0,https://www.google.com/search?tbm=isch&q=VARIOUS+4EM+D200.045.C20.100+SG830
SICK,6013443,VTE18-4P2440 Sensor,1004.0,0,0,https://www.google.com/search?tbm=isch&q=SICK+6013443
PEPPERL&FUCHS,236476,"NBB1,5-8GS40-E2-T-V3 Sensor",1002.96,0,0,https://www.google.com/search?tbm=isch&q=PEPPERL&FUCHS+236476
LENZE,13549457,Braking resistor: 180 Ω,1002.15,0,0,https://www.google.com/search?tbm=isch&q=LENZE+13549457
PEPPERL&FUCHS,42859,Flachgehäuse Geh. 04-A88OB,1000.0,0,0,https://www.google.com/search?tbm=isch&q=PEPPERL&FUCHS+42859
PEPPERL&FUCHS,304615-0031,NBB2-8GM25-E2-V3 sensor,998.88,0,0,https://www.google.com/search?tbm=isch&q=PEPPERL&FUCHS+304615-0031
NORELEM,07715-0050008,07715-0050008 bow shackle,998.16,0,0,https://www.google.com/search?tbm=isch&q=NORELEM+07715-0050008
VARIOUS,WELDING MASK_PORTABLE,Welding Mask_portable,994.65,0,0,https://www.google.com/search?tbm=isch&q=VARIOUS+WELDING+MASK_PORTABLE
HAPPICH,4610028,Flex.Kantensch. Klemmber. 1-2mm,0,116.98,0,https://www.google.com/search?tbm=isch&q=HAPPICH+4610028
SIEMENS,5SY6102-7CC,"Circuit breaker C2A, 1pole",994.22,0,0,https://www.google.com/search?tbm=isch&q=SIEMENS+5SY6102-7CC
FESTO,558664,NPQM-D-G14-Q6-P10 connector,994.17,0,0,https://www.google.com/search?tbm=isch&q=FESTO+558664
RK ROSE&KRIEGER,13600000020,FS 60 Fussklemmstück,0,116.95,0,https://www.google.com/search?tbm=isch&q=RK+ROSE&KRIEGER+13600000020
RITTAL,8612.26,"8612.260 TS punched rail, 18 x 38 mm",992.63,0,0,https://www.google.com/search?tbm=isch&q=RITTAL+8612.26
GSEE,24120200,G16B-T4E-M25 shell,991.2,0,0,https://www.google.com/search?tbm=isch&q=GSEE+24120200
SIEMENS,3RT6015-1BB41,3RT6015-1BB41 CONTACTOR,991.12,0,0,https://www.google.com/search?tbm=isch&q=SIEMENS+3RT6015-1BB41
FESTO,548237,MS4-LR-1/4-D7-A8-AS-WR Pressure regulato,986.76,0,0,https://www.google.com/search?tbm=isch&q=FESTO+548237
FESTO,153005,QS-1/4-8 Push-in fitting,979.44,0,0,https://www.google.com/search?tbm=isch&q=FESTO+153005
LANDEFELD,TWT 12010063 ES,TWT12010063ES Bimetalltherm. 0-120°C,0,115.2,1,https://www.google.com/search?tbm=isch&q=LANDEFELD+TWT+12010063+ES
NORELEM,06208-44008X25,06208-44008x25 handle type L,979.04,0,0,https://www.google.com/search?tbm=isch&q=NORELEM+06208-44008X25
FESTO,161109,NAS-1/4-01-VDMA Individual sub-base,976.8,0,0,https://www.google.com/search?tbm=isch&q=FESTO+161109
IGUS,1400.020.038.0 L=366 + 14020.12PZ.A1,1400.020.038.0 L=366 + 14020.12PZ.A1,976.3,0,0,https://www.google.com/search?tbm=isch&q=IGUS+1400.020.038.0+L=366+++14020.12PZ.A1
FESTO,8002257,LR-1/2-D-MIDI-MPA Pressure regulator,975.06,0,0,https://www.google.com/search?tbm=isch&q=FESTO+8002257
ATLAS COPCO,1011777,1011777 Bolt,974.0,0,0,https://www.google.com/search?tbm=isch&q=ATLAS+COPCO+1011777
GÜDEL,902021,SP20 flange,973.44,0,0,https://www.google.com/search?tbm=isch&q=GÜDEL+902021
SEW EURODRIVE,13309307/15M,SensorBox 13309307/15m,969.91,0,0,https://www.google.com/search?tbm=isch&q=SEW+EURODRIVE+13309307/15M
MENZEL,9500000260,9500000260 Einfüllhilfe mit Zylindersieb,0,114.08,0,https://www.google.com/search?tbm=isch&q=MENZEL+9500000260
BLICKLE,738119,POEV_125_15K-SB_738119-203,0,113.45,0,https://www.google.com/search?tbm=isch&q=BLICKLE+738119
SATA,96424,"adjustment torque spanner 1/2""",962.1,0,0,https://www.google.com/search?tbm=isch&q=SATA+96424
WALTER,1110002333,"412,7 PPR  Clamp Body",960.0,0,0,https://www.google.com/search?tbm=isch&q=WALTER+1110002333
FESTO,536309_075-I-P-A,ADN-50-75-I-P-A Cylinder,958.74,0,0,https://www.google.com/search?tbm=isch&q=FESTO+536309_075-I-P-A
PNEUMAX,22OT0414,22OT0414 Connector,950.36,0,0,https://www.google.com/search?tbm=isch&q=PNEUMAX+22OT0414
FESTO,174395,SNCB-100 swivel flange,949.68,0,0,https://www.google.com/search?tbm=isch&q=FESTO+174395
FESTO,174392,SNCB-50 Swivel flange,938.03,0,0,https://www.google.com/search?tbm=isch&q=FESTO+174392
SCHNEIDER ELECTRIC,A9SF19206,"A9SF19206 1 pole+ NA,6A,D breaker",937.4,0,0,https://www.google.com/search?tbm=isch&q=SCHNEIDER+ELECTRIC+A9SF19206
RK ROSE&KRIEGER,80404010400,8.04040.1_0400 ø40x4 galv.verz. Rohr,0,110.24,0,https://www.google.com/search?tbm=isch&q=RK+ROSE&KRIEGER+80404010400
TURCK,6945003,MW-12 Befestigungswinkel V2A,936.0,0,0,https://www.google.com/search?tbm=isch&q=TURCK+6945003
FESTO,536288_030-A-P-A-SK10,ADN-040-030-A-P-A-SK10 Compact cylinder,934.56,0,0,https://www.google.com/search?tbm=isch&q=FESTO+536288_030-A-P-A-SK10
VARIOUS,944511-796-0500,944511-796-0500 M12 Cable 5M - Xingweilian,934.48,0,0,https://www.google.com/search?tbm=isch&q=VARIOUS+944511-796-0500
RITTAL,1570.8,"Montageplatte, Bus-Gehäuse KX,BH:275x585",934.15,0,0,https://www.google.com/search?tbm=isch&q=RITTAL+1570.8
FESTO,174399,SNCS-50 Swivel flange,932.86,0,0,https://www.google.com/search?tbm=isch&q=FESTO+174399
FESTO,4977492,NEBM-L4G2-E-10-N-LE2 motor cable,924.96,0,0,https://www.google.com/search?tbm=isch&q=FESTO+4977492
SCHNEIDER ELECTRIC,A9SF19316,"A9SF19316 3P,16A,D breaker",923.3,0,0,https://www.google.com/search?tbm=isch&q=SCHNEIDER+ELECTRIC+A9SF19316
SIEMENS,3RT6026-1BB40,"3RT6026-1BB40 Contactor, 11KW",920.36,0,0,https://www.google.com/search?tbm=isch&q=SIEMENS+3RT6026-1BB40
VARIOUS,91003,BGB4141L Channel steel end cover,920.0,0,0,https://www.google.com/search?tbm=isch&q=VARIOUS+91003
IGUS,143400.18.12.A,143400.18.12.A,914.75,0,0,https://www.google.com/search?tbm=isch&q=IGUS+143400.18.12.A
SANKYO,11070700,SOB 70-85-70 Bushing,914.12,0,0,https://www.google.com/search?tbm=isch&q=SANKYO+11070700
SCHNEIDER ELECTRIC,A9SF19102,"A9SF19102 1P,2A,D breaker",912.4,0,0,https://www.google.com/search?tbm=isch&q=SCHNEIDER+ELECTRIC+A9SF19102
KIPPING,4734060,"4734060 Stange 2,5m",0,107.1,0,https://www.google.com/search?tbm=isch&q=KIPPING+4734060
RITTAL,7078,DK7078.000 CABLE CLAMP C RAIL 12-18mm,906.86,0,0,https://www.google.com/search?tbm=isch&q=RITTAL+7078
FESTO,2305778,"CRFK-M10X1,25 Kupplungsstück",900.1,0,0,https://www.google.com/search?tbm=isch&q=FESTO+2305778
RÄDER VOGEL,5751001000,178 PUR/100/025/5/15 Wheel,898.0,0,0,https://www.google.com/search?tbm=isch&q=RÄDER+VOGEL+5751001000
OBO BETTERMANN,6065007,6065007 DRL 311 FT Turn buckle,880.77,0,0,https://www.google.com/search?tbm=isch&q=OBO+BETTERMANN+6065007
FISCHERWERKE,511118,FIS DM S  Auspresspistole,880.0,0,0,https://www.google.com/search?tbm=isch&q=FISCHERWERKE+511118
FESTO,536351_036-A-P-A,ADN-080-036-A-P-A cylinder,877.28,0,0,https://www.google.com/search?tbm=isch&q=FESTO+536351_036-A-P-A
UGREEN,30357,30357 KVM splitter,876.15,0,0,https://www.google.com/search?tbm=isch&q=UGREEN+30357
RITTAL,9345.73,"CB-Geräteadapter 3-polig 400A, unten",872.15,0,0,https://www.google.com/search?tbm=isch&q=RITTAL+9345.73
FENGHUANG,4X150/WHITE,4x150 White Nylon strap,872.1,0,0,https://www.google.com/search?tbm=isch&q=FENGHUANG+4X150/WHITE
SENSOPART,902-51841,V10/V20 Illumination cable 2x M12/12-pol,871.4,0,0,https://www.google.com/search?tbm=isch&q=SENSOPART+902-51841
FEDERNTECHNIK KNÖRZER,68078,68078 Schenkelfeder,0,101.7,0,https://www.google.com/search?tbm=isch&q=FEDERNTECHNIK+KNÖRZER+68078
SCHNEIDER ELECTRIC,A9N22426,A9N22426 breakers,862.68,0,0,https://www.google.com/search?tbm=isch&q=SCHNEIDER+ELECTRIC+A9N22426
FESTO,174389,SNC-125 Swivel flange,860.66,0,0,https://www.google.com/search?tbm=isch&q=FESTO+174389
Jiangsu DongCheng,FIVE LINE,five line gradienter,860.16,0,0,https://www.google.com/search?tbm=isch&q=Jiangsu+DongCheng+FIVE+LINE
VARIOUS,RLP6067-04002,RLP6067-04002  Guide wheel,860.0,0,0,https://www.google.com/search?tbm=isch&q=VARIOUS+RLP6067-04002
CAMOZZI,654010,6540 10 T connector,859.6,0,0,https://www.google.com/search?tbm=isch&q=CAMOZZI+654010
SCHMALZ,10.01.01.10647,SAF 40 NBR-60 G1/4-AG Suction Cup,858.94,0,0,https://www.google.com/search?tbm=isch&q=SCHMALZ+10.01.01.10647
ITEM,0.0.601.63,"0.0.601.63 Profil D25, natur",851.44,0,0,https://www.google.com/search?tbm=isch&q=ITEM+0.0.601.63
FESTO,30935,"KMF-1-24DC-2,5-LED Steckdosenkabel",849.82,0,0,https://www.google.com/search?tbm=isch&q=FESTO+30935
SCHMALZ,10.01.01.10688,SAF 50 NBR-60 G1/4-IG Flachsauggreifer,843.12,0,0,https://www.google.com/search?tbm=isch&q=SCHMALZ+10.01.01.10688
TURCK,6627104,PKW3M-0.6-RSC4T/TXL,842.4,0,0,https://www.google.com/search?tbm=isch&q=TURCK+6627104
TURCK,6625487,RKS8T-5-RSS8T/TXL,839.9,0,0,https://www.google.com/search?tbm=isch&q=TURCK+6625487
FESTO,578325,NPQH-D-Q8-E-P10 Steckverbinder,838.0,0,0,https://www.google.com/search?tbm=isch&q=FESTO+578325
WALTHER,7-045-14206,7-045-14206 seals,0,98.42,0,https://www.google.com/search?tbm=isch&q=WALTHER+7-045-14206
FESTO,558789,NPQM-T-Q10-E-P10 connector,831.6,0,0,https://www.google.com/search?tbm=isch&q=FESTO+558789
FESTO,543861,"SME-8M-DS-24V-K-0,3-M8D Proximity sensor",831.04,0,0,https://www.google.com/search?tbm=isch&q=FESTO+543861
shanggong,GB/T6135.3_9.0MM,twist drill GB/T6135.3_9.0mm,829.5,0,0,https://www.google.com/search?tbm=isch&q=shanggong+GB/T6135.3_9.0MM
ICOTEK,41207,KT Kabeltülle klein KT7 für 7-8mm Kabel-,0,97.2,0,https://www.google.com/search?tbm=isch&q=ICOTEK+41207
ITEM,"0.0.026.27,3135MM",0.0.026.27/L=3135mm Profile 8 80x80,825.62,0,0,"https://www.google.com/search?tbm=isch&q=ITEM+0.0.026.27,3135MM"
FESTO,539925,SBN-40 swivel mounting,824.96,0,0,https://www.google.com/search?tbm=isch&q=FESTO+539925
RK ROSE&KRIEGER,80404010370,8.04040.1_0370 ø40x4 galv.verz. Rohr,0,96.72,0,https://www.google.com/search?tbm=isch&q=RK+ROSE&KRIEGER+80404010370
FESTO,8142911,ADN-S-50-25-A-P-A-F1A Cylinder,819.96,0,0,https://www.google.com/search?tbm=isch&q=FESTO+8142911
FESTO,578283,NPQH-L-G14-Q6-P10 Push-in L-fitting,818.9,0,0,https://www.google.com/search?tbm=isch&q=FESTO+578283
IGUS,CN10X16X22X10,CN10X16X22X10 Bush,815.64,0,0,https://www.google.com/search?tbm=isch&q=IGUS+CN10X16X22X10
RK ROSE&KRIEGER,80302010180,8.03020.1 L=0180mm Rohr ø30x2mm verz.,0,95.52,0,https://www.google.com/search?tbm=isch&q=RK+ROSE&KRIEGER+80302010180
FESTO,8002395,LR-3/8-D-7-I-MIDI-MPA Druckregelventil,808.48,0,0,https://www.google.com/search?tbm=isch&q=FESTO+8002395
NORELEM,06937-1801,06937-1801 Rohrgriff,807.6,0,0,https://www.google.com/search?tbm=isch&q=NORELEM+06937-1801
FESTO,8084424,MS9-LF-G-EUM-A4-CS filter unit,802.37,0,0,https://www.google.com/search?tbm=isch&q=FESTO+8084424
APS,APS-8-4080 L=2840MM,APS-8-4080 L=2840MM,802.21,0,0,https://www.google.com/search?tbm=isch&q=APS+APS-8-4080+L=2840MM
RUD,5555V016,VRS-M16 RUD Starpoint-Ringschraube Pink,0,94.16,0,https://www.google.com/search?tbm=isch&q=RUD+5555V016
SMC,Y410-03-A,Y410-03-A t-type spacer,800.0,0,0,https://www.google.com/search?tbm=isch&q=SMC+Y410-03-A
EISELE,KG0168-27-21-FY,KG0168-27-21-FY,800.0,0,0,https://www.google.com/search?tbm=isch&q=EISELE+KG0168-27-21-FY
SKF,80X100X7 HMSA10 V1,80X100X7 HMSA10 V1 Seal ring,800.0,0,0,https://www.google.com/search?tbm=isch&q=SKF+80X100X7+HMSA10+V1
ESCHA,8058487,"Steuerleitung, PUR, S7400, robotic, 4+PE",800.0,0,0,https://www.google.com/search?tbm=isch&q=ESCHA+8058487
FISCHERWERKE,518825,RSB 16 Reaktionspatrone,800.0,0,0,https://www.google.com/search?tbm=isch&q=FISCHERWERKE+518825
SANKYO,SOB-506070,SOB-506070 Bush,798.2,0,0,https://www.google.com/search?tbm=isch&q=SANKYO+SOB-506070
GSEE,23010200,K-S0.75/D Connector,793.6,0,0,https://www.google.com/search?tbm=isch&q=GSEE+23010200
SCHMALZ,10.01.01.10690,SAF 80 NBR-60 G1/4-IG Flat suction pad,791.35,0,0,https://www.google.com/search?tbm=isch&q=SCHMALZ+10.01.01.10690
EATON,114915,DILM9-10C(24VDC) Connector,788.44,0,0,https://www.google.com/search?tbm=isch&q=EATON+114915
TÜNKERS,9090100063,09090100063 Buffer,788.0,0,0,https://www.google.com/search?tbm=isch&q=TÜNKERS+9090100063
TÜNKERS,9090000097,09090000097 Buffer,788.0,0,0,https://www.google.com/search?tbm=isch&q=TÜNKERS+9090000097
SCHNEIDER ELECTRIC,ZB2BZ104C,ZB2BZ104C Base,785.7,0,0,https://www.google.com/search?tbm=isch&q=SCHNEIDER+ELECTRIC+ZB2BZ104C
SIEMENS,3RV6021-4CA10,3RV6021-4CA10 breaker,782.75,0,0,https://www.google.com/search?tbm=isch&q=SIEMENS+3RV6021-4CA10
RITTAL,7072.2,Brush strip 7072.200,776.6,0,0,https://www.google.com/search?tbm=isch&q=RITTAL+7072.2
SEW EURODRIVE,13309293,Anschlussbox M12-8/1-M23-5m,771.68,0,0,https://www.google.com/search?tbm=isch&q=SEW+EURODRIVE+13309293
SIEMENS,5SL6108-7CC,5SL6108-7CC Breaker,765.0,0,0,https://www.google.com/search?tbm=isch&q=SIEMENS+5SL6108-7CC
VARIOUS,AT8K3-8,AT8K3-8  Moulding Anteng,762.22,0,0,https://www.google.com/search?tbm=isch&q=VARIOUS+AT8K3-8
RITTAL,8601.06,TS8601.060 Base side 100mm high,761.7,0,0,https://www.google.com/search?tbm=isch&q=RITTAL+8601.06
SCHNEIDER ELECTRIC,A9SF19302,"A9SF19302 3P,2A,D breaker",760.3,0,0,https://www.google.com/search?tbm=isch&q=SCHNEIDER+ELECTRIC+A9SF19302
STANLEY,92-624-23,torx key set 92-624-23,758.47,0,0,https://www.google.com/search?tbm=isch&q=STANLEY+92-624-23
SCHNEIDER ELECTRIC,A9SF19110,"A9SF19110 1P,10A,D breaker",757.2,0,0,https://www.google.com/search?tbm=isch&q=SCHNEIDER+ELECTRIC+A9SF19110
FESTO,9301,N-22-SW Selector switch,756.2,0,0,https://www.google.com/search?tbm=isch&q=FESTO+9301
ETON,45.2.02.045045.01,45.2.02.045045.01,756.0,0,0,https://www.google.com/search?tbm=isch&q=ETON+45.2.02.045045.01
SCHMALZ,10.01.03.00297,HTR-UNI 2N FSTI Universalhalter,753.36,0,0,https://www.google.com/search?tbm=isch&q=SCHMALZ+10.01.03.00297
SCHMALZ,10.01.02.00870,FSTI G1/4-AG G1/8-IG 25 spring plunger,753.36,0,0,https://www.google.com/search?tbm=isch&q=SCHMALZ+10.01.02.00870
EATON,207348,P3-63/I4/SVB/HI11,751.98,0,0,https://www.google.com/search?tbm=isch&q=EATON+207348
SATA,93418,93418 saw blade,750.27,0,0,https://www.google.com/search?tbm=isch&q=SATA+93418
LEONI,121107G,121107G net,750.0,0,0,https://www.google.com/search?tbm=isch&q=LEONI+121107G
RK ROSE&KRIEGER,82503011200,8.25030.1 L=1200mm  Alu-Rohr Ø 50 x 3,0,88.04,0,https://www.google.com/search?tbm=isch&q=RK+ROSE&KRIEGER+82503011200
LAPP,35803,"UNITRONIC LiYCY(TP) 6x2x0,25mm²",748.0,0,0,https://www.google.com/search?tbm=isch&q=LAPP+35803
EAGTOP ELECTRONIC,BRU4.8KW/15R,BRU4.8KW/15R Braking resistance,744.25,0,0,https://www.google.com/search?tbm=isch&q=EAGTOP+ELECTRONIC+BRU4.8KW/15R
RITTAL,1054.5,electrical cabinet AE 600x600x250mm,741.9,0,0,https://www.google.com/search?tbm=isch&q=RITTAL+1054.5
NORELEM,"08910-A26,00X20","DIN172_08910_A26,00x20 bush",738.8,0,0,"https://www.google.com/search?tbm=isch&q=NORELEM+08910-A26,00X20"
RITTAL,9340.22,SV9340.220 SUPPORT PANEL FOR COVER,738.78,0,0,https://www.google.com/search?tbm=isch&q=RITTAL+9340.22
VARIOUS,C84A D023-027.SO06,C84A D023-027.SO06 Knife holder,734.58,0,0,https://www.google.com/search?tbm=isch&q=VARIOUS+C84A+D023-027.SO06
TURCK,6633919,RKC4.5T-5-RSC4.5T/TEY2501 Cable,732.0,0,0,https://www.google.com/search?tbm=isch&q=TURCK+6633919
THK,HSR25C 2SS QZ SS +500L,HSR25C 2SS QZ SS +500L Rail,730.09,0,0,https://www.google.com/search?tbm=isch&q=THK+HSR25C+2SS+QZ+SS++500L
FESTO,9492,PAL-1/2-2 Gas flagging,729.66,0,0,https://www.google.com/search?tbm=isch&q=FESTO+9492
RITTAL,1380509-OP,1380509-OP（w*h*d:mm）380x380x210 box,728.0,0,0,https://www.google.com/search?tbm=isch&q=RITTAL+1380509-OP
FESTO,1205863,AMTE-M-LH-G12 Schalldämpfer,724.2,0,0,https://www.google.com/search?tbm=isch&q=FESTO+1205863
FESTO,160550,PAN-V0-06X1-SW Kunststoffschlauch,723.0,0,0,https://www.google.com/search?tbm=isch&q=FESTO+160550
SANKYO,11040250,SOB 40-50-25 bush,722.64,0,0,https://www.google.com/search?tbm=isch&q=SANKYO+11040250
SKF,3202-2RS,3202-2RS Bearing,720.0,0,0,https://www.google.com/search?tbm=isch&q=SKF+3202-2RS
SanShi,350*160*2MM,Standard FFT LOGO_Alu Plate_350*160*2mm,720.0,0,0,https://www.google.com/search?tbm=isch&q=SanShi+350*160*2MM
SANKYO,11035258,SOB 35-45-25 bush,720.0,0,0,https://www.google.com/search?tbm=isch&q=SANKYO+11035258
RK ROSE&KRIEGER,82302010600,8.23020.1 L=0600mm Alu-Rohr ø 30 x 2,0,84.32,0,https://www.google.com/search?tbm=isch&q=RK+ROSE&KRIEGER+82302010600
SIEMENS,3RV6021-4DA15,"protection circuit breaker, 20-25A",715.04,0,0,https://www.google.com/search?tbm=isch&q=SIEMENS+3RV6021-4DA15
SIEMENS,8WU4420-6AB,8WU4420-6AB Pole lamp,704.5,0,0,https://www.google.com/search?tbm=isch&q=SIEMENS+8WU4420-6AB
CONTITECH,3912206,31658/B Shore 55 Schwingmetallpuffer,0,82.8,0,https://www.google.com/search?tbm=isch&q=CONTITECH+3912206
EISELE,SA1315-0404,"SA1315-0404 connector G1/4""",700.0,7.0,0,https://www.google.com/search?tbm=isch&q=EISELE+SA1315-0404
ESCHA,PUR 5*0.34/S7400,"Cable (5x0.34mm),P00（orange）",700.0,0,0,https://www.google.com/search?tbm=isch&q=ESCHA+PUR+5*0.34/S7400
RITTAL,8612.16,System-Chassis 17x73mm f. 600mm Schr. Ti,695.58,0,0,https://www.google.com/search?tbm=isch&q=RITTAL+8612.16
SIEMENS,3RV6011-1EA10,Circuit breaker 4 A A-release 2.8...4 A,695.0,0,0,https://www.google.com/search?tbm=isch&q=SIEMENS+3RV6011-1EA10
SIEMENS,5SL6216-7CC,5SL6216-7CC CC Breaker 2P 16 A 400V,688.03,0,0,https://www.google.com/search?tbm=isch&q=SIEMENS+5SL6216-7CC
VARIOUS,T2402500,T2402500 plug,686.4,0,0,https://www.google.com/search?tbm=isch&q=VARIOUS+T2402500
VARIOUS,JQ151910114,JQ151910114,684.99,0,0,https://www.google.com/search?tbm=isch&q=VARIOUS+JQ151910114
WAIN,122 016 021 0001,HE-016-F,684.0,0,0,https://www.google.com/search?tbm=isch&q=WAIN+122+016+021+0001
SANKYO,27018050,UWP-18x50 slide plate,683.6,0,0,https://www.google.com/search?tbm=isch&q=SANKYO+27018050
RITTAL,4140.84,"System lights LED, technical specificati",682.55,0,0,https://www.google.com/search?tbm=isch&q=RITTAL+4140.84
FESTO,8120570,DFAP-50-V-15-L-S-S1-CS Cylinder,681.42,0,0,https://www.google.com/search?tbm=isch&q=FESTO+8120570
PHOENIX,3062786,SKS 8-SNS35 Shield terminal,680.4,0,0,https://www.google.com/search?tbm=isch&q=PHOENIX+3062786
EISELE,628-0812,628-0812 gerade Einschraubung G1/2 - 16,680.0,180.5,0,https://www.google.com/search?tbm=isch&q=EISELE+628-0812
VARIOUS,DC63HA81S12G135,DC63HA81S12G135 Cylinder,680.0,0,0,https://www.google.com/search?tbm=isch&q=VARIOUS+DC63HA81S12G135
ESCHA,8800558,AL-WAK4-1-AL-WAS4/S370OG,680.0,0,0,https://www.google.com/search?tbm=isch&q=ESCHA+8800558
SICK,2051608,BEF-KHS-N02 Holder,680.0,0,0,https://www.google.com/search?tbm=isch&q=SICK+2051608
FESTO,150927,ZBH-9 Centring sleeve,679.64,0,0,https://www.google.com/search?tbm=isch&q=FESTO+150927
RITTAL,9344.53,"Anschlussraum-Abdeckung, Gr. 1, zur Erwe",676.94,0,0,https://www.google.com/search?tbm=isch&q=RITTAL+9344.53
RK ROSE&KRIEGER,80302010270,8.03020.1 L=0270mm Rohr ø30x2mm verz.,0,79.6,0,https://www.google.com/search?tbm=isch&q=RK+ROSE&KRIEGER+80302010270
RK ROSE&KRIEGER,80302010170,8.03020.1 L=0170mm Rohr ø30x2mm verz.,0,79.6,0,https://www.google.com/search?tbm=isch&q=RK+ROSE&KRIEGER+80302010170
LEGRIS,4821221,"0482 12 21 Kugelhahn mit Entlüftung 1/2""",676.02,0,0,https://www.google.com/search?tbm=isch&q=LEGRIS+4821221
SIEMENS,5SY6232-7CC,5SY6232-7CC breaker,675.6,0,0,https://www.google.com/search?tbm=isch&q=SIEMENS+5SY6232-7CC
SCHMALZ,10.01.06.00584,FSG 52 NBR-55 G1/4-IG Balgsauggreifer ru,675.18,0,0,https://www.google.com/search?tbm=isch&q=SCHMALZ+10.01.06.00584
FESTO,174411,ZNCF-32 Trunnion flange,674.34,0,0,https://www.google.com/search?tbm=isch&q=FESTO+174411
HARTING,9330006420,Han E® contacts 0.5,670.0,0,0,https://www.google.com/search?tbm=isch&q=HARTING+9330006420
RITTAL,8800.865,"Abdeckung Anreihung oben, 600 mm",666.59,0,0,https://www.google.com/search?tbm=isch&q=RITTAL+8800.865
EISELE,628-0408,628-0408 connector straight 1/4 - 10,660.0,0,0,https://www.google.com/search?tbm=isch&q=EISELE+628-0408
NORELEM,26112-02501755,26112-02501755 rubber buffer,660.0,0,0,https://www.google.com/search?tbm=isch&q=NORELEM+26112-02501755
SIEMENS,5SL6110-7CC,5SL6110-7CC Breaker,652.75,0,0,https://www.google.com/search?tbm=isch&q=SIEMENS+5SL6110-7CC
TÜNKERS,278309,A80 clamp arm für V/V2 63/K63-clamp,652.0,0,0,https://www.google.com/search?tbm=isch&q=TÜNKERS+278309
CAMOZZI,68001214,6800 12-14 reducer union Connector,651.5,0,0,https://www.google.com/search?tbm=isch&q=CAMOZZI+68001214
EISELE,628-0811,628-0811 gerade Einschraubung G1/2 - 14,650.0,0,0,https://www.google.com/search?tbm=isch&q=EISELE+628-0811
TAJIMA,1.5-10MM,1.5-10M Hexagonal wrench in plum blossom,648.08,0,0,https://www.google.com/search?tbm=isch&q=TAJIMA+1.5-10MM
STAUFF,1130005897,1130005897 5035 PP Schellenkörper,642.96,0,0,https://www.google.com/search?tbm=isch&q=STAUFF+1130005897
SANKYO,11070350,SOB 70-85-35 Bushing,641.36,0,0,https://www.google.com/search?tbm=isch&q=SANKYO+11070350
SIEMENS,3SB6160-4AA01-1BA0,3SB6160-4AA01-1BA0 button,638.6,0,0,https://www.google.com/search?tbm=isch&q=SIEMENS+3SB6160-4AA01-1BA0
SCHNEIDER ELECTRIC,XB2BG41C,XB2BG41C switch,638.25,0,0,https://www.google.com/search?tbm=isch&q=SCHNEIDER+ELECTRIC+XB2BG41C
MITSUBISHI ELECTRIC,TTC-05SV3,TTC-05SV3 BREAKER,637.2,0,0,https://www.google.com/search?tbm=isch&q=MITSUBISHI+ELECTRIC+TTC-05SV3
VARIOUS,HTD2600CXP-8M-30,HTD2600CXP-8M-30 belt,637.17,0,0,https://www.google.com/search?tbm=isch&q=VARIOUS+HTD2600CXP-8M-30
IGUS,14240.337.200/200.0,14240.337.200/200.0 chain,633.0,0,0,https://www.google.com/search?tbm=isch&q=IGUS+14240.337.200/200.0
SANKYO,118018025,SOBF-18x24x25 bush with collar,632.0,0,0,https://www.google.com/search?tbm=isch&q=SANKYO+118018025
FESTO,1206622,"AMTE-M-H-G18 silencer 1/8""",631.6,0,0,https://www.google.com/search?tbm=isch&q=FESTO+1206622
TUCKER,61250087,61250087 Tube,631.36,0,0,https://www.google.com/search?tbm=isch&q=TUCKER+61250087
TURCK,6625481,RKS8T-2-RSS8T/TXL,628.8,0,0,https://www.google.com/search?tbm=isch&q=TURCK+6625481
FESTO,174376,FNC-32 Flange mounting,627.84,0,0,https://www.google.com/search?tbm=isch&q=FESTO+174376
ISCAR,5504858,SOMT 060204-DT IC908 Blade,624.4,0,0,https://www.google.com/search?tbm=isch&q=ISCAR+5504858
FAG,619052Z,61905−2Z ball bearing,622.4,0,0,https://www.google.com/search?tbm=isch&q=FAG+619052Z
VARIOUS,20056,Z1016A winkle,621.58,0,0,https://www.google.com/search?tbm=isch&q=VARIOUS+20056
VARIOUS,RLP6103-05003,RLP6103-05003  Guide wheel,620.0,0,0,https://www.google.com/search?tbm=isch&q=VARIOUS+RLP6103-05003
ACE,S20191,S20191 Buffer,616.0,0,0,https://www.google.com/search?tbm=isch&q=ACE+S20191
INA,KR16-PP,KR16-PP Kurvenrolle,616.0,0,0,https://www.google.com/search?tbm=isch&q=INA+KR16-PP
IGUS,9350300,93.50.300 igus®Montageset mit C-Profil,615.36,0,0,https://www.google.com/search?tbm=isch&q=IGUS+9350300
SIEMENS,5SY6220-7CC,5SY6220-7CC breaker,614.4,0,0,https://www.google.com/search?tbm=isch&q=SIEMENS+5SY6220-7CC
IGUS,14240.18.200/200.0,14240.18.200/200.0 chain,612.06,0,0,https://www.google.com/search?tbm=isch&q=IGUS+14240.18.200/200.0
WAIN,122 010 021 0001,HE-010-F,612.0,0,0,https://www.google.com/search?tbm=isch&q=WAIN+122+010+021+0001
MULTI CONTACT,18.3021,ME-WZ11/38 Einsetzwerkzeug (Stift/Buchse,0,71.94,0,https://www.google.com/search?tbm=isch&q=MULTI+CONTACT+18.3021
SANKYO,11025350,SOB 25-33-35 bush,610.62,0,0,https://www.google.com/search?tbm=isch&q=SANKYO+11025350
ATLAS COPCO,1011302,1011302 bolt,609.0,0,0,https://www.google.com/search?tbm=isch&q=ATLAS+COPCO+1011302
FESTO,153469,HE-2-QS-10 Kugelhahn,606.8,0,0,https://www.google.com/search?tbm=isch&q=FESTO+153469
FESTO,558768,NPQM-D-Q6-S8-P10 connector,604.8,0,0,https://www.google.com/search?tbm=isch&q=FESTO+558768
PEPPERL&FUCHS,NBXX-F58D3X3-E8-V1,NBXX-F58D3X3-E8-V1 sensor,603.64,0,0,https://www.google.com/search?tbm=isch&q=PEPPERL&FUCHS+NBXX-F58D3X3-E8-V1
WAIN,122 016 011 0001,HE-016-M,603.0,0,0,https://www.google.com/search?tbm=isch&q=WAIN+122+016+011+0001
FESTO,8066715,EHAA-D-L2-60-L2-60,601.8,0,0,https://www.google.com/search?tbm=isch&q=FESTO+8066715
VARIOUS,DC63HA42S12,DC63HA42S12  Cylinder,600.0,0,0,https://www.google.com/search?tbm=isch&q=VARIOUS+DC63HA42S12
FESTO,558711,NPQM-L-G14-Q6-P10 Push-in L-fitting,597.0,0,0,https://www.google.com/search?tbm=isch&q=FESTO+558711
ACTION,6051P010,6051P010 socket,593.07,0,1,https://www.google.com/search?tbm=isch&q=ACTION+6051P010
TÜNKERS,V2 63.1 Z A42 T12 45-105°,V2 63.1 Z A42 T12 45-105° Cylinder,591.89,0,0,https://www.google.com/search?tbm=isch&q=TÜNKERS+V2+63.1+Z+A42+T12+45-105°
TÜNKERS,V2 63.1 Z A41 T12 45-105°,V2 63.1 Z A41 T12 45-105° Cylinder,591.89,0,0,https://www.google.com/search?tbm=isch&q=TÜNKERS+V2+63.1+Z+A41+T12+45-105°
HELM HESPE&WOELM,040021_2300,0400 Helmschiene BG400 L=2300mm,0,69.32,0,https://www.google.com/search?tbm=isch&q=HELM+HESPE&WOELM+040021_2300
OVENTROP,1121012,11210 DN40 Schmutzfänger,0,69.08,0,https://www.google.com/search?tbm=isch&q=OVENTROP+1121012
ETA,X22297750,X22297750  18PLUS-Beschriftungsschilder,587.0,0,0,https://www.google.com/search?tbm=isch&q=ETA+X22297750
VARIOUS,SRK-8 M14-M63,SRK-8 M14-M63 Hole opener,586.0,0,0,https://www.google.com/search?tbm=isch&q=VARIOUS+SRK-8+M14-M63
VARIOUS,WELDING_ROD_3.2,welding rod_Φ3.2,585.2,0,0,https://www.google.com/search?tbm=isch&q=VARIOUS+WELDING_ROD_3.2
VARIOUS,JFB 203020,JFB 203020 Bush  Jiashan,580.8,0,0,https://www.google.com/search?tbm=isch&q=VARIOUS+JFB+203020
VARIOUS,TSL2214,TSL2214 plastic box,576.0,0,0,https://www.google.com/search?tbm=isch&q=VARIOUS+TSL2214
TÜNKERS,1060300023,V2 63.1 A12  Pressure arm,573.46,0,0,https://www.google.com/search?tbm=isch&q=TÜNKERS+1060300023
EISELE,AJPGJ 10-08-FY,AJPGJ 10-08-FY,572.0,0,0,https://www.google.com/search?tbm=isch&q=EISELE+AJPGJ+10-08-FY
LAPP,34602,"UNITRONIC-LiYCY 2x0,5mm², Date",572.0,0,0,https://www.google.com/search?tbm=isch&q=LAPP+34602
ITEM,0.0.439.75,0.0.439.75 SLOT NUT 6 St M6,571.78,0,0,https://www.google.com/search?tbm=isch&q=ITEM+0.0.439.75
SCHNORR,153014,71 x 36 x 2 (LX=2),0,67.0,0,https://www.google.com/search?tbm=isch&q=SCHNORR+153014
FESTO,153332,QSML-M3-4 L- Push-in fitting M3 - Ø4,566.0,0,0,https://www.google.com/search?tbm=isch&q=FESTO+153332
MISUMI,VUR10-25,VUR10-25 Spring,564.3,0,0,https://www.google.com/search?tbm=isch&q=MISUMI+VUR10-25
NELSON,924398,92-43-98 Teachhilfe 6FL13 length 45mm,560.88,0,0,https://www.google.com/search?tbm=isch&q=NELSON+924398
FESTO,153271,QSC-12H BLINDSTOPFEN,559.9,0,0,https://www.google.com/search?tbm=isch&q=FESTO+153271
SIEMENS,3RT6016-1BB41,3RT6016-1BB41 CONTACTOR,555.76,0,0,https://www.google.com/search?tbm=isch&q=SIEMENS+3RT6016-1BB41
STANLEY,57-530-81C,57-530-81C hammer,555.68,0,0,https://www.google.com/search?tbm=isch&q=STANLEY+57-530-81C
FESTO,159503,HR-1/4-P Mounting bracket,552.67,0,0,https://www.google.com/search?tbm=isch&q=FESTO+159503
TURCK,6626654,PKG4M-1/TXL,548.8,0,0,https://www.google.com/search?tbm=isch&q=TURCK+6626654
VARIOUS,Z1014,Z1014 T-connector,546.0,0,0,https://www.google.com/search?tbm=isch&q=VARIOUS+Z1014
IGUS,1500.038.035.0 L=2599 + 14038.34PZ.A2,1500.038.035.0L=2599mm + 14038.34PZ.A2,544.34,0,0,https://www.google.com/search?tbm=isch&q=IGUS+1500.038.035.0+L=2599+++14038.34PZ.A2
shanggong,GB/T1438.1_16MM,twist drill GB/T1438.1_16mm,543.4,0,0,https://www.google.com/search?tbm=isch&q=shanggong+GB/T1438.1_16MM
FESTO,174402,SNCS-100 Swivel flange,543.28,0,0,https://www.google.com/search?tbm=isch&q=FESTO+174402
RK ROSE&KRIEGER,80302010330,8.03020.1 L=0330mm Rohr ø30x2mm verz.,0,63.68,0,https://www.google.com/search?tbm=isch&q=RK+ROSE&KRIEGER+80302010330
RK ROSE&KRIEGER,80302010210,8.03020.1 L=0210mm Rohr ø30x2mm verz.,0,63.68,0,https://www.google.com/search?tbm=isch&q=RK+ROSE&KRIEGER+80302010210
VARIOUS,460*345*120,460*345*120 plastic box,540.0,0,0,https://www.google.com/search?tbm=isch&q=VARIOUS+460*345*120
WAIN,122 010 011 0001,HE-010-M 10-pin male contact,540.0,0,0,https://www.google.com/search?tbm=isch&q=WAIN+122+010+011+0001
NORELEM,"08910-A30,00X56","DIN172_08910_A30,00x56 bush",539.24,0,0,"https://www.google.com/search?tbm=isch&q=NORELEM+08910-A30,00X56"
VARIOUS,HTD2400CXP-8M-30,HTD2400CXP-8M-30 belt,538.95,0,0,https://www.google.com/search?tbm=isch&q=VARIOUS+HTD2400CXP-8M-30
FESTO,153372,QSMY-6 Y-fitting Ø 6,537.77,0,0,https://www.google.com/search?tbm=isch&q=FESTO+153372
LAPP,26133,5x1qmm hochflexible Schleppkettenleitung,537.5,0,0,https://www.google.com/search?tbm=isch&q=LAPP+26133
FESTO,32959,LNZG-032 Trunnion support,536.8,0,0,https://www.google.com/search?tbm=isch&q=FESTO+32959
ITEM,"0.0.294.34, 1790MM",0.0.294.34 / L=1790mm Profile,535.81,0,0,"https://www.google.com/search?tbm=isch&q=ITEM+0.0.294.34,+1790MM"
SIEMENS,3SB6061-0AB20-0YA0,3SB6061-0AB20-0YA0 button,534.6,0,0,https://www.google.com/search?tbm=isch&q=SIEMENS+3SB6061-0AB20-0YA0
TURCK,RSM52-2M/WXS2204,RSM52-2M/WXS2204 Cable,534.0,0,0,https://www.google.com/search?tbm=isch&q=TURCK+RSM52-2M/WXS2204
PILZ,540380,PSEN cs1.19-OSSD1&2 1actuator,533.16,0,0,https://www.google.com/search?tbm=isch&q=PILZ+540380
NIMAK,98.047.007.01,98.047.007.01_Sekundärüberwachung_VP,0,62.48,0,https://www.google.com/search?tbm=isch&q=NIMAK+98.047.007.01
ACTION,DZ6052P013,DZ6052P013,531.0,0,0,https://www.google.com/search?tbm=isch&q=ACTION+DZ6052P013
SCHMALZ,10.01.01.10506,SAF 30 NBR-60 G1/4-IG Flat suction pad,525.96,0,0,https://www.google.com/search?tbm=isch&q=SCHMALZ+10.01.01.10506
FESTO,578305,NPQH-D-S8-Q4-P10 Connector,525.6,0,0,https://www.google.com/search?tbm=isch&q=FESTO+578305
FESTO,8001503,PAGN-40-1M-G18 Pressure gauge,525.5,0,0,https://www.google.com/search?tbm=isch&q=FESTO+8001503
VARIOUS,4040_Cross-type,4040 _Cross-type Connecting plate Anteng,523.04,0,0,https://www.google.com/search?tbm=isch&q=VARIOUS+4040_Cross-type
ShangGong,GB/T6135.3_4.8MM,twist drill GB/T6135.3_4.8mm,522.0,0,0,https://www.google.com/search?tbm=isch&q=ShangGong+GB/T6135.3_4.8MM
MISUMI,NT-SWL20-20,NT-SWL20-20 Spring,521.28,0,0,https://www.google.com/search?tbm=isch&q=MISUMI+NT-SWL20-20
YANGZHOU RUIJIE HYDRAULIC TECHNOLOGY,RST0216,RST0216,520.0,0,0,https://www.google.com/search?tbm=isch&q=YANGZHOU+RUIJIE+HYDRAULIC+TECHNOLOGY+RST0216
SCHNEIDER ELECTRIC,A9SF19202,A9SF19202 1 pole + NA，2A，D breaker,519.95,0,0,https://www.google.com/search?tbm=isch&q=SCHNEIDER+ELECTRIC+A9SF19202
SANKYO,118015020,SOBF-15x21x20 bush with collar,519.92,0,0,https://www.google.com/search?tbm=isch&q=SANKYO+118015020
SCHNEIDER ELECTRIC,A9SF19306,"A9SF19306 3P,6A,D breaker",516.95,0,0,https://www.google.com/search?tbm=isch&q=SCHNEIDER+ELECTRIC+A9SF19306
SCHNEIDER ELECTRIC,A9SF19340,"A9SF19340 3P,40A,D breaker",516.95,0,0,https://www.google.com/search?tbm=isch&q=SCHNEIDER+ELECTRIC+A9SF19340
SATA,93405,93405 saw bow,516.18,0,0,https://www.google.com/search?tbm=isch&q=SATA+93405
UNITEX,2T2M,Hoisting Beits_2T2M,515.01,0,0,https://www.google.com/search?tbm=isch&q=UNITEX+2T2M
VARIOUS,30097,PDR032 P-type tube bundle,514.92,0,0,https://www.google.com/search?tbm=isch&q=VARIOUS+30097
PNEUMAX,22OT1018,22OT1018 Connector,513.64,0,0,https://www.google.com/search?tbm=isch&q=PNEUMAX+22OT1018
VARIOUS,RLP6010-05003,RLP6010-05003  Guide wheel,510.0,0,0,https://www.google.com/search?tbm=isch&q=VARIOUS+RLP6010-05003
WOEHNER,32466,32466 Adapter 80A 54 x 200,509.53,0,0,https://www.google.com/search?tbm=isch&q=WOEHNER+32466
MISUMI,NEFS8-4040_L=610,NEFS8-4040_L=610 Profile,506.88,0,1,https://www.google.com/search?tbm=isch&q=MISUMI+NEFS8-4040_L=610
LENZE,13526602,"Handterminal X400, 24 V DC,",506.31,0,0,https://www.google.com/search?tbm=isch&q=LENZE+13526602
WAIN,122 006 021 0001,HE-006-F Connector,504.0,0,0,https://www.google.com/search?tbm=isch&q=WAIN+122+006+021+0001
COLSON,4-6189-928,4-6189-928,504.0,0,0,https://www.google.com/search?tbm=isch&q=COLSON+4-6189-928
YANGZHOU RUIJIE HYDRAULIC TECHNOLOGY,N1/8/W1/4,N1/8/W1/4 connector,500.0,0,0,https://www.google.com/search?tbm=isch&q=YANGZHOU+RUIJIE+HYDRAULIC+TECHNOLOGY+N1/8/W1/4
VARIOUS,DIN705_A40,DIN705_A40 Stellring,496.0,0,0,https://www.google.com/search?tbm=isch&q=VARIOUS+DIN705_A40
SUZHOU INSIZE,0.02-1.0MM/17PCS,0.02-1.0mm/17pcs Feeler,495.0,0,0,https://www.google.com/search?tbm=isch&q=SUZHOU+INSIZE+0.02-1.0MM/17PCS
RITTAL,8612.08,TS System-Chassis 17x73 f. inn,493.88,0,0,https://www.google.com/search?tbm=isch&q=RITTAL+8612.08
VARIOUS,VE000120,VE000120 Isolierhülse Aussen-Ø 25mm,0,58.0,0,https://www.google.com/search?tbm=isch&q=VARIOUS+VE000120
WENGLOR,WTAS12AL,WTAS12AL Mounting system,492.0,0,0,https://www.google.com/search?tbm=isch&q=WENGLOR+WTAS12AL
SCHNEIDER ELECTRIC,A9N19814,A9N19814 circuit,491.24,0,0,https://www.google.com/search?tbm=isch&q=SCHNEIDER+ELECTRIC+A9N19814
FESTO,EAHM-M1-AB,EAHM-M1-AB Support,491.24,0,0,https://www.google.com/search?tbm=isch&q=FESTO+EAHM-M1-AB
JEAN MUELLER,P01/6 D8001424,Neozed special adapter 6A P01/6,488.8,0,0,https://www.google.com/search?tbm=isch&q=JEAN+MUELLER+P01/6+D8001424
VARIOUS,T0202520,T0202520 conncetor,486.9,0,0,https://www.google.com/search?tbm=isch&q=VARIOUS+T0202520
SANKYO,11014200,SOB 14-20-20 bush,484.0,0,0,https://www.google.com/search?tbm=isch&q=SANKYO+11014200
KRONE,12X19X16,12x19x16 Schlauchabschnitt,0,56.94,0,https://www.google.com/search?tbm=isch&q=KRONE+12X19X16
ITEM,"0.0.026.33,280MM",0.0.026.33 / L=280mm  Profil 8 40x40 Alu,482.54,0,0,"https://www.google.com/search?tbm=isch&q=ITEM+0.0.026.33,280MM"
GEBRÜDER WANNER,120302,120302 Drahtseilklemme_vz-8mm,480.0,37.2,0,https://www.google.com/search?tbm=isch&q=GEBRÜDER+WANNER+120302
SanShi,90*50*2MM,Standard FFT LOGO_Alu Plate_90*50*2mm,480.0,0,0,https://www.google.com/search?tbm=isch&q=SanShi+90*50*2MM
MISUMI,VUL6-25,VUL6-25,479.1,0,0,https://www.google.com/search?tbm=isch&q=MISUMI+VUL6-25
SCHNEIDER ELECTRIC,A9N22404,A9N22404 breakers,470.68,0,0,https://www.google.com/search?tbm=isch&q=SCHNEIDER+ELECTRIC+A9N22404
ITEM,"0.0.026.33,456MM",0.0.026.33 / L=456mm Profil 8 40x40,467.43,0,0,"https://www.google.com/search?tbm=isch&q=ITEM+0.0.026.33,456MM"
SIMATEC,290.1015,290.1015 Connector,467.28,0,0,https://www.google.com/search?tbm=isch&q=SIMATEC+290.1015
CAMOZZI,S6510638,S6510 6-3/8 Connector,467.04,0,0,https://www.google.com/search?tbm=isch&q=CAMOZZI+S6510638
ATLAS COPCO,1012879,1012879  Feed pipe,467.0,0,0,https://www.google.com/search?tbm=isch&q=ATLAS+COPCO+1012879
IGUS,1500.038.035.0 L=2199 + 14038.12PZ.A2,1500.038.035.0L=2199mm + 14038.12PZ.A2,465.62,0,0,https://www.google.com/search?tbm=isch&q=IGUS+1500.038.035.0+L=2199+++14038.12PZ.A2
SCHNEIDER ELECTRIC,A9SF19310,"A9SF19310 3P,10A,D breaker",461.65,0,0,https://www.google.com/search?tbm=isch&q=SCHNEIDER+ELECTRIC+A9SF19310
SANKYO,11010158,SOB 10-14-15 bush,460.0,0,0,https://www.google.com/search?tbm=isch&q=SANKYO+11010158
GSEE,GE-K024-S,GE-K024-S base,459.75,0,0,https://www.google.com/search?tbm=isch&q=GSEE+GE-K024-S
RITTAL,8800.5,adjustable height group marker carrier,458.51,0,0,https://www.google.com/search?tbm=isch&q=RITTAL+8800.5
VARIOUS,3491999,3 491 999 BMW Nameplate 30*8*2 mm,457.69,0,0,https://www.google.com/search?tbm=isch&q=VARIOUS+3491999
HELUKABEL,10060_,"10060 Cable 2x1mm2, JZ500 Gray Color",456.0,0,0,https://www.google.com/search?tbm=isch&q=HELUKABEL+10060_
ShangGong,GB/T6135.3_8.8MM,twist drill GB/T6135.3_8.8mm,456.0,0,0,https://www.google.com/search?tbm=isch&q=ShangGong+GB/T6135.3_8.8MM
SANKYO,118070050,SOBF-70x85x50 FLANGED BUSHING,455.0,0,0,https://www.google.com/search?tbm=isch&q=SANKYO+118070050
SANKYO,118010020,SOBF-10x14x20 bush with collar,455.0,0,0,https://www.google.com/search?tbm=isch&q=SANKYO+118010020
SIEMENS,3RT6916-1BB00,3RT6916-1BB00 DIODE SURGE ABSORBER,453.12,0,0,https://www.google.com/search?tbm=isch&q=SIEMENS+3RT6916-1BB00
INTEC,370805,"Düse 2,0mm f.3mm AV",451.33,0,0,https://www.google.com/search?tbm=isch&q=INTEC+370805
CAMOZZI,6522618,6522 6-1/8 connector,450.24,0,0,https://www.google.com/search?tbm=isch&q=CAMOZZI+6522618
RITTAL,3451.505,"Leiteranschlussklemmen Push-in 1,5-16mm²",449.98,0,0,https://www.google.com/search?tbm=isch&q=RITTAL+3451.505
SANKYO,11030350,SOB 30-38-35 bush,448.14,0,0,https://www.google.com/search?tbm=isch&q=SANKYO+11030350
CAMOZZI,S65101012,S6510 10-1/2 connector,442.4,0,0,https://www.google.com/search?tbm=isch&q=CAMOZZI+S65101012
WAIN,122 006 011 0001,HE-006-M,441.0,0,0,https://www.google.com/search?tbm=isch&q=WAIN+122+006+011+0001
BOSCH REXROTH,Φ18*340MM,hammer drill_Φ18*340mm,440.15,0,0,https://www.google.com/search?tbm=isch&q=BOSCH+REXROTH+Φ18*340MM
RITTAL,5051.045,5051.045 Plate,438.84,0,0,https://www.google.com/search?tbm=isch&q=RITTAL+5051.045
MENZEL,9570000027,INDUTEC ® MS SM6,0,51.55,0,https://www.google.com/search?tbm=isch&q=MENZEL+9570000027
SIEMENS,5SL6510-7CC,5SL6510-7CCBreaker,436.6,0,0,https://www.google.com/search?tbm=isch&q=SIEMENS+5SL6510-7CC
LEUZE,429393,Mounting bracket Set (2 pc),435.4,0,0,https://www.google.com/search?tbm=isch&q=LEUZE+429393
FESTO,161110,NAW-1/8-02-VDMA Verkettungsplatte,434.24,0,0,https://www.google.com/search?tbm=isch&q=FESTO+161110
SIEMENS,5SL6140-7CC,5SL6140-7CC Breaker,433.5,0,0,https://www.google.com/search?tbm=isch&q=SIEMENS+5SL6140-7CC
FENGHUANG,5X250/WHITE,5X250 White Nylon strap,432.75,0,0,https://www.google.com/search?tbm=isch&q=FENGHUANG+5X250/WHITE
SENSOPART,543-11021,Montageklammer Schwalbenschwanz lang,431.4,62.78,0,https://www.google.com/search?tbm=isch&q=SENSOPART+543-11021
UNITEX,2T1M,Hoisting Beits_2T1M,430.84,0,0,https://www.google.com/search?tbm=isch&q=UNITEX+2T1M
MISUMI,MPSZ40-45,MPSZ40-45 BUSH,425.08,0,0,https://www.google.com/search?tbm=isch&q=MISUMI+MPSZ40-45
VARIOUS,JQ550605404,JQ550605404,424.8,0,0,https://www.google.com/search?tbm=isch&q=VARIOUS+JQ550605404
HIWIN,HGR35-R330-H,HGR35-R330-H guiding rail,424.8,0,0,https://www.google.com/search?tbm=isch&q=HIWIN+HGR35-R330-H
VARIOUS,HTD2200CXP-8M-40,HTD2200CXP-8M-40 belt,424.78,0,0,https://www.google.com/search?tbm=isch&q=VARIOUS+HTD2200CXP-8M-40
FIBRO,2960.72.038.150,2960.72.038.150 sliding plate,424.78,0,0,https://www.google.com/search?tbm=isch&q=FIBRO+2960.72.038.150
ITEM,0.0.026.37,0.0.026.37 cap 8 80x80,424.12,0,0,https://www.google.com/search?tbm=isch&q=ITEM+0.0.026.37
GSEE,24111102,G10B-MSH-2L-2M32-C Shell,421.26,0,0,https://www.google.com/search?tbm=isch&q=GSEE+24111102
FESTO,537243,HNA-50 Fixing,420.96,0,0,https://www.google.com/search?tbm=isch&q=FESTO+537243
SCHNEIDER ELECTRIC,A9SF19104,"A9SF19104 1P,4A,D breaker",420.3,0,0,https://www.google.com/search?tbm=isch&q=SCHNEIDER+ELECTRIC+A9SF19104
VARIOUS,90034,QF10 Nut (galvanized),420.0,0,0,https://www.google.com/search?tbm=isch&q=VARIOUS+90034
GEBERIT,82312,Reduzier Stück  Ø 35-22,0,49.32,0,https://www.google.com/search?tbm=isch&q=GEBERIT+82312
PNEUMAX,22OT0838,22OT0838 Connector,412.56,0,0,https://www.google.com/search?tbm=isch&q=PNEUMAX+22OT0838
SIKLA,157445,Sikla-Schelle 38 - 45 Ratio LS 2000,0,48.5,0,https://www.google.com/search?tbm=isch&q=SIKLA+157445
VARIOUS,944511-796-0050,944511-796-0050 M12 Cable 0.5M - Xingweilian,410.64,0,0,https://www.google.com/search?tbm=isch&q=VARIOUS+944511-796-0050
IGUS,93.50.250,93.50.250 MONTAGESET,410.24,0,0,https://www.google.com/search?tbm=isch&q=IGUS+93.50.250
SATA,93452,93452 edger,408.08,0,0,https://www.google.com/search?tbm=isch&q=SATA+93452
RK ROSE&KRIEGER,80302010300,8.03020.1 L=0300mm Rohr ø30x2mm verz.,0,47.76,0,https://www.google.com/search?tbm=isch&q=RK+ROSE&KRIEGER+80302010300
RK ROSE&KRIEGER,80302010350,8.03020.1 L=0350mm Rohr ø30x2mm verz.,0,47.76,0,https://www.google.com/search?tbm=isch&q=RK+ROSE&KRIEGER+80302010350
SIEMENS,5SY4363-7CC,"Breaker 400V 10KA, 3POL, C, 63A, T=70MM",404.07,0,0,https://www.google.com/search?tbm=isch&q=SIEMENS+5SY4363-7CC
RITTAL,8800.49,TS Cabinet connector,398.82,0,0,https://www.google.com/search?tbm=isch&q=RITTAL+8800.49
RITTAL,8800.4,Anreihzwinge horizontal fuer T,398.25,0,0,https://www.google.com/search?tbm=isch&q=RITTAL+8800.4
LAPP,4520091,4520091   Cable unipolar cal. 1.5 mm2,396.0,0,0,https://www.google.com/search?tbm=isch&q=LAPP+4520091
SANKYO,11030200,SOB 30-38-20 bush,395.76,0,0,https://www.google.com/search?tbm=isch&q=SANKYO+11030200
TINGTE PIPE INDUSTRY,T1006525,T1006525 CONNCETOR,393.27,0,0,https://www.google.com/search?tbm=isch&q=TINGTE+PIPE+INDUSTRY+T1006525
APS,8-4080 L=1095MM,8-4080 L=1095MM Aluminum profiles,393.04,0,0,https://www.google.com/search?tbm=isch&q=APS+8-4080+L=1095MM
ITEM,"0.0.624.56,L=0125MM",0.0.624.56 / L=0125MM Profile 10 100x100,392.91,0,0,"https://www.google.com/search?tbm=isch&q=ITEM+0.0.624.56,L=0125MM"
SIMATEC,290.1071,290.1071 QUICK_CONNECTION_FOR_HOSE_D8MM,391.76,0,0,https://www.google.com/search?tbm=isch&q=SIMATEC+290.1071
APS,8-4080 L=1621MM,8-4080 L=1621MM Aluminum profiles,387.91,0,0,https://www.google.com/search?tbm=isch&q=APS+8-4080+L=1621MM
APS,8-4080 L=1610MM,8-4080 L=1610MM Aluminum profiles,385.3,0,0,https://www.google.com/search?tbm=isch&q=APS+8-4080+L=1610MM
FESTO,577185,ADN-025-025-A-PPS-A cylinder,383.78,0,0,https://www.google.com/search?tbm=isch&q=FESTO+577185
RIEGLER,112736,"254.75 T-Stück G/R 3/4"" SW25 Ms blank",0,45.12,0,https://www.google.com/search?tbm=isch&q=RIEGLER+112736
APS,8-4080 L=1281MM,8-4080 L=1281MM Aluminum profiles,383.19,0,0,https://www.google.com/search?tbm=isch&q=APS+8-4080+L=1281MM
LENZE,QEV111AHPKZF,"Brake resistor connection cable 1,5 m",382.53,0,0,https://www.google.com/search?tbm=isch&q=LENZE+QEV111AHPKZF
RK ROSE&KRIEGER,82302030450,8.23020.3 L=0450mm  Alu-Rohr Ø 30 x 2,0,45.0,0,https://www.google.com/search?tbm=isch&q=RK+ROSE&KRIEGER+82302030450
TINGTE PIPE INDUSTRY,T1402012,T1402012 Connector,382.4,0,0,https://www.google.com/search?tbm=isch&q=TINGTE+PIPE+INDUSTRY+T1402012
FESTO,33892,LNG-050 bearing block,379.38,0,0,https://www.google.com/search?tbm=isch&q=FESTO+33892
TINGTE PIPE INDUSTRY,T1302513,T1302513 connector,378.3,0,0,https://www.google.com/search?tbm=isch&q=TINGTE+PIPE+INDUSTRY+T1302513
WAIN,H10B-SE-2B-M20,H10B-SE-2B-M20,378.0,0,0,https://www.google.com/search?tbm=isch&q=WAIN+H10B-SE-2B-M20
APS,APS-8-8080 L=402MM,APS-8-8080 L=402MM,377.53,0,0,https://www.google.com/search?tbm=isch&q=APS+APS-8-8080+L=402MM
VARIOUS,Z1024,Z1024 L4 hole right angle connector,377.0,0,0,https://www.google.com/search?tbm=isch&q=VARIOUS+Z1024
NORELEM,"08910-B25,00X20","DIN172_08910_B25,00x20 drill bush",376.76,0,0,"https://www.google.com/search?tbm=isch&q=NORELEM+08910-B25,00X20"
VARIOUS,MMSTP5-30,MMSTP5-30 Pin,376.0,0,0,https://www.google.com/search?tbm=isch&q=VARIOUS+MMSTP5-30
JEAN MUELLER,P01/16 D0002225,Neozed special adapter D02 16A,376.0,0,0,https://www.google.com/search?tbm=isch&q=JEAN+MUELLER+P01/16+D0002225
JEAN MUELLER,P01/10 D0001724,Neozed special adapter D02 10A,376.0,0,0,https://www.google.com/search?tbm=isch&q=JEAN+MUELLER+P01/10+D0001724
VARIOUS,T1502012,T1502012 Connector,375.6,0,0,https://www.google.com/search?tbm=isch&q=VARIOUS+T1502012
ESCHA,AL-WAKS4.5-8-AL-WASS4.5/S370,AL-WAKS4.5-8-AL-WASS4.5/S370,375.0,0,0,https://www.google.com/search?tbm=isch&q=ESCHA+AL-WAKS4.5-8-AL-WASS4.5/S370
RITTAL,7963.41,Gleitschiene BT: 85x424mm,373.75,0,0,https://www.google.com/search?tbm=isch&q=RITTAL+7963.41
VARIOUS,914523,"914523 M12, D-code, Profinet Connector Xingweilian",371.7,0,0,https://www.google.com/search?tbm=isch&q=VARIOUS+914523
VARIOUS,913401,"913401 7/8"", Male Connector Xingweilian",371.7,0,0,https://www.google.com/search?tbm=isch&q=VARIOUS+913401
SANKYO,11050500,SOB 50-62-50 bush,370.44,0,0,https://www.google.com/search?tbm=isch&q=SANKYO+11050500
MULTI CONTACT,18.3022,MSA-WZ8 Stiftausbauwerkzeug,0,43.56,0,https://www.google.com/search?tbm=isch&q=MULTI+CONTACT+18.3022
RK ROSE&KRIEGER,80181510160,"8.01815.1 L=0160mm tube Ø18x1,5 zinced",0,43.28,0,https://www.google.com/search?tbm=isch&q=RK+ROSE&KRIEGER+80181510160
NORELEM,02026-2036,02026-2036 Bush,365.76,0,0,https://www.google.com/search?tbm=isch&q=NORELEM+02026-2036
RITTAL,2561.1,"Flanschplatte Metall, vorgeprägt, Gr. 3",363.78,0,0,https://www.google.com/search?tbm=isch&q=RITTAL+2561.1
FESTO,174374,HNC-100 foot mounting,361.53,0,0,https://www.google.com/search?tbm=isch&q=FESTO+174374
SANKYO,118014015,SOBF-14x20x15 bush with collar,361.2,0,0,https://www.google.com/search?tbm=isch&q=SANKYO+118014015
SIEMENS,8WU4408-0DB,8WU4408-0DB Signal lamp base,361.04,0,0,https://www.google.com/search?tbm=isch&q=SIEMENS+8WU4408-0DB
VARIOUS,HTD1512CXP-8M-30,HTD1512CXP-8M-30 belt,358.41,0,0,https://www.google.com/search?tbm=isch&q=VARIOUS+HTD1512CXP-8M-30
SANKYO,118030050,SOBF-30x40x50 bush with collar,358.0,0,0,https://www.google.com/search?tbm=isch&q=SANKYO+118030050
SANKYO,11040300,SOB 40-50-30 bush,356.78,0,0,https://www.google.com/search?tbm=isch&q=SANKYO+11040300
COLSON,4-6109-929,4-6109-929 Caster,356.0,0,0,https://www.google.com/search?tbm=isch&q=COLSON+4-6109-929
GANTER,GN 615-M8-KS,GN 615-M8-KS spring plunger,355.44,0,0,https://www.google.com/search?tbm=isch&q=GANTER+GN+615-M8-KS
SIEMENS,3RT6024-1BB40,3RT6024-1BB40 CONTACTOR,353.52,0,0,https://www.google.com/search?tbm=isch&q=SIEMENS+3RT6024-1BB40
SIEMENS,3RV5041-4KA10,3RV5041-4KA10 Breaker,350.24,0,0,https://www.google.com/search?tbm=isch&q=SIEMENS+3RV5041-4KA10
CAMOZZI,68001014,6800-10-14 connector,349.2,0,0,https://www.google.com/search?tbm=isch&q=CAMOZZI+68001014
VARIOUS,T1305016,T1305016 conncetor,348.3,0,0,https://www.google.com/search?tbm=isch&q=VARIOUS+T1305016
ITEM,"0.0.026.34, 490MM",0.0.026.34 / L=490mm Profil 8 80x40,348.15,0,0,"https://www.google.com/search?tbm=isch&q=ITEM+0.0.026.34,+490MM"
SCHNEIDER,A9D93610,A9D93610  Breaker,347.0,0,0,https://www.google.com/search?tbm=isch&q=SCHNEIDER+A9D93610
VARIOUS,HTD1456CXP-8M-30,HTD1456CXP-8M-30 belt,345.12,0,0,https://www.google.com/search?tbm=isch&q=VARIOUS+HTD1456CXP-8M-30
HEBOTEC,1037-011,SKDZ 4 3-12 C16 Schirmklammer,0,40.5,0,https://www.google.com/search?tbm=isch&q=HEBOTEC+1037-011
CREATEC,EWD.90.08.1/8,eWD.90.08.1/8 Winkel drehbar 90°,0,40.0,0,https://www.google.com/search?tbm=isch&q=CREATEC+EWD.90.08.1/8
ITEM,0.0.625.04,"0.0.625.04 Nutenstein 10 ST M8, verz.",338.79,0,0,https://www.google.com/search?tbm=isch&q=ITEM+0.0.625.04
BELDEN,5G1 G8U,5G1 G8U CABLE,338.5,0,0,https://www.google.com/search?tbm=isch&q=BELDEN+5G1+G8U
FESTO,153334,QSML-1/8-4 Push-in L-fitting,337.44,0,0,https://www.google.com/search?tbm=isch&q=FESTO+153334
FESTO,174380,FNC-080 Flanschbefestigung,333.84,0,0,https://www.google.com/search?tbm=isch&q=FESTO+174380
VARIOUS,916121,socket 0.14-1.00mm² Xingweilian,331.5,0,0,https://www.google.com/search?tbm=isch&q=VARIOUS+916121
CAMOZZI,S65101014,S6510 10-1/4 Fittings straight,330.4,0,0,https://www.google.com/search?tbm=isch&q=CAMOZZI+S65101014
MENNEKES,13523,13523 Stecker PowerTOP® Xtra S,0,38.8,0,https://www.google.com/search?tbm=isch&q=MENNEKES+13523
SCHNEIDER,A9V57240,A9V57240 Breaker,329.55,0,0,https://www.google.com/search?tbm=isch&q=SCHNEIDER+A9V57240
FESTO,536416_020-A-P-A-Z,AEN-20-020-A-P-A-Z cylinder,329.34,0,0,https://www.google.com/search?tbm=isch&q=FESTO+536416_020-A-P-A-Z
APS,APS84040 L=700MM,APS-8-4040 L=700MM alu profile,329.04,0,0,https://www.google.com/search?tbm=isch&q=APS+APS84040+L=700MM
CAMOZZI,S6510838,S6510-8-3/8 connector,328.9,0,0,https://www.google.com/search?tbm=isch&q=CAMOZZI+S6510838
SENSOPART,543-11015,"Haltewink. Beleucht., Ringlicht, Ø 100mm",0,38.68,0,https://www.google.com/search?tbm=isch&q=SENSOPART+543-11015
RK ROSE&KRIEGER,82503011050,8.25030.1 L=1050mm  Alu-Rohr Ø 50 x 3,0,38.52,0,https://www.google.com/search?tbm=isch&q=RK+ROSE&KRIEGER+82503011050
GSEE,24020301,G16A-S2E-M20 Connector,327.4,0,0,https://www.google.com/search?tbm=isch&q=GSEE+24020301
SIEMENS,3RT6023-1AN20,3RT6023-1AN20 CONTACTOR,323.76,0,0,https://www.google.com/search?tbm=isch&q=SIEMENS+3RT6023-1AN20
GANTER,GN 615-M6-K,GN 615-M6-K spring plunger,323.28,0,0,https://www.google.com/search?tbm=isch&q=GANTER+GN+615-M6-K
FESTO,1563346,LF-3/8-C-SA Filter,323.27,0,0,https://www.google.com/search?tbm=isch&q=FESTO+1563346
RITTAL,1529.51,Klemmkasten ohne Flansch 200x1,323.14,0,0,https://www.google.com/search?tbm=isch&q=RITTAL+1529.51
SIKLA,124382,27-M8 Gewindeplatte NT,0,37.83,0,https://www.google.com/search?tbm=isch&q=SIKLA+124382
ACTION,64511100,64511 100 extension bars,320.0,0,0,https://www.google.com/search?tbm=isch&q=ACTION+64511100
LAPP,4510923,Einzelader 1mm² dunkelblau/weiss,320.0,0,0,https://www.google.com/search?tbm=isch&q=LAPP+4510923
APS,CE-SB-6060-8,CE-SB-6060-8 connector,319.32,0,0,https://www.google.com/search?tbm=isch&q=APS+CE-SB-6060-8
FESTO,195868,CRLBN-50/63 bearing block,318.08,0,0,https://www.google.com/search?tbm=isch&q=FESTO+195868
BLICKLE,752413,ALST 82/15K wheel,318.0,0,0,https://www.google.com/search?tbm=isch&q=BLICKLE+752413
VARIOUS,8M-Z34-W40,8M-Z34-W40  wheel,317.0,0,0,https://www.google.com/search?tbm=isch&q=VARIOUS+8M-Z34-W40
ATLAS COPCO,1033389,1033389 Spring,316.0,0,0,https://www.google.com/search?tbm=isch&q=ATLAS+COPCO+1033389
HARTING,9320006107,"Crimp-Leistungskontakte, 4mm²,",315.0,0,0,https://www.google.com/search?tbm=isch&q=HARTING+9320006107
SATA,83114,SATA-83114 Allen wrench,315.0,0,0,https://www.google.com/search?tbm=isch&q=SATA+83114
VARIOUS,340*240*125MM,340*240*125mm Plastic box,314.1,0,0,https://www.google.com/search?tbm=isch&q=VARIOUS+340*240*125MM
FESTO,558705,NPQM-L-M5-Q6-P10 push-in fitting,313.2,0,0,https://www.google.com/search?tbm=isch&q=FESTO+558705
ATLAS COPCO,1001922,1001922 bearing,312.0,0,0,https://www.google.com/search?tbm=isch&q=ATLAS+COPCO+1001922
MOELLER,294471,PL10-C10/1 N Breaker,311.16,0,0,https://www.google.com/search?tbm=isch&q=MOELLER+294471
RK ROSE&KRIEGER,52400000030,RUK_FLANSCHKLEMMSTUECK_FK_40,0,36.35,0,https://www.google.com/search?tbm=isch&q=RK+ROSE&KRIEGER+52400000030
FISCHERWERKE,522039,M16x190 ANKERSTANGE,307.6,0,0,https://www.google.com/search?tbm=isch&q=FISCHERWERKE+522039
ERIKS,10027617,O-Ring NBR 70-compound 36624 ø14x2,0,36.0,0,https://www.google.com/search?tbm=isch&q=ERIKS+10027617
APS,APS84040 L=1292MM,APS-8-4040 L=1292MM alu profile,303.72,0,0,https://www.google.com/search?tbm=isch&q=APS+APS84040+L=1292MM
PNEUMAX,22OT0818,22OT0818 Connector,302.47,0,0,https://www.google.com/search?tbm=isch&q=PNEUMAX+22OT0818
RITTAL,1033.5,1033.500 AE Kompakt-Schaltschrank AE1033,302.06,0,0,https://www.google.com/search?tbm=isch&q=RITTAL+1033.5
ATLAS COPCO,1000933,1000933  Toothed belt,301.0,0,0,https://www.google.com/search?tbm=isch&q=ATLAS+COPCO+1000933
SCHNEIDER ELECTRIC,A9SF19216,"A9SF19216 1 pole NA,16A,D breaker",298.65,0,0,https://www.google.com/search?tbm=isch&q=SCHNEIDER+ELECTRIC+A9SF19216
MISUMI,CLJN12-15-25,CLJN12-15-25 Insulation Sleeve,297.92,0,1,https://www.google.com/search?tbm=isch&q=MISUMI+CLJN12-15-25
MISUMI,NHXCC8,NHXCC8 magnet,296.4,0,0,https://www.google.com/search?tbm=isch&q=MISUMI+NHXCC8
ITEM,"0.0.294.34, 2093MM",0.0.294.34 / L=2093mm Profile,294.05,0,0,"https://www.google.com/search?tbm=isch&q=ITEM+0.0.294.34,+2093MM"
SANKYO,11030600,SOB 30-38-60 bush,293.34,0,0,https://www.google.com/search?tbm=isch&q=SANKYO+11030600
ATLAS COPCO,1007943_,1007943 Connector,289.35,0,0,https://www.google.com/search?tbm=isch&q=ATLAS+COPCO+1007943_
ENIDINE,M52940129,"RF M42x1,5 Rechteckflansch",283.38,0,0,https://www.google.com/search?tbm=isch&q=ENIDINE+M52940129
SCHNEIDER ELECTRIC,A9SF19304,"A9SF19304 3P,4A,D breaker",280.8,0,0,https://www.google.com/search?tbm=isch&q=SCHNEIDER+ELECTRIC+A9SF19304
GSEE,24130013,G24B-MSH-2L-2M32-C Shell,279.64,0,0,https://www.google.com/search?tbm=isch&q=GSEE+24130013
DONGGUAN YIHEDA AUTOMATION,OFN01-D25-L30,OFN01-d25-L30 bush,278.85,0,0,https://www.google.com/search?tbm=isch&q=DONGGUAN+YIHEDA+AUTOMATION+OFN01-D25-L30
EATON,111729,A22-RWH1V,277.6,0,0,https://www.google.com/search?tbm=isch&q=EATON+111729
MISUMI,B6302Z,B6302Z Bush,275.52,0,0,https://www.google.com/search?tbm=isch&q=MISUMI+B6302Z
SICK,6048434,DOL-1208-G10MF Cable,275.0,0,0,https://www.google.com/search?tbm=isch&q=SICK+6048434
SCHNEIDER ELECTRIC,A9SF19363,A9SF19363 iC65N 3P D63A,273.5,0,0,https://www.google.com/search?tbm=isch&q=SCHNEIDER+ELECTRIC+A9SF19363
GANTER,GN 50.2-HF-16-M3,GN 50.2-HF-16-M3 magnet,272.04,0,0,https://www.google.com/search?tbm=isch&q=GANTER+GN+50.2-HF-16-M3
RK ROSE&KRIEGER,80302010380,8.03020.1 L=0380mm Rohr ø30x2mm verz.,0,31.84,0,https://www.google.com/search?tbm=isch&q=RK+ROSE&KRIEGER+80302010380
RK ROSE&KRIEGER,80302010320,8.03020.1 L=0320mm Rohr ø30x2mm verz.,0,31.84,0,https://www.google.com/search?tbm=isch&q=RK+ROSE&KRIEGER+80302010320
SATA,83110,SATA-83110 Allen wrench,270.0,0,0,https://www.google.com/search?tbm=isch&q=SATA+83110
ITEM,"0.0.026.34, 380MM",0.0.026.34 / L=380mm Profil 8 80x40,270.0,0,0,"https://www.google.com/search?tbm=isch&q=ITEM+0.0.026.34,+380MM"
SCHMALZ,10.01.06.00064,FSGA 33 NBR-55 G1/4-IG suction pad(round,270.0,0,0,https://www.google.com/search?tbm=isch&q=SCHMALZ+10.01.06.00064
FESTO,2077,FR-8-1/8 Verteilerblock,265.76,0,0,https://www.google.com/search?tbm=isch&q=FESTO+2077
CAMOZZI,65808-6,6580 8-6 Tube to Tube Couplings,264.66,0,0,https://www.google.com/search?tbm=isch&q=CAMOZZI+65808-6
THK,CF24-AB,CF24-AB,264.6,0,0,https://www.google.com/search?tbm=isch&q=THK+CF24-AB
VARIOUS,SJ-891213,SJ-891213 Hand riveting gun,264.0,0,0,https://www.google.com/search?tbm=isch&q=VARIOUS+SJ-891213
NORELEM,02020-216_,02020-216 Pins,263.21,0,0,https://www.google.com/search?tbm=isch&q=NORELEM+02020-216_
SIMATEC,290.2082,290.2082 Bracket,259.6,0,0,https://www.google.com/search?tbm=isch&q=SIMATEC+290.2082
STAUFF,SP 430 PP DP AS,SP 430 PP DP AS Rohrschelle Ø30,259.12,0,0,https://www.google.com/search?tbm=isch&q=STAUFF+SP+430+PP+DP+AS
VARIOUS,T1202520,T1202520 Connector,257.8,0,0,https://www.google.com/search?tbm=isch&q=VARIOUS+T1202520
SIEMENS,3SB6403-1BA20-1AA0,3SB6403-1BA20-1AA0 module,256.9,0,0,https://www.google.com/search?tbm=isch&q=SIEMENS+3SB6403-1BA20-1AA0
SANKYO,11012160,SOB 12-18-16 oilless bush,255.26,0,0,https://www.google.com/search?tbm=isch&q=SANKYO+11012160
EATON,236047,"PXL-C2/1, MINI CIRCUIT BREAKER 1P 230V",254.48,0,0,https://www.google.com/search?tbm=isch&q=EATON+236047
FESTO,161128,MAP-40-16-1/8-EN  Pressure Gauges,254.04,0,0,https://www.google.com/search?tbm=isch&q=FESTO+161128
GSEE,24110000,G10B-SH4E-M32 Shell,253.96,0,0,https://www.google.com/search?tbm=isch&q=GSEE+24110000
GSEE,21030600,GE-K010-S Base,253.96,0,0,https://www.google.com/search?tbm=isch&q=GSEE+21030600
GSEE,20030600,GE-Z010-S Base,253.96,0,0,https://www.google.com/search?tbm=isch&q=GSEE+20030600
SCHNEIDER ELECTRIC,A9SF19116,"A9SF19116 1P,16A,D breaker",252.4,0,0,https://www.google.com/search?tbm=isch&q=SCHNEIDER+ELECTRIC+A9SF19116
ORDA OIL,ORDA-355 BLUE OIL 450ML,ORDA-355 Blue Oil 450ml,251.78,0,0,https://www.google.com/search?tbm=isch&q=ORDA+OIL+ORDA-355+BLUE+OIL+450ML
VARIOUS,360*278*105,360*278*105 Plastic box,250.0,0,0,https://www.google.com/search?tbm=isch&q=VARIOUS+360*278*105
VARIOUS,JTS2-70B/4X16,JTS2-70B/4X16 Cable,249.57,0,0,https://www.google.com/search?tbm=isch&q=VARIOUS+JTS2-70B/4X16
ESCHA,AL-WAKS4.5-3-AL-WASS4.5/S370,AL-WAKS4.5-3-AL-WASS4.5/S370,249.0,0,0,https://www.google.com/search?tbm=isch&q=ESCHA+AL-WAKS4.5-3-AL-WASS4.5/S370
APS,APS88040 L=1800MM,APS-8-8040_L=1800mm profile,249.0,0,0,https://www.google.com/search?tbm=isch&q=APS+APS88040+L=1800MM
GSEE,23010000,K-S0.37/D Connector,248.0,0,0,https://www.google.com/search?tbm=isch&q=GSEE+23010000
SIEMENS,5SY6210-7CC,5SY6210-7CC BREAKER,247.8,0,0,https://www.google.com/search?tbm=isch&q=SIEMENS+5SY6210-7CC
GSEE,21011200,GD-K025-P Connector,247.8,0,0,https://www.google.com/search?tbm=isch&q=GSEE+21011200
FESTO,164936,HR-D-MINI mounting angle,247.44,0,0,https://www.google.com/search?tbm=isch&q=FESTO+164936
ESCHA,AL-WAK4-8-AL-WAS4/S370OG,AL-WAK4-8-AL-WAS4/S370OG,243.0,0,0,https://www.google.com/search?tbm=isch&q=ESCHA+AL-WAK4-8-AL-WAS4/S370OG
MISUMI,SWN14.5-20,SWN14.5-20 Spring,241.2,0,0,https://www.google.com/search?tbm=isch&q=MISUMI+SWN14.5-20
SICK,2013942,BEF-WG-W12 holder angle large,239.1,0,0,https://www.google.com/search?tbm=isch&q=SICK+2013942
ITEM,"0.0.294.34, 1693MM",0.0.294.34 / L=1693mm Profile,237.84,0,0,"https://www.google.com/search?tbm=isch&q=ITEM+0.0.294.34,+1693MM"
TINGTE PIPE INDUSTRY,T1005040,T1005040 connector,236.4,0,0,https://www.google.com/search?tbm=isch&q=TINGTE+PIPE+INDUSTRY+T1005040
SANKYO,11040200,SOB 40-50-20 bush,236.25,0,0,https://www.google.com/search?tbm=isch&q=SANKYO+11040200
FESTO,161112,NEV-02-VDMA Endplatten-Bausatz,235.28,0,0,https://www.google.com/search?tbm=isch&q=FESTO+161112
MISUMI,C-FSM6-16,C-FSM6-16 Top filament,234.88,0,0,https://www.google.com/search?tbm=isch&q=MISUMI+C-FSM6-16
THK,CF20-AB,CF20-AB roller,233.64,0,0,https://www.google.com/search?tbm=isch&q=THK+CF20-AB
FESTO,174379,FNC-63 Flange mounting,229.94,0,0,https://www.google.com/search?tbm=isch&q=FESTO+174379
LEUZE,50030433,TKS 30X60 reflector,226.56,0,0,https://www.google.com/search?tbm=isch&q=LEUZE+50030433
RITTAL,9104.21,Aluminiumguss-Gehaeuse 75x80x57,226.44,0,0,https://www.google.com/search?tbm=isch&q=RITTAL+9104.21
RITTAL,8611.18,TS8611.180 Safety lock Nr.3524E,226.25,0,0,https://www.google.com/search?tbm=isch&q=RITTAL+8611.18
PHOENIX,827461,ZB 16 0827461,223.5,0,0,https://www.google.com/search?tbm=isch&q=PHOENIX+827461
ITEM,0.0.294.34 L=1530MM,0.0.294.34 L=1530MM natur,222.69,0,0,https://www.google.com/search?tbm=isch&q=ITEM+0.0.294.34+L=1530MM
FESTO,578286,NPQH-L-G14-Q12-P10 Push-in L-fitting,222.0,0,0,https://www.google.com/search?tbm=isch&q=FESTO+578286
FESTO,531676,"KS4-1/2-A Quick coupling plug 1/2""",218.4,0,0,https://www.google.com/search?tbm=isch&q=FESTO+531676
FESTO,558658,NPQM-DK-M5-Q6-P10 Steckverschraubung,217.8,0,0,https://www.google.com/search?tbm=isch&q=FESTO+558658
ShangGong,GB/T6135.3_2.5MM,twist drill GB/T6135.3_2.5mm,217.8,0,0,https://www.google.com/search?tbm=isch&q=ShangGong+GB/T6135.3_2.5MM
VARIOUS,AT50D-8C,AT50D-8C Castors Anteng,217.7,0,0,https://www.google.com/search?tbm=isch&q=VARIOUS+AT50D-8C
FESTO,578327,NPQH-D-Q12-E-P10,217.2,0,0,https://www.google.com/search?tbm=isch&q=FESTO+578327
Shanghai Naikeli,M10*18,M10*18 Stainless self-threading sleeve,212.5,0,0,https://www.google.com/search?tbm=isch&q=Shanghai+Naikeli+M10*18
FESTO,8036910,SAMH-FH-W Mounting Angle SFAH,210.64,0,0,https://www.google.com/search?tbm=isch&q=FESTO+8036910
ITEM,0.0.492.47,0.0.492.47 Stellfuss 8 240x160,209.26,0,0,https://www.google.com/search?tbm=isch&q=ITEM+0.0.492.47
GUTEKUNST,C113577,C113577 Druckfeder hart Typ B,0,24.6,0,https://www.google.com/search?tbm=isch&q=GUTEKUNST+C113577
ETON,"40,3,05,14,8","40,3,05,14,8 nut",208.0,0,0,"https://www.google.com/search?tbm=isch&q=ETON+40,3,05,14,8"
RITTAL,5001.227,Kabeleinführungsblech für B 800 mm,206.66,0,0,https://www.google.com/search?tbm=isch&q=RITTAL+5001.227
SICK,6053172,SBO-02F12-SM1 adapter,206.0,0,0,https://www.google.com/search?tbm=isch&q=SICK+6053172
APS,APS84080L=1500MM,APS-8-4080 L=1500mm Profile,205.6,0,0,https://www.google.com/search?tbm=isch&q=APS+APS84080L=1500MM
EMKA,1095-07,1095-07 Griffstück Polyamid GF schwarz,0,24.12,0,https://www.google.com/search?tbm=isch&q=EMKA+1095-07
TÜNKERS,242839,A40 clamp arm for V/V2 63.1/K63-clamp,204.8,0,0,https://www.google.com/search?tbm=isch&q=TÜNKERS+242839
VARIOUS,DIN705_A55,DIN705_A55 Stellring,204.0,0,0,https://www.google.com/search?tbm=isch&q=VARIOUS+DIN705_A55
VARIOUS,HTD880CXP-8M-40,HTD880CXP-8M-40 belt,203.54,0,0,https://www.google.com/search?tbm=isch&q=VARIOUS+HTD880CXP-8M-40
MISUMI,CLBGHNU12-37.5,CLBGHNU12-37.5 Pin,203.32,0,0,https://www.google.com/search?tbm=isch&q=MISUMI+CLBGHNU12-37.5
RITTAL,9340.01,Main control switch 3-pole IU=25,201.51,0,0,https://www.google.com/search?tbm=isch&q=RITTAL+9340.01
ESCHA,8081767,"Schraubstopfen M12x1 BK, VPE100",200.0,0,0,https://www.google.com/search?tbm=isch&q=ESCHA+8081767
SEW EURODRIVE,18206352,Bediengeraet FBG11B,199.12,0,0,https://www.google.com/search?tbm=isch&q=SEW+EURODRIVE+18206352
RITTAL,4315.81,Door-operated switch with connection,199.08,0,0,https://www.google.com/search?tbm=isch&q=RITTAL+4315.81
SANKYO,11035408,SOB 35-45-40 bush,197.0,0,0,https://www.google.com/search?tbm=isch&q=SANKYO+11035408
APS,84080 L=0070MM,8-4080 L=0070mm Aluminum profiles,196.94,0,0,https://www.google.com/search?tbm=isch&q=APS+84080+L=0070MM
SANKYO,11016150,SOB 16-22-15 bush,196.0,0,0,https://www.google.com/search?tbm=isch&q=SANKYO+11016150
SANKYO,11030500,SOB 30-38-50 bush,195.94,0,0,https://www.google.com/search?tbm=isch&q=SANKYO+11030500
TAJIMA,"6""",6'' Nipper pliers,195.07,0,0,"https://www.google.com/search?tbm=isch&q=TAJIMA+6"""
RITTAL,9344.68,9344.68,194.36,0,0,https://www.google.com/search?tbm=isch&q=RITTAL+9344.68
VARIOUS,BAY6902ZZ,BAY6902ZZ,193.44,0,0,https://www.google.com/search?tbm=isch&q=VARIOUS+BAY6902ZZ
MISUMI,PBA12-40-R,PBA12-40-R,192.84,0,0,https://www.google.com/search?tbm=isch&q=MISUMI+PBA12-40-R
NORELEM,26103-03001555,26103-03001555 Gummi-Metall-Puffer Typ E,192.24,0,0,https://www.google.com/search?tbm=isch&q=NORELEM+26103-03001555
SCHNEIDER ELECTRIC,A9SF19203,"A9SF19203 1 pole+ NA,2A,D breaker",189.96,0,0,https://www.google.com/search?tbm=isch&q=SCHNEIDER+ELECTRIC+A9SF19203
STANLEY,Ø8_4MM,punch_Ø8_4mm,189.47,0,0,https://www.google.com/search?tbm=isch&q=STANLEY+Ø8_4MM
COLSON,4-4108-929,4-4108-929 Wheel,188.0,0,0,https://www.google.com/search?tbm=isch&q=COLSON+4-4108-929
ACTION,64511125,64511 125 extension bars,186.9,0,0,https://www.google.com/search?tbm=isch&q=ACTION+64511125
PEPPERL&FUCHS,281614,"Y-Verbindungskabel, M12 auf 2xM12, 4p.",185.56,0,0,https://www.google.com/search?tbm=isch&q=PEPPERL&FUCHS+281614
SIEMENS,3SU1031-0AB20-0AA0,3SU1031-0AB20-0AA0,185.0,0,0,https://www.google.com/search?tbm=isch&q=SIEMENS+3SU1031-0AB20-0AA0
VARIOUS,901015,901015 Connector,184.08,0,0,https://www.google.com/search?tbm=isch&q=VARIOUS+901015
TINGTE PIPE INDUSTRY,T1202523,T1202523 connector,183.0,0,0,https://www.google.com/search?tbm=isch&q=TINGTE+PIPE+INDUSTRY+T1202523
SIEMENS,5SY6325-7CC,5SY6325-7CC Breaker,182.54,0,0,https://www.google.com/search?tbm=isch&q=SIEMENS+5SY6325-7CC
SANKYO,11016120,SOB 16-22-12 bush,180.0,0,0,https://www.google.com/search?tbm=isch&q=SANKYO+11016120
RIEGLER,111356,"252.63 Doppelgewindenippel, G 1/4 a.,",0,21.12,0,https://www.google.com/search?tbm=isch&q=RIEGLER+111356
LUMBERG,DM2-8XM2-6607/5M,cable green 8 core shielded 5M,179.4,0,0,https://www.google.com/search?tbm=isch&q=LUMBERG+DM2-8XM2-6607/5M
ETON,40.3.04.30,40.3.04.30  T-BOLZEN,179.2,0,0,https://www.google.com/search?tbm=isch&q=ETON+40.3.04.30
MISUMI,5962910,SC1803-1842J-922_035,178.92,0,0,https://www.google.com/search?tbm=isch&q=MISUMI+5962910
WÜRTH,511716363,"ISO 1234 Stahl verzinkt Splint 6,3x63",178.75,0,0,https://www.google.com/search?tbm=isch&q=WÜRTH+511716363
ITEM,0.0.294.34 L=1210MM,0.0.294.34 L=1210MM natur,177.38,0,0,https://www.google.com/search?tbm=isch&q=ITEM+0.0.294.34+L=1210MM
IGUS,680.125.2,"680.125.2 Anschlußel. Festpunkt K.Stoff,",177.24,0,0,https://www.google.com/search?tbm=isch&q=IGUS+680.125.2
IGUS,680.125.1,680.125.1 Anschlusselement Mitnehmer,177.24,0,0,https://www.google.com/search?tbm=isch&q=IGUS+680.125.1
SIEMENS,5SY6108-7CC,"Circuit breaker C8A, 1pole",177.12,0,0,https://www.google.com/search?tbm=isch&q=SIEMENS+5SY6108-7CC
DATALOGIC,YL-LT-EXT-05,YL-LT-EXT-05 Cable,177.0,0,0,https://www.google.com/search?tbm=isch&q=DATALOGIC+YL-LT-EXT-05
SCHNEIDER ELECTRIC,IC65N3PC6A,IC65N3PC6A  3 phase air-break switch,176.58,0,0,https://www.google.com/search?tbm=isch&q=SCHNEIDER+ELECTRIC+IC65N3PC6A
JEAN MUELLER,J-UB18-22,"J-UB18-22 Cable clamps, 18-22mm",176.0,0,0,https://www.google.com/search?tbm=isch&q=JEAN+MUELLER+J-UB18-22
RITTAL,7097.22,DK7097.220 cable clamp,175.3,0,0,https://www.google.com/search?tbm=isch&q=RITTAL+7097.22
FESTO,153333,QSML-M5-4 Push-in L-fitting M5-Ø4,174.6,0,0,https://www.google.com/search?tbm=isch&q=FESTO+153333
FESTO,8040453,NEBC-D12G4-ES-5-S-R3G4-ET cable,173.06,0,0,https://www.google.com/search?tbm=isch&q=FESTO+8040453
ETON,"40,3,04,25","40,3,04,25 Bolt",172.8,0,0,"https://www.google.com/search?tbm=isch&q=ETON+40,3,04,25"
NORELEM,06250-24010,06250-24010 ball knob,171.02,0,1,https://www.google.com/search?tbm=isch&q=NORELEM+06250-24010
RITTAL,8800.41,Anreihzwinge vertikal TS/TS,170.13,0,0,https://www.google.com/search?tbm=isch&q=RITTAL+8800.41
FEE,1252605,1252605 Stationsschrank,0,20.0,0,https://www.google.com/search?tbm=isch&q=FEE+1252605
ITEM,"0.0.026.04, 160 MM",0.0.026.04/L=0160MM Profile 8 80x40,167.64,0,0,"https://www.google.com/search?tbm=isch&q=ITEM+0.0.026.04,+160+MM"
VARIOUS,JQ550605405,JQ550605405,167.16,0,0,https://www.google.com/search?tbm=isch&q=VARIOUS+JQ550605405
VARIOUS,30065,FGGS200-M10 clamp,166.79,0,0,https://www.google.com/search?tbm=isch&q=VARIOUS+30065
RIEGLER,111126,252.16 G1/2-G3/8 Reduziernippel lang,0,19.52,0,https://www.google.com/search?tbm=isch&q=RIEGLER+111126
ITEM,"0.0.026.34, 456MM",0.0.026.34 / L=456mm Profil 8 80x40,161.99,0,0,"https://www.google.com/search?tbm=isch&q=ITEM+0.0.026.34,+456MM"
SANKYO,118010015,SOBF-10x14x15 bush with collar,157.14,0,0,https://www.google.com/search?tbm=isch&q=SANKYO+118010015
FESTO,570349,PUN-V0-4X1-SW-C Plastic tubing,157.08,0,0,https://www.google.com/search?tbm=isch&q=FESTO+570349
PNEUMAX,10718,10718 Connector,156.95,0,0,https://www.google.com/search?tbm=isch&q=PNEUMAX+10718
MISUMI,CPDR40,CPDR40 Bearing,156.92,0,0,https://www.google.com/search?tbm=isch&q=MISUMI+CPDR40
TAJIMA,6,6'' Diagonal cutting pliers,156.05,0,0,https://www.google.com/search?tbm=isch&q=TAJIMA+6
SCHMALZ,10.01.06.00031,FSG 42 NBR-55 G1/4-AG Balgsauggreifer,156.0,0,0,https://www.google.com/search?tbm=isch&q=SCHMALZ+10.01.06.00031
ShangGong,GB/T6135.3_8.0MM,twist drill GB/T6135.3_8.0mm,154.2,0,0,https://www.google.com/search?tbm=isch&q=ShangGong+GB/T6135.3_8.0MM
ERIKS,18-1.8 NBR70,18-1.8 NBR 70 O-Ring Compound 366026,0,18.0,0,https://www.google.com/search?tbm=isch&q=ERIKS+18-1.8+NBR70
APS,8-4080W L=0740MM,8-4080W L=0740MM Aluminum profiles,149.41,0,0,https://www.google.com/search?tbm=isch&q=APS+8-4080W+L=0740MM
TURCK,1625853,Ni50U-QV40-AP6X2-H1141  Sensor Induktiv,148.4,0,0,https://www.google.com/search?tbm=isch&q=TURCK+1625853
FESTO,373497,"BO- 16-039,0-DA Bolt",148.26,0,0,https://www.google.com/search?tbm=isch&q=FESTO+373497
YANGZHOU RUIJIE HYDRAULIC TECHNOLOGY,W1/2N1/4RJ,W1/2N1/4RJ Connector,148.0,0,0,https://www.google.com/search?tbm=isch&q=YANGZHOU+RUIJIE+HYDRAULIC+TECHNOLOGY+W1/2N1/4RJ
NORELEM,03040-916,03040-916 Montagehilfe für Druckstück,147.08,0,0,https://www.google.com/search?tbm=isch&q=NORELEM+03040-916
CAMOZZI,S6510818,S6510-8-1/8 connector,145.0,0,0,https://www.google.com/search?tbm=isch&q=CAMOZZI+S6510818
PENGCHI,SHACKLES_3T,Shackles_3T,144.0,0,0,https://www.google.com/search?tbm=isch&q=PENGCHI+SHACKLES_3T
SANKYO,118018020,SOBF-18x24x20 FLANGED BUSHING,143.56,0,0,https://www.google.com/search?tbm=isch&q=SANKYO+118018020
ENIDINE,C92940079,UC 2940 Anschlagkappe,143.34,0,0,https://www.google.com/search?tbm=isch&q=ENIDINE+C92940079
MÖLLER,294488,"LS-Schalter, 1p+N, D-Char, 16A",142.9,0,0,https://www.google.com/search?tbm=isch&q=MÖLLER+294488
SIEMENS,5SY6140-7CC,5SY6140-7CC air switch1P40A,142.5,0,0,https://www.google.com/search?tbm=isch&q=SIEMENS+5SY6140-7CC
APS,CE-CSG8,CE-CSG8 Slot Bar,141.24,0,0,https://www.google.com/search?tbm=isch&q=APS+CE-CSG8
RIEGLER,112697,"253.01 Winkel 90° Außen/Außen 1/4""",0,16.2,0,https://www.google.com/search?tbm=isch&q=RIEGLER+112697
RK ROSE&KRIEGER,80302010400,8.03020.1 L=0400mm Rohr ø30x2mm verz.,0,15.92,0,https://www.google.com/search?tbm=isch&q=RK+ROSE&KRIEGER+80302010400
RK ROSE&KRIEGER,80302010220,8.03020.1 L=0220mm Rohr ø30x2mm verz.,0,15.92,0,https://www.google.com/search?tbm=isch&q=RK+ROSE&KRIEGER+80302010220
RK ROSE&KRIEGER,80302010450,8.03020.1 L=0450mm Rohr ø30x2mm verz.,0,15.92,0,https://www.google.com/search?tbm=isch&q=RK+ROSE&KRIEGER+80302010450
VARIOUS,"SOCKETS 1/2"" 21MM","SOCKETS 1/2"" 21MM",132.6,0,0,"https://www.google.com/search?tbm=isch&q=VARIOUS+SOCKETS+1/2""+21MM"
FESTO,153275,QSLF-1/4-6-B connector,131.5,0,0,https://www.google.com/search?tbm=isch&q=FESTO+153275
ACTION,69742100,69742100 Ring,130.2,0,0,https://www.google.com/search?tbm=isch&q=ACTION+69742100
FESTO,578324,NPQH-D-Q6-E-P10,130.0,0,0,https://www.google.com/search?tbm=isch&q=FESTO+578324
FESTO,541333,NEBU-M8G3-K-2.5-LE3 Connecting line,128.6,0,0,https://www.google.com/search?tbm=isch&q=FESTO+541333
VARIOUS,JQ550606405,JQ550606405,127.44,0,0,https://www.google.com/search?tbm=isch&q=VARIOUS+JQ550606405
SIEMENS,5SY4306-7CC,5SY4306-7CC Breaker,127.12,0,0,https://www.google.com/search?tbm=isch&q=SIEMENS+5SY4306-7CC
SCHNEIDER ELECTRIC,A9SF19120,"A9SF19120 1P,20A,D breaker",126.2,0,0,https://www.google.com/search?tbm=isch&q=SCHNEIDER+ELECTRIC+A9SF19120
ITEM,"0.0.492.91, 160 MM",0.0.492.91 Profil_8_40x40_160MM,125.99,0,0,"https://www.google.com/search?tbm=isch&q=ITEM+0.0.492.91,+160+MM"
ShangGong,GB/T6135.3_8.7MM,twist drill GB/T6135.3_8.7mm,125.0,0,0,https://www.google.com/search?tbm=isch&q=ShangGong+GB/T6135.3_8.7MM
VARIOUS,64846016,64846016 Screw,124.26,0,0,https://www.google.com/search?tbm=isch&q=VARIOUS+64846016
SMC,ANA1-N03,ANA1-N03 Silencer,124.0,0,0,https://www.google.com/search?tbm=isch&q=SMC+ANA1-N03
GSEE,23010300,K-S1/D Connector,124.0,0,0,https://www.google.com/search?tbm=isch&q=GSEE+23010300
ITEM,"0.0.026.33,155MM",0.0.026.33 / L=155mm Profil 8 40x40 Alu,123.45,0,0,"https://www.google.com/search?tbm=isch&q=ITEM+0.0.026.33,155MM"
MISUMI,C-LMF16UU,C-LMF16UU Bearing,122.4,0,0,https://www.google.com/search?tbm=isch&q=MISUMI+C-LMF16UU
ShangGong,GB/T6135.3_8.2MM,twist drill GB/T6135.3_8.2mm,122.2,0,0,https://www.google.com/search?tbm=isch&q=ShangGong+GB/T6135.3_8.2MM
APS,APS84040 L=170MM,APS-8-4040 L=170MM alu profile,122.16,0,0,https://www.google.com/search?tbm=isch&q=APS+APS84040+L=170MM
SIEMENS,3RV5901-1E,3RV5901-1E Switch,122.08,0,0,https://www.google.com/search?tbm=isch&q=SIEMENS+3RV5901-1E
VARIOUS,60725013,60725013 bolt,121.91,0,0,https://www.google.com/search?tbm=isch&q=VARIOUS+60725013
FESTO,578280,NPQH-L-G18-Q4-P10 Push-in L-fitting,121.4,0,0,https://www.google.com/search?tbm=isch&q=FESTO+578280
FESTO,578281,NPQH-L-G18-Q6-P10 Push-in L-fitting,121.4,0,0,https://www.google.com/search?tbm=isch&q=FESTO+578281
FESTO,578276,NPQH-L-M5-Q4-P10 Push-in L-fitting,121.4,0,0,https://www.google.com/search?tbm=isch&q=FESTO+578276
CAMOZZI,S6510814,S6510-8-1/4 connector,119.6,0,0,https://www.google.com/search?tbm=isch&q=CAMOZZI+S6510814
PNEUMAX,104Z1238,104Z1238 Flow control vale,119.5,0,0,https://www.google.com/search?tbm=isch&q=PNEUMAX+104Z1238
FESTO,15636,N-1/2-P-13-MS Barbed hose fitting,119.12,0,0,https://www.google.com/search?tbm=isch&q=FESTO+15636
EATON,207147,T0−2−1/I1/SVB MAIN SWITCH 3P 600V 20A,116.93,0,0,https://www.google.com/search?tbm=isch&q=EATON+207147
WEIDMUELLER,1062860000,WAD-cover with sign lightning bolt,116.7,0,0,https://www.google.com/search?tbm=isch&q=WEIDMUELLER+1062860000
VARIOUS,ZAC01-M12,ZAC01-M12 Plunger Yiheda,116.34,0,0,https://www.google.com/search?tbm=isch&q=VARIOUS+ZAC01-M12
NORELEM,26106-04004055,26106-04004055 Gummi-Metall-Puffer,115.78,0,0,https://www.google.com/search?tbm=isch&q=NORELEM+26106-04004055
ITEM,0.0.026.02,0.0.026.02 cover cap 8 80x40,115.6,0,0,https://www.google.com/search?tbm=isch&q=ITEM+0.0.026.02
ITEM,0.0.388.08,0.0.388.08 automatic connection kit,113.59,0,0,https://www.google.com/search?tbm=isch&q=ITEM+0.0.388.08
GSEE,24130300,G24B-S4E-M25 Shell,113.28,0,0,https://www.google.com/search?tbm=isch&q=GSEE+24130300
SIMATEC,290.2004,HOSE_FOR_SMALL_BEND_RADIUS_D8_D6,113.2,0,0,https://www.google.com/search?tbm=isch&q=SIMATEC+290.2004
JEAN MUELLER,P01/4 D8001224,Neozed special adapter 4A P01/4,112.8,0,0,https://www.google.com/search?tbm=isch&q=JEAN+MUELLER+P01/4+D8001224
VARIOUS,"DIN7979_ISO8735_08,0M6X050","DIN7979_ISO8735_08,0 m6 x 050",111.0,0,0,"https://www.google.com/search?tbm=isch&q=VARIOUS+DIN7979_ISO8735_08,0M6X050"
NORELEM,"08910-A16,00X16","DIN172_08910_A16,00x16 bush with collar",107.05,0,0,"https://www.google.com/search?tbm=isch&q=NORELEM+08910-A16,00X16"
SANKYO,11010208,SOB 10-14-20 bush,106.7,0,0,https://www.google.com/search?tbm=isch&q=SANKYO+11010208
FESTO,174406,SNCL-050 hinged flange,106.24,0,0,https://www.google.com/search?tbm=isch&q=FESTO+174406
APS,8-4080W L=0520MM,8-4080W L=0520MM Aluminum profiles,104.99,0,0,https://www.google.com/search?tbm=isch&q=APS+8-4080W+L=0520MM
GUTEKUNST,D-275,D-275 Spring,0,12.32,0,https://www.google.com/search?tbm=isch&q=GUTEKUNST+D-275
MISUMI,KWSBAD20V9T5,KWSB-A-D20-V9-T5 UNTERLEGSCHEIBE,103.12,0,0,https://www.google.com/search?tbm=isch&q=MISUMI+KWSBAD20V9T5
ACTION,14503-150N,14503-150N Connection,103.1,0,0,https://www.google.com/search?tbm=isch&q=ACTION+14503-150N
GOODHAND,CH36224M,CH-36224M Straight Line Action Clamp,102.66,0,0,https://www.google.com/search?tbm=isch&q=GOODHAND+CH36224M
BOSCH,5.8MM,5.8mm twist drill bit,102.6,0,0,https://www.google.com/search?tbm=isch&q=BOSCH+5.8MM
FISCHERWERKE,52277,BS 20 Brush,100.0,0,0,https://www.google.com/search?tbm=isch&q=FISCHERWERKE+52277
VARIOUS,20MM SUS304 KEY RING,20mm sus304 key ring,100.0,0,0,https://www.google.com/search?tbm=isch&q=VARIOUS+20MM+SUS304+KEY+RING
RITTAL,7097.3,cable clamp,99.7,0,0,https://www.google.com/search?tbm=isch&q=RITTAL+7097.3
VARIOUS,"DIN7979_ISO8735_06,0M6X050","DIN7979_ISO8735_06,0 m6 x 050",99.5,0,0,"https://www.google.com/search?tbm=isch&q=VARIOUS+DIN7979_ISO8735_06,0M6X050"
MISUMI,GDRTW-32,GDRTW-32 circlip,98.67,0,0,https://www.google.com/search?tbm=isch&q=MISUMI+GDRTW-32
VARIOUS,"DIN7979_ISO8735_08,0M6X030","DIN7979_ISO8735_08,0 m6 x 030",98.5,0,0,"https://www.google.com/search?tbm=isch&q=VARIOUS+DIN7979_ISO8735_08,0M6X030"
VARIOUS,"DIN7979_ISO8735_08,0M6X025","DIN7979_ISO8735_08,0 m6 x 025",98.5,0,0,"https://www.google.com/search?tbm=isch&q=VARIOUS+DIN7979_ISO8735_08,0M6X025"
GSEE,25242000,NP32-M Bolt,98.04,0,0,https://www.google.com/search?tbm=isch&q=GSEE+25242000
ATLAS COPCO,1000370,1000370 Spring,98.0,0,0,https://www.google.com/search?tbm=isch&q=ATLAS+COPCO+1000370
ACTION,6071R013,6071R013 extension bars,96.03,0,0,https://www.google.com/search?tbm=isch&q=ACTION+6071R013
ITEM,"0.0.026.03, 60 MM",0.0.026.03 / L=0060mm Profil 8 40x40 Alu,94.54,0,0,"https://www.google.com/search?tbm=isch&q=ITEM+0.0.026.03,+60+MM"
ITEM,"0.0.026.33,115MM",0.0.026.33 / L=115mm Profil 8 40x40,94.32,0,0,"https://www.google.com/search?tbm=isch&q=ITEM+0.0.026.33,115MM"
VARIOUS,"DIN7979_ISO8735_08,0M6X020","DIN7979_ISO8735_08,0 m6 x 020",93.5,0,0,"https://www.google.com/search?tbm=isch&q=VARIOUS+DIN7979_ISO8735_08,0M6X020"
RK ROSE&KRIEGER,80181510180,"8.01815.1 L=0180mm tube Ø18x1,5 zinced",0,10.82,0,https://www.google.com/search?tbm=isch&q=RK+ROSE&KRIEGER+80181510180
NORELEM,09068-01,09068-01 magnet,91.44,0,0,https://www.google.com/search?tbm=isch&q=NORELEM+09068-01
RITTAL,9342.21,SV9342.210 Connection adaptor 63A,88.84,0,0,https://www.google.com/search?tbm=isch&q=RITTAL+9342.21
GUTEKUNST,D-154A,D-154A Druckfeder,0,10.28,0,https://www.google.com/search?tbm=isch&q=GUTEKUNST+D-154A
APS,APS84040L=1500MM,APS-8-4040 L=1500mm alu profile,87.27,0,0,https://www.google.com/search?tbm=isch&q=APS+APS84040L=1500MM
FESTO,373499,"BO- 16-049,0-DA Bolt",86.48,0,0,https://www.google.com/search?tbm=isch&q=FESTO+373499
SIEMENS,5ST37010CC,5ST37010CC PIN BUS BAR 16QMM 1PH L1016MM,85.92,0,0,https://www.google.com/search?tbm=isch&q=SIEMENS+5ST37010CC
ACTION,69741102,69741102 Ring,85.68,0,0,https://www.google.com/search?tbm=isch&q=ACTION+69741102
FESTO,153336,QSML-1/8-6 Push-in L-fitting R1/8-Ø6,85.28,0,0,https://www.google.com/search?tbm=isch&q=FESTO+153336
SANKYO,11012100,SOB 12-18-10 bush,84.0,0,0,https://www.google.com/search?tbm=isch&q=SANKYO+11012100
VARIOUS,60542018,60542018  Screw,83.86,0,0,https://www.google.com/search?tbm=isch&q=VARIOUS+60542018
ACTION,61110013,61110013,83.76,0,0,https://www.google.com/search?tbm=isch&q=ACTION+61110013
VARIOUS,64722030,64722030  Tightening rod,82.0,0,0,https://www.google.com/search?tbm=isch&q=VARIOUS+64722030
shanggong,GB/T6135.3_7.7MM,twist drill GB/T6135.3_7.7mm,81.2,0,0,https://www.google.com/search?tbm=isch&q=shanggong+GB/T6135.3_7.7MM
VARIOUS,"DIN7979_ISO8735_12,0M6X035","DIN7979_ISO8735_12,0 m6 x 035",80.7,0,0,"https://www.google.com/search?tbm=isch&q=VARIOUS+DIN7979_ISO8735_12,0M6X035"
VARIOUS,ZJG18-F-5-M18-P-O,ZJG18-F-5-M18-P-O Sensor,80.24,0,0,https://www.google.com/search?tbm=isch&q=VARIOUS+ZJG18-F-5-M18-P-O
HILTI,255831,HSA M6x65/10/20 HSA-Segment anchor,79.56,0,0,https://www.google.com/search?tbm=isch&q=HILTI+255831
MISUMI,PMXYK10M,PMXYK10M Rotate the plunger,78.3,0,0,https://www.google.com/search?tbm=isch&q=MISUMI+PMXYK10M
RITTAL,1568.8,Montageplatte f. Klemmkasten KX,77.79,0,0,https://www.google.com/search?tbm=isch&q=RITTAL+1568.8
APS,CE-LS122,CE-LS122 handle,76.9,0,0,https://www.google.com/search?tbm=isch&q=APS+CE-LS122
RITTAL,4116.000_,PS4116.000,76.05,0,0,https://www.google.com/search?tbm=isch&q=RITTAL+4116.000_
FEDERNFABRIK SUBTIL,"DE8,5-500","De8,5-500 Druckfeder",0,8.66,0,"https://www.google.com/search?tbm=isch&q=FEDERNFABRIK+SUBTIL+DE8,5-500"
SATA,91404,91404 ruler,73.4,0,0,https://www.google.com/search?tbm=isch&q=SATA+91404
ShangGong,GB/T6135.3_6.7MM,twist drill GB/T6135.3_6.7mm,72.0,0,0,https://www.google.com/search?tbm=isch&q=ShangGong+GB/T6135.3_6.7MM
FESTO,1206624,"AMTE-M-H-G38 Schalldämpfer 3/8""",71.76,0,0,https://www.google.com/search?tbm=isch&q=FESTO+1206624
ACTION,69732020,69732020 Locking Pin,71.4,0,0,https://www.google.com/search?tbm=isch&q=ACTION+69732020
ACTION,69731018,69731018 LOCKING-PIN,71.4,0,0,https://www.google.com/search?tbm=isch&q=ACTION+69731018
ACTION,69731015,69731015 LOCKING-PIN,71.4,0,0,https://www.google.com/search?tbm=isch&q=ACTION+69731015
SEW EURODRIVE,13635999,Fan guard DRN100/DR100/BE/ES/V/2W,70.8,0,0,https://www.google.com/search?tbm=isch&q=SEW+EURODRIVE+13635999
VARIOUS,"DIN2093_50,0X25,4X3,0_","DIN2093_50,0 x 25,4 x 3,0 cup spring A",69.3,0,0,"https://www.google.com/search?tbm=isch&q=VARIOUS+DIN2093_50,0X25,4X3,0_"
SCHMALZ,10.01.01.00169,PFYN 15 PU-55 G1/8-AG Flachsauggreifer,68.44,0,0,https://www.google.com/search?tbm=isch&q=SCHMALZ+10.01.01.00169
PNEUMAX,104Z3412,104Z3412 Connector,66.94,0,0,https://www.google.com/search?tbm=isch&q=PNEUMAX+104Z3412
VARIOUS,65227008,65227008 screw,65.83,0,0,https://www.google.com/search?tbm=isch&q=VARIOUS+65227008
VARIOUS,COMBI-SPANNER 32--M22,combi-spanner 32--M22 JIEKE,65.31,0,0,https://www.google.com/search?tbm=isch&q=VARIOUS+COMBI-SPANNER+32--M22
RK ROSE&KRIEGER,82302030200,8.23020.3 L=200mm  Alu-Rohr Ø 30 x 2,0,7.64,0,https://www.google.com/search?tbm=isch&q=RK+ROSE&KRIEGER+82302030200
APS,APS84040 L=190MM,APS-8-4040 L=190MM alu profile,63.72,0,0,https://www.google.com/search?tbm=isch&q=APS+APS84040+L=190MM
JEAN MUELLER,D8002424,Neozed special adapter D02 20A,60.98,0,0,https://www.google.com/search?tbm=isch&q=JEAN+MUELLER+D8002424
MISUMI,JDB-120A15,JDB-120A15 Bushing,60.76,0,0,https://www.google.com/search?tbm=isch&q=MISUMI+JDB-120A15
VARIOUS,DIN1481_ISO8752_06X040__,DIN1481_ISO8752_06X040 SPANNHUELSE,60.0,0,0,https://www.google.com/search?tbm=isch&q=VARIOUS+DIN1481_ISO8752_06X040__
VARIOUS,JDB-223225,JDB-223225 Bushing,58.0,0,0,https://www.google.com/search?tbm=isch&q=VARIOUS+JDB-223225
ITEM,0.0.419.24,0.0.419.24 cap 6 60x60,57.68,0,0,https://www.google.com/search?tbm=isch&q=ITEM+0.0.419.24
SCHNEIDER ELECTRIC,A9SF19132,"A9SF19132 1P,32A,D breaker",57.62,0,0,https://www.google.com/search?tbm=isch&q=SCHNEIDER+ELECTRIC+A9SF19132
APS,84040 L=1200MM,8-4040 L=1200mm Aluminum profiles,56.8,0,0,https://www.google.com/search?tbm=isch&q=APS+84040+L=1200MM
MISUMI,JDB-125A40,JDB-125A40 Bush,56.52,0,0,https://www.google.com/search?tbm=isch&q=MISUMI+JDB-125A40
MISUMI,JDB-12515,JDB-12515 Bushing,56.48,0,0,https://www.google.com/search?tbm=isch&q=MISUMI+JDB-12515
VARIOUS,OFN01-D30-L30,OFN01-d30-L30 Bush Yiheda,56.26,0,0,https://www.google.com/search?tbm=isch&q=VARIOUS+OFN01-D30-L30
VARIOUS,S810,Paint Thinner,56.0,0,0,https://www.google.com/search?tbm=isch&q=VARIOUS+S810
IGUS,E4.281.062.1,E4.281.062.1   chain,52.94,0,0,https://www.google.com/search?tbm=isch&q=IGUS+E4.281.062.1
VARIOUS,64041016,64041016  Screw,52.69,0,0,https://www.google.com/search?tbm=isch&q=VARIOUS+64041016
RK ROSE&KRIEGER,80302000150,8.03020.0 L=0150mm Rohr ø30x2mm,0,6.04,0,https://www.google.com/search?tbm=isch&q=RK+ROSE&KRIEGER+80302000150
MISUMI,SWM8-35,SWM8-35 Coil Springs,49.96,0,0,https://www.google.com/search?tbm=isch&q=MISUMI+SWM8-35
EATON,115048,DILM32C-XHI11 Contact,49.28,0,0,https://www.google.com/search?tbm=isch&q=EATON+115048
FESTO,11310,NAS-3/8-2A-ISO single sub-base,49.12,0,0,https://www.google.com/search?tbm=isch&q=FESTO+11310
VARIOUS,REDUCER-A002,REDUCER-G3/8F-G1/8M Adjustable joints,49.04,0,0,https://www.google.com/search?tbm=isch&q=VARIOUS+REDUCER-A002
RIEGLER,101115,251.07 REDUZIERUNG G1/2 A X G1/4 I MS,0,5.76,0,https://www.google.com/search?tbm=isch&q=RIEGLER+101115
RITTAL,5001.219,"5001.219 Gland Plates for CM,TP,T=150 mm",47.07,0,0,https://www.google.com/search?tbm=isch&q=RITTAL+5001.219
SATA,22206,SATA-22206 socket,45.0,0,0,https://www.google.com/search?tbm=isch&q=SATA+22206
NORELEM,07330-301500,07330-301500 CIRCLIP FOR SHAFTS STEEL,44.08,0,0,https://www.google.com/search?tbm=isch&q=NORELEM+07330-301500
FESTO,153053,QSL-3/8-12 L-Steckverschraubung R3/8-Ø12,43.28,0,0,https://www.google.com/search?tbm=isch&q=FESTO+153053
SIEMENS,5SY61167CC,5SY6116-7CC Automat. single-pole C 16 A,43.22,0,0,https://www.google.com/search?tbm=isch&q=SIEMENS+5SY61167CC
ATLAS COPCO,1000470,1000470 Bush,43.0,0,0,https://www.google.com/search?tbm=isch&q=ATLAS+COPCO+1000470
FESTO,153160,QSS-10 bulkhead screw connection,42.8,0,0,https://www.google.com/search?tbm=isch&q=FESTO+153160
SCHNEIDER ELECTRIC,EA9X316,EA9X316,42.45,0,0,https://www.google.com/search?tbm=isch&q=SCHNEIDER+ELECTRIC+EA9X316
RIEGLER,111119,"252.08 Red.nippel, lange Ausf. G1/8""-1/4",0,4.93,1,https://www.google.com/search?tbm=isch&q=RIEGLER+111119
VARIOUS,65226012,65226012 Socket,41.45,0,0,https://www.google.com/search?tbm=isch&q=VARIOUS+65226012
IGUS,2000.03.2,2000.03.2 connection element,41.24,0,0,https://www.google.com/search?tbm=isch&q=IGUS+2000.03.2
VARIOUS,63825036,63825036 Socket,40.41,0,0,https://www.google.com/search?tbm=isch&q=VARIOUS+63825036
VARIOUS,6625.3,6625.300 Outlet filter,39.75,0,0,https://www.google.com/search?tbm=isch&q=VARIOUS+6625.3
FESTO,153307,QSM-1/8-6 Connector,39.25,0,0,https://www.google.com/search?tbm=isch&q=FESTO+153307
IGUS,2000.02.1,2000.02.1 connection element,39.18,0,0,https://www.google.com/search?tbm=isch&q=IGUS+2000.02.1
PHOENIX,3038309,D-STI 10/16,38.5,0,0,https://www.google.com/search?tbm=isch&q=PHOENIX+3038309
MISUMI,B6001Z,B6001Z BEARING,37.2,0,0,https://www.google.com/search?tbm=isch&q=MISUMI+B6001Z
ACTION,69741100,69741100 Ring,37.2,0,0,https://www.google.com/search?tbm=isch&q=ACTION+69741100
SATA,21202,SATA-21202 socket,36.0,0,0,https://www.google.com/search?tbm=isch&q=SATA+21202
SATA,21203,SATA-21203 socket,36.0,0,0,https://www.google.com/search?tbm=isch&q=SATA+21203
RITTAL,9344.54,Anschlussraum-Abdeckung Gr.2 zur Erweit,34.02,0,0,https://www.google.com/search?tbm=isch&q=RITTAL+9344.54
SIEMENS,3RT2916-1EH00,Ueberspannungsbegrenzer Diodenkombi.,33.65,0,0,https://www.google.com/search?tbm=isch&q=SIEMENS+3RT2916-1EH00
LEUZE,50114875,HRTR 25B/66-S-S12 diffuse sensor,33.0,0,0,https://www.google.com/search?tbm=isch&q=LEUZE+50114875
ShangGong,GB/T6135.3_4.0MM,twist drill GB/T6135.3_4.0mm,33.0,0,0,https://www.google.com/search?tbm=isch&q=ShangGong+GB/T6135.3_4.0MM
ITEM,"0.0.026.03, 165 MM",0.0.026.03/ L=165mm,32.5,0,0,"https://www.google.com/search?tbm=isch&q=ITEM+0.0.026.03,+165+MM"
FESTO,558783,NPQM-L-Q8-S8-P10 Push-in L-connector,30.56,0,0,https://www.google.com/search?tbm=isch&q=FESTO+558783
ATLAS COPCO,1000276,1000276 Bush,30.0,0,0,https://www.google.com/search?tbm=isch&q=ATLAS+COPCO+1000276
PNEUMAX,22OT1238,22OT1238 Connector,28.92,0,0,https://www.google.com/search?tbm=isch&q=PNEUMAX+22OT1238
ITEM,"0.0.294.34, 0400MM",0.0.294.34 / L=0400mm Profile,28.1,0,0,"https://www.google.com/search?tbm=isch&q=ITEM+0.0.294.34,+0400MM"
FESTO,153037,QS-6-4 Steckverbindung red,25.9,0,0,https://www.google.com/search?tbm=isch&q=FESTO+153037
SCHNEIDER ELECTRIC,XB2BVB4C,XB2BVB4C LED light red,25.89,0,0,https://www.google.com/search?tbm=isch&q=SCHNEIDER+ELECTRIC+XB2BVB4C
VARIOUS,BAY6205ZZ,BAY6205ZZ,24.96,0,0,https://www.google.com/search?tbm=isch&q=VARIOUS+BAY6205ZZ
VARIOUS,ARK2306,ARK-2306 Mobile material sorting rack,24.0,0,0,https://www.google.com/search?tbm=isch&q=VARIOUS+ARK2306
FESTO,153026,QSF-1/4-8-B PUSH-IN FITTING,23.76,0,0,https://www.google.com/search?tbm=isch&q=FESTO+153026
VARIOUS,60721010,60721010  Screw,23.33,0,0,https://www.google.com/search?tbm=isch&q=VARIOUS+60721010
JEAN MUELLER,D8001725,NEOZED special ring gauge D02 10A,22.56,0,0,https://www.google.com/search?tbm=isch&q=JEAN+MUELLER+D8001725
ATLAS COPCO,1000321,1000321 ring,22.0,0,0,https://www.google.com/search?tbm=isch&q=ATLAS+COPCO+1000321
MISUMI,NPN5-35,NPN5-35 Pin,20.48,0,0,https://www.google.com/search?tbm=isch&q=MISUMI+NPN5-35
ATLAS COPCO,1011313,1011313 Spring,19.0,0,0,https://www.google.com/search?tbm=isch&q=ATLAS+COPCO+1011313
SEW EURODRIVE,28125444/10M,28125444/10m Cable,19.0,0,0,https://www.google.com/search?tbm=isch&q=SEW+EURODRIVE+28125444/10M
VARIOUS,60512013,60512013 Socket,17.81,0,0,https://www.google.com/search?tbm=isch&q=VARIOUS+60512013
ATLAS COPCO,1011314,1011314 pin,17.0,0,0,https://www.google.com/search?tbm=isch&q=ATLAS+COPCO+1011314
VARIOUS,JDB-202816,JDB-202816 Bushing,17.0,0,0,https://www.google.com/search?tbm=isch&q=VARIOUS+JDB-202816
NORELEM,05531-1420491,05531-1420491 clipper,16.62,0,0,https://www.google.com/search?tbm=isch&q=NORELEM+05531-1420491
NORELEM,07522-1521050,07522-1521050 shim washer DIN988,16.47,0,0,https://www.google.com/search?tbm=isch&q=NORELEM+07522-1521050
SICK,1047118,DT50-P1123 distance sensor,16.0,0,0,https://www.google.com/search?tbm=isch&q=SICK+1047118
JIEKE,FITTER HAMMER_150G,Fitter hammer_150g,15.2,0,0,https://www.google.com/search?tbm=isch&q=JIEKE+FITTER+HAMMER_150G
VARIOUS,BLR95-20A,BLR95-20A Dial Plate,14.4,0,0,https://www.google.com/search?tbm=isch&q=VARIOUS+BLR95-20A
MISUMI,HFC8-4040-B,HFC8-4040-B,12.84,0,0,https://www.google.com/search?tbm=isch&q=MISUMI+HFC8-4040-B
JIEKE,IS2575MMINSULATEDSTRAIGHT,IS2.5-75mm Insulated straightscrewdriver,11.7,0,0,https://www.google.com/search?tbm=isch&q=JIEKE+IS2575MMINSULATEDSTRAIGHT
VARIOUS,DIN44763_ISO7931_M06,DIN44763_ISO7931_M06 Isolierbuchse,0,1.36,0,https://www.google.com/search?tbm=isch&q=VARIOUS+DIN44763_ISO7931_M06
VARIOUS,DIN1481_ISO8752_05X020_,DIN 1481 ISO 8752 05X020 SPANNHUELSE,11.0,0,0,https://www.google.com/search?tbm=isch&q=VARIOUS+DIN1481_ISO8752_05X020_
ATLAS COPCO,1000360,1000360 Spring,10.0,0,0,https://www.google.com/search?tbm=isch&q=ATLAS+COPCO+1000360
SCHLEMMER,5308954,5308954,10.0,0,0,https://www.google.com/search?tbm=isch&q=SCHLEMMER+5308954
LEUZE,50117255,BTU 200M-D12 Montagesystem,8.0,0,0,https://www.google.com/search?tbm=isch&q=LEUZE+50117255
NORELEM,07534-08X16,07534-08x16 dowel screw ISO7379 M6,7.76,0,0,https://www.google.com/search?tbm=isch&q=NORELEM+07534-08X16
STAUFF,1130005192,PP-112A Stauff plastic clamp Gr.1A-12,7.68,0,0,https://www.google.com/search?tbm=isch&q=STAUFF+1130005192
NORELEM,03000-08,03000-08 spring plunger,7.6,0,0,https://www.google.com/search?tbm=isch&q=NORELEM+03000-08
FESTO,1206621,AMTE-M-H-M5 Schalldämpfer,7.08,0,0,https://www.google.com/search?tbm=isch&q=FESTO+1206621
SEW EURODRIVE,28125444/12M,28125444/12m Cable,6.0,0,0,https://www.google.com/search?tbm=isch&q=SEW+EURODRIVE+28125444/12M
VARIOUS,DIN1476_03X004,DIN1476_03x004 HALBRUNDKERBNAGEL,6.0,0,0,https://www.google.com/search?tbm=isch&q=VARIOUS+DIN1476_03X004
NORELEM,07165-08X12,07165-08X12 GRUB SCREW,3.0,0,0,https://www.google.com/search?tbm=isch&q=NORELEM+07165-08X12
NORELEM,05526-91420141,05526-91420141 hook,2.29,0,0,https://www.google.com/search?tbm=isch&q=NORELEM+05526-91420141
SEW EURODRIVE,8279799,MDX61B0055-5A3-4-0T Umrichter,1.0,0,0,https://www.google.com/search?tbm=isch&q=SEW+EURODRIVE+8279799
SEW EURODRIVE,281225673/60M,281225673/60m Cable,1.0,0,0,https://www.google.com/search?tbm=isch&q=SEW+EURODRIVE+281225673/60M
SEW EURODRIVE,PFH-E20AC0-B53-I100-00/000/000/PFA-MD07*,PFH-E20AC0-B53-I100-00/000/000  PFA-MD07,1.0,0,0,https://www.google.com/search?tbm=isch&q=SEW+EURODRIVE+PFH-E20AC0-B53-I100-00/000/000/PFA-MD07*
SEW EURODRIVE,8289956,MC07B0005-5A3-4-S0 Variator,1.0,0,0,https://www.google.com/search?tbm=isch&q=SEW+EURODRIVE+8289956
TÜNKERS,12050000001,DIN 25201-S8-DX Washer,0.0,0,0,https://www.google.com/search?tbm=isch&q=TÜNKERS+12050000001
FESTO,8035783,NEDY-L2R1-V1-C1W4L-U-0.3L-N-M12G4-2.5R,0.0,0,0,https://www.google.com/search?tbm=isch&q=FESTO+8035783
TÜNKERS,HKC_50_FA,HKC_50_FA Clamp,0.0,0,0,https://www.google.com/search?tbm=isch&q=TÜNKERS+HKC_50_FA
FESTO,8155090,VABV-S4-1QS-G14-CB1-2-CS  Module base,0.0,0,0,https://www.google.com/search?tbm=isch&q=FESTO+8155090
